"date","plot","treatment","collar","n_meas","soil_temp_c","vwc","air_temp_c"
2025-05-06,1,"slurry","A",1,21.5,0.326,20.8224
2025-05-06,1,"slurry","B",1,20.6,0.231,21.0614
2025-05-06,1,"slurry","C",1,20.4,0.32,20.2575
2025-05-06,2,"control","A",1,20.4,0.011,21.5375
2025-05-06,2,"control","B",1,21,0.336,21.05735
2025-05-06,2,"control","C",1,20.9,0.361,19.4943
2025-05-06,3,"compost","A",1,20.5,NA,20.22295
2025-05-06,3,"compost","B",1,19.9,0.396,19.45995
2025-05-06,3,"compost","C",3,18.9,0.4,18.2489
2025-05-06,4,"compost","A",1,18.7,0.355,18.7917
2025-05-06,4,"compost","B",1,18.9,0.407,19.05315
2025-05-06,4,"compost","C",1,19.5,0.362,21.3231
2025-05-06,5,"control","A",1,20.2,0.335,21.3123
2025-05-06,5,"control","B",1,20.6,0.332,20.69445
2025-05-06,5,"control","C",1,20.8,0.366,20.8146
2025-05-06,6,"slurry","A",2,20.8,0.353,20.93355
2025-05-06,6,"slurry","B",1,20.9,0.368,20.9721
2025-05-06,6,"slurry","C",1,20.8,0.37,20.97265
2025-05-06,7,"control","A",1,20.7,0.278,20.58485
2025-05-06,7,"control","B",2,20.4,0.3285,19.962425
2025-05-06,7,"control","C",1,20,0.318,19.762
2025-05-06,8,"compost","A",1,20.1,0.343,19.76005
2025-05-06,8,"compost","C",1,20.6,0.364,19.99835
2025-05-06,9,"compost","A",1,20.5,0.374,20.28385
2025-05-06,9,"compost","B",1,20.5,0.378,20.6281
2025-05-06,9,"compost","C",1,20.5,0.34,20.47945
2025-05-06,10,"control","A",1,20.1,0.353,19.9982
2025-05-06,10,"control","B",1,20,0.268,20.447
2025-05-06,10,"control","C",1,20.4,0.303,21.0418
2025-05-06,11,"slurry","A",1,20.8,0.352,21.75745
2025-05-06,11,"slurry","B",2,21.1,0.3345,21.586825
2025-05-06,12,"slurry","A",1,21.1,0.301,21.5805
2025-05-06,12,"slurry","B",1,21.2,0.3695,21.41245
2025-05-06,12,"slurry","C",1,21.3,0.331,21.90765
2025-05-06,13,"slurry","A",1,21.6,0.011,21.98255
2025-05-06,13,"slurry","B",1,21.6,0.011,21.28105
2025-05-06,13,"slurry","C",1,21.4,NA,21.23235
2025-05-06,14,"compost","A",1,21.4,0.329,21.7438
2025-05-06,14,"compost","B",1,21.7,0.3735,23.35075
2025-05-06,14,"compost","C",1,22.2,0.352,23.27495
2025-05-06,15,"control","A",1,22.5,0.391,22.9815
2025-05-06,15,"control","B",1,22.2,0.385,22.1816
2025-05-06,15,"control","C",1,22.6,0.035,22.85225
2025-05-27,1,"slurry","A",1,24.4,0.187,24.4594
2025-05-27,1,"slurry","B",1,24.2,0.186,24.38805
2025-05-27,1,"slurry","C",1,24.4,0.136,24.62075
2025-05-27,2,"control","A",1,24.3,0.187,24.80055
2025-05-27,2,"control","B",1,24.5,0.197,24.7343
2025-05-27,2,"control","C",1,24.5,0.171,24.92735
2025-05-27,3,"compost","A",1,24.2,0.198,23.2754
2025-05-27,3,"compost","B",1,23.7,0.263,22.69195
2025-05-27,3,"compost","C",1,24.5,0.232,24.1281
2025-05-27,4,"compost","A",2,NA,NA,25.41795
2025-05-27,4,"compost","B",1,26.5,0.207,25.92465
2025-05-27,4,"compost","C",1,NA,NA,24.9193
2025-05-27,5,"control","A",1,28.3,NA,26.2776
2025-05-27,5,"control","B",1,27.5,0.122,26.2809
2025-05-27,5,"control","C",1,27,0.129,26.3925
2025-05-27,6,"slurry","A",1,32.8,0.239,29.0635
2025-05-27,6,"slurry","B",1,30.9,0.064,27.9865
2025-05-27,6,"slurry","C",1,29.6,0.022,26.021
2025-05-27,7,"control","A",1,28.1,0.143,27.68235
2025-05-27,7,"control","B",1,27.8,NA,27.50745
2025-05-27,7,"control","C",1,28.15,0.1375,29.1144
2025-05-27,8,"compost","A",1,27.4,NA,28.7321
2025-05-27,8,"compost","B",1,27.3,0.016,27.4319
2025-05-27,8,"compost","C",1,27.1,0.016,27.3202
2025-05-27,9,"compost","A",1,26.8,0.094,28.1644
2025-05-27,9,"compost","B",1,27.5,NA,28.2676
2025-05-27,9,"compost","C",1,26.7,0.158,27.79355
2025-05-27,10,"control","A",1,27.5,0.012,27.9607
2025-05-27,10,"control","B",1,27.7,0.019,28.70195
2025-05-27,10,"control","C",1,27.4,0.014,28.58615
2025-05-27,11,"slurry","A",1,26.7,0.012,28.1398
2025-05-27,11,"slurry","B",1,26.3,0.178,27.4375
2025-05-27,11,"slurry","C",1,26.7,NA,27.9148
2025-05-27,12,"slurry","A",1,26.7,0.1585,28.0538
2025-05-27,12,"slurry","B",1,26.9,NA,27.02135
2025-05-27,12,"slurry","C",1,26.95,NA,28.0513
2025-05-27,13,"slurry","A",2,25.15,0.014,25.497175
2025-05-27,13,"slurry","B",2,25.2,0.016,25.4842
2025-05-27,13,"slurry","C",1,24.9,0.258,25.1369
2025-05-27,14,"compost","A",1,25.2,0.158,25.6995
2025-05-27,14,"compost","B",1,25.5,0.011,25.94125
2025-05-27,14,"compost","C",1,25.5,0.165,27.7287
2025-05-27,15,"control","A",1,25.6,NA,27.32735
2025-05-27,15,"control","B",1,26.2,NA,28.71055
2025-05-27,15,"control","C",1,25.75,0.0865,27.8121
2025-05-29,1,"slurry","A",1,19.9,0.17,19.3836
2025-05-29,1,"slurry","B",1,20,0.321,19.3168
2025-05-29,1,"slurry","C",1,20,0.145,19.5197
2025-05-29,2,"control","A",1,20,0.119,19.11055
2025-05-29,2,"control","B",1,19.95,0.133,19.2554
2025-05-29,2,"control","C",1,20,0.178,19.34135
2025-05-29,3,"compost","A",1,25.2,0.216,23.32455
2025-05-29,3,"compost","B",1,24.3,0.232,22.36985
2025-05-29,3,"compost","C",1,24.9,0.211,22.967
2025-05-29,4,"compost","A",1,19.9,0.151,19.6219
2025-05-29,4,"compost","B",1,19.5,0.13,19.08435
2025-05-29,4,"compost","C",1,19.9,0.082,19.772
2025-05-29,5,"control","A",1,20,0.128,19.02615
2025-05-29,5,"control","B",1,20,0.164,19.45615
2025-05-29,5,"control","C",1,20,0.143,19.1997
2025-05-29,6,"slurry","A",1,26.2,0.1965,24.31835
2025-05-29,6,"slurry","B",1,25.8,0.171,23.5662
2025-05-29,6,"slurry","C",1,26.5,0.137,24.45255
2025-05-29,7,"control","A",1,19.5,0.131,19.0258
2025-05-29,7,"control","B",1,19.7,0.164,19.02285
2025-05-29,7,"control","C",1,19.5,0.149,18.88855
2025-05-29,8,"compost","A",1,20.1,0.198,19.59695
2025-05-29,8,"compost","B",1,20.2,0.208,19.63865
2025-05-29,8,"compost","C",1,20.3,0.121,21.1649
2025-05-29,9,"compost","A",1,26.6,0.119,24.8497
2025-05-29,9,"compost","B",1,26,0.193,25.87495
2025-05-29,9,"compost","C",1,26.3,0.157,25.6166
2025-05-29,10,"control","B",1,19.8,0.154,19.26975
2025-05-29,10,"control","C",2,19.85,0.1535,19.0661
2025-05-29,11,"slurry","A",1,21.5,0.225,22.5658
2025-05-29,11,"slurry","B",1,20.7,0.25,21.6851
2025-05-29,11,"slurry","C",1,20.5,0.256,20.73585
2025-05-29,12,"slurry","A",1,26.3,0.161,24.5918
2025-05-29,12,"slurry","B",1,26,0.186,24.66615
2025-05-29,12,"slurry","C",1,26.7,0.1655,25.4121
2025-05-29,13,"slurry","A",1,19.5,0.1805,18.79435
2025-05-29,13,"slurry","B",1,19.8,0.202,19.4086
2025-05-29,13,"slurry","C",1,19.8,0.172,19.23485
2025-05-29,14,"compost","A",1,22.1,0.175,22.77675
2025-05-29,14,"compost","B",1,23.3,0.168,24.3531
2025-05-29,14,"compost","C",1,23.8,0.166,24.6008
2025-05-29,15,"control","A",1,27.4,0.057,24.1156
2025-05-29,15,"control","B",1,28,0.119,24.49525
2025-05-29,15,"control","C",1,26.9,NA,25.0285
2025-05-30,1,"slurry","A",1,32.6,0.23,30.9203
2025-05-30,1,"slurry","B",1,32.5,0.144,30.78055
2025-05-30,1,"slurry","C",1,32.6,0.051,30.5654
2025-05-30,2,"control","A",1,32,0.121,29.1886
2025-05-30,2,"control","B",1,32.7,0.051,29.1036
2025-05-30,2,"control","C",1,32.4,0.127,29.3381
2025-05-30,3,"compost","A",1,31.3,0.049,28.2638
2025-05-30,3,"compost","B",1,31.4,0.088,28.4711
2025-05-30,3,"compost","C",1,31.7,0.118,29.63705
2025-05-30,4,"compost","A",1,32.7,0.121,32.19755
2025-05-30,4,"compost","B",1,32.9,0.09,30.0677
2025-05-30,4,"compost","C",1,32.8,0.057,30.30405
2025-05-30,5,"control","A",1,32.6,0.1155,28.98425
2025-05-30,5,"control","B",1,32.1,0.145,28.93715
2025-05-30,5,"control","C",1,31.1,0.017,28.9771
2025-05-30,6,"slurry","A",1,30.7,0.021,30.06855
2025-05-30,6,"slurry","B",1,30.7,0.013,29.9747
2025-05-30,6,"slurry","C",1,31,0.055,30.73055
2025-05-30,7,"control","A",1,32.3,0.045,30.3674
2025-05-30,7,"control","B",1,32.3,0.1205,30.1936
2025-05-30,7,"control","C",1,32.1,0.048,29.98205
2025-05-30,8,"compost","A",1,31.95,0.039,30.6816
2025-05-30,8,"compost","B",1,32,0.071,29.5432
2025-05-30,8,"compost","C",1,32.2,NA,30.80215
2025-05-30,9,"compost","A",1,31.2,0.019,30.52075
2025-05-30,9,"compost","B",1,31.7,0.155,31.91985
2025-05-30,9,"compost","C",1,32.1,0.158,30.98025
2025-05-30,10,"control","A",1,33.7,0.067,30.8355
2025-05-30,10,"control","B",1,33.2,0.146,29.3642
2025-05-30,10,"control","C",1,32.7,0.186,30.07225
2025-05-30,11,"slurry","A",1,31.9,0.04,30.4877
2025-05-30,11,"slurry","B",1,32.1,0.174,30.7642
2025-05-30,11,"slurry","C",1,32.4,0.099,30.5493
2025-05-30,12,"slurry","A",1,32.3,NA,32.65595
2025-05-30,12,"slurry","B",1,32.7,0.039,32.3154
2025-05-30,12,"slurry","C",1,33,0.1105,32.4721
2025-05-30,13,"slurry","A",1,31.3,0.026,27.6388
2025-05-30,13,"slurry","B",2,29.8,0.0595,27.192225
2025-05-30,13,"slurry","C",1,29.6,0.089,27.15345
2025-05-30,14,"compost","A",1,32.7,0.047,30.93275
2025-05-30,14,"compost","B",1,32.3,0.058,29.6296
2025-05-30,14,"compost","C",1,32.7,0.05,31.62665
2025-05-30,15,"control","A",1,32.7,0.054,30.6421
2025-05-30,15,"control","B",1,32.6,0.073,31.74835
2025-05-30,15,"control","C",1,32.5,0.053,32.15995
2025-06-03,1,"slurry","A",1,30,0.031,30.75795
2025-06-03,1,"slurry","B",1,29.8,0.231,30.29245
2025-06-03,1,"slurry","C",1,29.9,0.021,30.32375
2025-06-03,2,"control","A",1,30.1,0.023,29.64945
2025-06-03,2,"control","B",1,30.8,0.176,28.2688
2025-06-03,2,"control","C",1,30.3,0.023,29.9529
2025-06-03,3,"compost","A",1,30.2,0.234,29.9064
2025-06-03,3,"compost","B",1,30.4,0.034,30.8062
2025-06-03,3,"compost","C",1,30.35,0.031,29.8175
2025-06-03,4,"compost","A",1,30,0.012,31.1483
2025-06-03,4,"compost","B",1,30.2,0.186,30.58865
2025-06-03,4,"compost","C",1,30.3,0.02,29.5252
2025-06-03,5,"control","A",1,29.8,0.023,27.1252
2025-06-03,5,"control","B",1,29.5,0.02,28.8629
2025-06-03,5,"control","C",1,29.2,0.2415,28.9243
2025-06-03,6,"slurry","A",1,29.7,0.225,30.2071
2025-06-03,6,"slurry","B",1,29.7,0.1845,29.01865
2025-06-03,6,"slurry","C",1,30,0.031,29.5422
2025-06-03,7,"control","A",1,29.8,0.026,29.0996
2025-06-03,7,"control","B",1,29.7,0.0295,29.87175
2025-06-03,7,"control","C",1,29.7,0.173,29.4734
2025-06-03,8,"compost","A",1,29.4,0.1055,29.9167
2025-06-03,8,"compost","B",1,29.6,0.149,28.4993
2025-06-03,8,"compost","C",1,30.1,0.02,29.9064
2025-06-03,9,"compost","A",1,28.6,0.037,29.1729
2025-06-03,9,"compost","B",1,29.1,0.251,30.143
2025-06-03,9,"compost","C",1,29.4,0.018,30.14665
2025-06-03,10,"control","A",1,30.4,0.021,29.1667
2025-06-03,10,"control","B",1,30,0.023,30.20845
2025-06-03,10,"control","C",1,30,0.03,29.87675
2025-06-03,11,"slurry","A",1,30.2,0.236,28.4706
2025-06-03,11,"slurry","B",1,30.2,0.178,29.1304
2025-06-03,11,"slurry","C",1,30.4,0.108,29.33435
2025-06-03,12,"slurry","A",1,28.6,0.2075,29.31395
2025-06-03,12,"slurry","B",1,28.65,0.218,28.6903
2025-06-03,12,"slurry","C",1,28.6,0.286,28.818
2025-06-03,13,"slurry","A",1,30.8,0.025,30.0149
2025-06-03,13,"slurry","B",1,30.8,0.022,30.96695
2025-06-03,13,"slurry","C",1,30.6,0.217,30.3685
2025-06-03,14,"compost","A",1,30.7,0.1705,28.83935
2025-06-03,14,"compost","B",1,31,0.021,30.17225
2025-06-03,14,"compost","C",1,31,0.025,30.36805
2025-06-03,15,"control","A",1,24.7,0.272,26.3688
2025-06-03,15,"control","B",2,27.6,0.304,26.67365
2025-06-03,15,"control","C",1,28.2,0.264,28.0508
2025-06-19,1,"slurry","A",1,31.9,0.041,34.059
2025-06-19,1,"slurry","B",1,32.1,0.045,33.50515
2025-06-19,1,"slurry","C",1,32.6,0.045,34.4845
2025-06-19,2,"control","A",1,32.3,0.04,32.41705
2025-06-19,2,"control","B",1,32,0.045,31.1186
2025-06-19,2,"control","C",1,31.8,0.039,33.0043
2025-06-19,3,"compost","A",1,34,0.143,33.03545
2025-06-19,3,"compost","B",1,33.2,0.095,33.1267
2025-06-19,3,"compost","C",1,32.7,0.062,32.72
2025-06-19,4,"compost","A",1,28.9,0.162,28.71425
2025-06-19,4,"compost","B",1,28.6,0.3045,28.3056
2025-06-19,4,"compost","C",1,28.6,0.2405,27.873
2025-06-19,5,"control","A",1,30.5,0.1785,29.27645
2025-06-19,5,"control","B",1,29.9,0.188,29.14475
2025-06-19,5,"control","C",1,29.3,0.187,28.5247
2025-06-19,6,"slurry","A",1,32.7,0.062,32.50675
2025-06-19,6,"slurry","B",1,31.9,0.045,31.31845
2025-06-19,6,"slurry","C",1,NA,NA,30.37515
2025-06-19,7,"control","A",1,31.3,0.102,31.27035
2025-06-19,7,"control","B",1,31.4,0.1075,31.6794
2025-06-19,7,"control","C",1,30.8,0.191,30.7328
2025-06-19,8,"compost","A",1,30.8,0.047,32.5622
2025-06-19,8,"compost","B",1,31.4,0.08,32.17105
2025-06-19,8,"compost","C",1,32.1,0.117,32.67935
2025-06-19,9,"compost","A",1,32.8,0.282,32.08035
2025-06-19,9,"compost","B",1,33,0.308,32.66125
2025-06-19,9,"compost","C",1,32.6,0.338,32.8665
2025-06-19,10,"control","A",1,32.6,0.15,32.8999
2025-06-19,10,"control","B",1,32.4,0.07,32.8167
2025-06-19,10,"control","C",1,32.3,0.051,33.5486
2025-06-19,11,"slurry","A",1,31.8,0.032,32.6479
2025-06-19,11,"slurry","B",1,32.25,0.147,33.0291
2025-06-19,11,"slurry","C",1,32.2,0.052,32.6416
2025-06-19,12,"slurry","A",1,31.9,0.044,32.8144
2025-06-19,12,"slurry","B",1,31.5,0.04,32.2258
2025-06-19,12,"slurry","C",1,32.3,0.074,33.23685
2025-06-19,13,"slurry","A",1,33.1,0.1,34.06255
2025-06-19,13,"slurry","B",1,33.5,0.077,34.2434
2025-06-19,13,"slurry","C",1,33.2,0.076,35.15885
2025-06-19,14,"compost","A",1,33.4,0.093,34.13985
2025-06-19,14,"compost","B",1,33.8,0.204,33.77625
2025-06-19,14,"compost","C",1,34,0.2,34.62055
2025-06-19,15,"control","A",1,33.8,0.127,34.2016
2025-06-19,15,"control","B",1,33.8,0.125,33.57285
2025-06-19,15,"control","C",1,34,0.136,34.5187
2025-07-09,1,"slurry","A",1,32.05,0.027,34.40925
2025-07-09,1,"slurry","B",1,32,0.019,33.59005
2025-07-09,1,"slurry","C",1,32,NA,32.12875
2025-07-09,2,"control","A",1,32.3,0.024,33.07575
2025-07-09,2,"control","B",1,32,0.02,32.14905
2025-07-09,2,"control","C",1,31.9,0.018,31.64745
2025-07-09,3,"compost","A",1,33.5,0.0905,34.08615
2025-07-09,3,"compost","B",1,33.4,0.1375,34.4246
2025-07-09,3,"compost","C",1,32.7,0.128,33.54305
2025-07-09,4,"compost","A",1,32,NA,32.27895
2025-07-09,4,"compost","B",1,31.8,0.011,31.71705
2025-07-09,4,"compost","C",1,31.7,NA,32.0057
2025-07-09,5,"control","A",1,33.4,0.156,33.4634
2025-07-09,5,"control","B",1,33.1,0.22,33.3547
2025-07-09,5,"control","C",1,32.5,0.058,33.4519
2025-07-09,6,"slurry","A",1,32.2,0.091,35.07565
2025-07-09,6,"slurry","B",1,32.4,0.0455,36.63995
2025-07-09,6,"slurry","C",1,33.3,0.101,36.403
2025-07-09,7,"control","A",1,31.8,NA,33.0772
2025-07-09,7,"control","B",1,31.8,NA,32.35705
2025-07-09,7,"control","C",1,31.8,0.167,33.1301
2025-07-09,8,"compost","A",1,34.2,0.178,36.5661
2025-07-09,8,"compost","B",1,34,0.181,35.0574
2025-07-09,8,"compost","C",1,33.6,0.1215,34.0564
2025-07-09,9,"compost","A",1,33.45,0.1285,33.60525
2025-07-09,9,"compost","B",1,33.4,0.143,33.4439
2025-07-09,9,"compost","C",1,33.3,0.193,34.6884
2025-07-09,10,"control","A",1,31.8,0.127,32.96215
2025-07-09,10,"control","B",1,31.8,0.14,32.8453
2025-07-09,10,"control","C",1,31.8,0.15,32.5191
2025-07-09,11,"slurry","A",1,34.2,0.212,34.7128
2025-07-09,11,"slurry","B",1,34.2,0.25,35.00135
2025-07-09,11,"slurry","C",1,34.2,0.243,35.45255
2025-07-09,12,"slurry","A",1,33.4,0.148,34.15835
2025-07-09,12,"slurry","B",1,33.7,0.203,34.8528
2025-07-09,12,"slurry","C",1,33.3,0.169,34.7951
2025-07-09,13,"slurry","A",1,31.8,0.0525,33.3831
2025-07-09,13,"slurry","B",1,31.8,0.1405,32.7761
2025-07-09,13,"slurry","C",1,31.6,0.113,32.4211
2025-07-09,14,"compost","A",1,33.8,0.1175,36.12355
2025-07-09,14,"compost","B",1,34.2,0.197,35.25225
2025-07-09,14,"compost","C",1,34.3,0.183,36.04825
2025-07-09,15,"control","A",1,33.5,0.093,34.4759
2025-07-09,15,"control","B",1,33.2,0.154,34.85065
2025-07-09,15,"control","C",1,33.5,0.149,35.60935
2025-07-23,1,"slurry","A",1,34.4,NA,34.05865
2025-07-23,1,"slurry","B",1,34.6,NA,35.09765
2025-07-23,1,"slurry","C",1,34.7,0.017,35.25245
2025-07-23,2,"control","A",1,34.9,NA,33.6773
2025-07-23,2,"control","B",1,34.6,NA,31.99725
2025-07-23,2,"control","C",1,34.5,NA,32.84675
2025-07-23,3,"compost","A",1,34.8,0.045,34.76555
2025-07-23,3,"compost","B",1,33.95,NA,35.04215
2025-07-23,3,"compost","C",1,34.3,NA,34.3477
2025-07-23,4,"compost","A",1,34,NA,33.7768
2025-07-23,4,"compost","B",1,34.1,NA,36.19435
2025-07-23,4,"compost","C",1,34.4,0.013,34.04495
2025-07-23,5,"control","A",1,34.1,NA,32.03205
2025-07-23,5,"control","B",1,34.1,NA,32.9933
2025-07-23,5,"control","C",1,34.4,NA,33.08165
2025-07-23,6,"slurry","A",1,36.5,0.023,34.2845
2025-07-23,6,"slurry","B",1,36.1,NA,35.79425
2025-07-23,6,"slurry","C",1,35.5,NA,33.95775
2025-07-23,7,"control","A",1,33.2,NA,33.8458
2025-07-23,7,"control","B",1,34.2,NA,34.00035
2025-07-23,7,"control","C",1,34.2,NA,32.95755
2025-07-23,8,"compost","A",1,34.9,0.032,34.65045
2025-07-23,8,"compost","B",2,34.575,NA,32.9486
2025-07-23,8,"compost","C",1,34.6,0.013,32.94895
2025-07-23,9,"compost","A",1,33.9,NA,33.4659
2025-07-23,9,"compost","B",1,34,NA,32.8239
2025-07-23,9,"compost","C",1,34.1,0.058,35.2616
2025-07-23,10,"control","A",1,30.1,0.062,31.2016
2025-07-23,10,"control","B",1,31.6,NA,31.15805
2025-07-23,10,"control","C",1,32.4,0.047,33.03645
2025-07-23,11,"slurry","A",1,33.9,0.016,31.8068
2025-07-23,11,"slurry","B",1,33.9,NA,32.9182
2025-07-23,11,"slurry","C",1,33.4,NA,32.71855
2025-07-23,12,"slurry","A",1,34.8,NA,33.62815
2025-07-23,12,"slurry","B",1,34.1,NA,34.3695
2025-07-23,12,"slurry","C",1,33.9,NA,34.5413
2025-07-23,13,"slurry","A",1,28.3,0.067,29.42085
2025-07-23,13,"slurry","B",1,28.5,0.079,28.7165
2025-07-23,13,"slurry","C",1,29.4,0.039,31.69565
2025-07-23,14,"compost","A",1,34.05,0.015,34.9912
2025-07-23,14,"compost","B",1,33.8,NA,33.60825
2025-07-23,14,"compost","C",1,34,NA,34.21595
2025-07-23,15,"control","A",1,33.9,NA,35.37275
2025-07-23,15,"control","B",1,34.2,NA,35.47765
2025-07-23,15,"control","C",1,34.7,NA,34.485
2025-08-22,1,"slurry","A",2,31.65,0.1,31.18675
2025-08-22,1,"slurry","B",1,30.9,0.184,30.827
2025-08-22,1,"slurry","C",1,30.4,0.146,31.218
2025-08-22,2,"control","A",1,29.6,0.174,31.1907
2025-08-22,2,"control","B",1,30.1,0.162,31.0684
2025-08-22,2,"control","C",1,29.9,0.125,30.2813
2025-08-22,3,"compost","A",1,29.5,0.187,30.8185
2025-08-22,3,"compost","B",1,29,0.206,31.526
2025-08-22,3,"compost","C",1,29.2,0.196,31.03905
2025-08-22,4,"compost","A",1,28.85,0.159,31.8357
2025-08-22,4,"compost","B",1,28.5,0.166,30.96875
2025-08-22,4,"compost","C",1,28.3,0.157,30.55325
2025-08-22,5,"control","A",1,28.1,0.185,31.42485
2025-08-22,5,"control","B",1,28.1,0.164,31.17845
2025-08-22,5,"control","C",1,28.4,0.166,31.1553
2025-08-22,6,"slurry","A",1,28.8,0.205,31.3755
2025-08-22,6,"slurry","B",1,28.4,0.185,31.5197
2025-08-22,6,"slurry","C",1,28,0.275,31.16985
2025-08-22,7,"control","A",1,28.35,0.157,30.74995
2025-08-22,7,"control","B",1,28.3,0.167,31.8166
2025-08-22,7,"control","C",1,28,0.133,30.3676
2025-08-22,8,"compost","A",1,28.1,0.139,31.47725
2025-08-22,8,"compost","B",1,28.2,0.154,30.70695
2025-08-22,8,"compost","C",1,28.1,0.18,30.85025
2025-08-22,9,"compost","A",1,28.2,0.174,30.61145
2025-08-22,9,"compost","B",1,28.4,0.175,31.2958
2025-08-22,9,"compost","C",1,28.6,0.197,31.27535
2025-08-22,10,"control","A",1,26.8,0.183,29.9499
2025-08-22,10,"control","B",1,26.6,0.173,28.3668
2025-08-22,10,"control","C",1,26.5,0.217,28.8976
2025-08-22,11,"slurry","A",1,27.5,0.177,30.5084
2025-08-22,11,"slurry","B",1,27.4,0.177,30.48305
2025-08-22,11,"slurry","C",1,27.1,0.196,29.4727
2025-08-22,12,"slurry","A",1,28.5,0.187,30.4386
2025-08-22,12,"slurry","B",1,28.1,0.199,29.78275
2025-08-22,12,"slurry","C",1,27.7,0.286,30.2864
2025-08-22,13,"slurry","A",1,26.6,0.141,29.88505
2025-08-22,13,"slurry","B",1,26.7,0.19,29.29005
2025-08-22,13,"slurry","C",1,26.7,0.162,28.44685
2025-08-22,14,"compost","A",1,26.8,0.183,28.29785
2025-08-22,14,"compost","B",1,26.8,0.163,28.5123
2025-08-22,14,"compost","C",1,26.8,0.17,28.192
2025-08-22,15,"control","A",1,26.7,0.165,28.91185
2025-08-22,15,"control","B",1,26.5,0.156,28.9526
2025-08-22,15,"control","C",1,26.45,0.196,28.82375
2025-09-10,1,"slurry","A",1,25.15,0.117,25.56005
2025-09-10,1,"slurry","B",1,24.7,0.16,24.9279
2025-09-10,1,"slurry","C",1,24.5,0.095,25.73855
2025-09-10,2,"control","A",1,24.8,0.117,26.6365
2025-09-10,2,"control","B",1,25.1,0.17,27.24125
2025-09-10,2,"control","C",1,25.1,0.149,27.14565
2025-09-10,3,"compost","A",1,25.3,0.171,25.78235
2025-09-10,3,"compost","B",1,25.6,0.154,27.91335
2025-09-10,3,"compost","C",1,25.7,0.1765,28.2968
2025-09-10,4,"compost","A",1,27.4,0.075,27.75795
2025-09-10,4,"compost","B",1,27.5,0.147,28.3475
2025-09-10,4,"compost","C",1,27.45,0.115,27.42235
2025-09-10,5,"control","A",1,27,0.119,29.39175
2025-09-10,5,"control","B",1,27,0.163,28.1051
2025-09-10,5,"control","C",1,27,0.12,27.59365
2025-09-10,6,"slurry","A",1,26.2,0.175,27.29385
2025-09-10,6,"slurry","B",1,26.3,0.151,28.41835
2025-09-10,6,"slurry","C",1,26.5,0.129,27.9863
2025-09-10,7,"control","A",1,27.5,0.101,28.5403
2025-09-10,7,"control","B",1,27.6,0.144,27.65105
2025-09-10,7,"control","C",1,27.7,0.118,28.75725
2025-09-10,8,"compost","A",2,22.55,0.1265,23.82685
2025-09-10,8,"compost","B",2,22.45,0.107,24.9506
2025-09-10,8,"compost","C",1,22.4,0.119,24.49965
2025-09-10,9,"compost","A",1,23,0.129,26.84595
2025-09-10,9,"compost","B",1,23.5,0.143,26.8317
2025-09-10,9,"compost","C",1,23.8,0.128,26.0442
2025-09-10,10,"control","A",1,25,0.114,27.8024
2025-09-10,10,"control","B",1,25.4,0.129,28.2664
2025-09-10,10,"control","C",1,25.4,0.131,28.2839
2025-09-10,11,"slurry","A",1,23.1,0.13,27.3577
2025-09-10,11,"slurry","B",1,24.3,0.119,26.87595
2025-09-10,11,"slurry","C",1,24.4,0.177,27.6397
2025-09-10,12,"slurry","A",1,23.9,0.112,25.2972
2025-09-10,12,"slurry","B",1,23.4,0.206,26.224
2025-09-10,12,"slurry","C",1,23,0.193,26.1135
2025-09-10,13,"slurry","A",1,25.9,0.113,27.51815
2025-09-10,13,"slurry","B",1,26.1,0.169,27.9334
2025-09-10,13,"slurry","C",2,25.95,0.112,27.9477
2025-09-10,14,"compost","A",1,26.8,0.139,27.7511
2025-09-10,14,"compost","B",1,26.9,0.121,29.3968
2025-09-10,14,"compost","C",1,26.2,0.164,27.7063
2025-09-10,15,"control","A",1,26.1,0.155,28.20925
2025-09-10,15,"control","B",1,26.1,0.126,28.8217
2025-09-10,15,"control","C",1,26.2,0.111,29.9527
2025-09-30,1,"slurry","A",1,19.8,0.233,19.07695
2025-09-30,1,"slurry","B",1,19.6,0.251,19.71255
2025-09-30,1,"slurry","C",1,19.6,0.222,20.0716
2025-09-30,2,"control","A",1,19.7,0.214,20.8358
2025-09-30,2,"control","B",1,19.9,0.222,20.85455
2025-09-30,2,"control","C",1,20.1,0.208,20.3925
2025-09-30,3,"compost","A",1,20.2,0.26,20.93015
2025-09-30,3,"compost","B",1,20.2,0.217,21.3081
2025-09-30,3,"compost","C",1,20.1,0.243,21.8141
2025-09-30,4,"compost","A",1,22.2,0.1705,22.74665
2025-09-30,4,"compost","B",1,22.5,0.204,22.8894
2025-09-30,4,"compost","C",1,22.5,0.143,22.84795
2025-09-30,5,"control","A",1,21.2,0.224,22.1889
2025-09-30,5,"control","B",1,21.25,0.207,22.5508
2025-09-30,5,"control","C",1,21.6,0.202,22.89005
2025-09-30,6,"slurry","A",1,20.5,0.222,22.04025
2025-09-30,6,"slurry","B",1,20.7,0.215,22.0054
2025-09-30,6,"slurry","C",1,20.9,0.235,22.5432
2025-09-30,7,"control","A",1,22.6,0.207,22.89695
2025-09-30,7,"control","B",1,22.8,0.258,24.1513
2025-09-30,7,"control","C",1,23.3,0.138,24.5825
2025-09-30,8,"compost","A",1,23.8,0.207,24.6223
2025-09-30,8,"compost","B",1,23.8,0.188,24.80245
2025-09-30,8,"compost","C",1,23.4,0.195,24.53125
2025-09-30,9,"compost","A",1,23.3,0.084,25.7648
2025-09-30,9,"compost","B",1,23.3,0.266,24.1627
2025-09-30,9,"compost","C",1,23.4,0.244,24.32415
2025-09-30,10,"control","A",1,25.9,0.179,25.23345
2025-09-30,10,"control","B",1,25.7,0.239,25.9775
2025-09-30,10,"control","C",1,25.8,0.229,26.47195
2025-09-30,11,"slurry","A",1,25.6,0.222,27.7729
2025-09-30,11,"slurry","B",1,25.5,0.197,25.9199
2025-09-30,11,"slurry","C",1,25.1,0.208,24.1836
2025-09-30,12,"slurry","A",1,24.5,0.239,25.5439
2025-09-30,12,"slurry","B",1,24.5,0.186,25.53315
2025-09-30,12,"slurry","C",1,24.3,0.285,26.7103
2025-09-30,13,"slurry","A",1,NA,NA,NA
2025-09-30,13,"slurry","B",1,NA,NA,NA
2025-09-30,13,"slurry","C",1,NA,NA,NA
2025-09-30,14,"compost","A",1,24.9,0.204,26.50215
2025-09-30,14,"compost","B",1,24.9,0.208,25.09535
2025-09-30,14,"compost","C",1,24.6,0.205,25.60965
2025-09-30,15,"control","A",1,24.2,0.174,26.2809
2025-09-30,15,"control","B",1,24.6,0.166,27.22185
2025-09-30,15,"control","C",1,24.8,0.235,26.8569
2025-10-14,1,"slurry","A",1,15.5,0.352,12.9493
2025-10-14,1,"slurry","B",1,14.5,0.293,12.44315
2025-10-14,1,"slurry","C",1,14,0.308,12.75285
2025-10-14,2,"control","A",1,13.7,0.302,12.714
2025-10-14,2,"control","B",1,13.7,0.289,12.5267
2025-10-14,2,"control","C",1,13.6,0.291,12.7114
2025-10-14,3,"compost","A",1,13.6,0.369,13.33035
2025-10-14,3,"compost","B",1,13.7,0.372,13.0412
2025-10-14,3,"compost","C",1,13.65,0.288,12.9172
2025-10-14,4,"compost","A",1,18.7,0.251,14.1692
2025-10-14,4,"compost","B",1,17.3,0.267,13.20665
2025-10-14,4,"compost","C",1,15.7,0.23,12.94535
2025-10-14,5,"control","A",1,13.6,0.238,13.09975
2025-10-14,5,"control","B",1,13.7,0.307,13.1944
2025-10-14,5,"control","C",1,13.7,0.338,13.43275
2025-10-14,6,"slurry","A",1,13.7,0.261,13.1705
2025-10-14,6,"slurry","B",1,13.8,0.354,12.721
2025-10-14,6,"slurry","C",1,13.7,0.332,12.7432
2025-10-14,7,"control","A",1,15.1,0.233,12.9704
2025-10-14,7,"control","B",1,14.4,0.28,12.75775
2025-10-14,7,"control","C",1,14.1,0.293,12.76785
2025-10-14,8,"compost","A",1,13.8,0.242,12.54985
2025-10-14,8,"compost","B",1,13.6,0.256,12.50395
2025-10-14,8,"compost","C",1,13.4,0.264,12.2993
2025-10-14,9,"compost","A",1,13.3,0.319,12.48435
2025-10-14,9,"compost","B",1,13.3,0.338,12.28385
2025-10-14,9,"compost","C",1,13.2,0.305,12.11035
2025-10-14,10,"control","A",1,13.1,0.247,12.3624
2025-10-14,10,"control","B",1,13.1,0.285,12.3245
2025-10-14,10,"control","C",1,13.1,0.317,12.5263
2025-10-14,11,"slurry","A",1,13.1,0.309,12.9004
2025-10-14,11,"slurry","B",1,13.2,0.291,12.4039
2025-10-14,11,"slurry","C",1,13.1,0.323,12.38365
2025-10-14,12,"slurry","A",1,13.1,0.282,12.29185
2025-10-14,12,"slurry","B",1,13,0.33,12.11195
2025-10-14,12,"slurry","C",1,13,0.344,12.1379
2025-10-14,13,"slurry","A",1,13.1,0.283,12.41065
2025-10-14,13,"slurry","B",1,13.1,0.318,12.2543
2025-10-14,13,"slurry","C",1,13.1,0.279,12.26665
2025-10-14,14,"compost","A",1,13,0.343,12.45145
2025-10-14,14,"compost","B",1,13.1,0.273,12.3521
2025-10-14,14,"compost","C",1,13.1,0.294,12.4993
2025-10-14,15,"control","A",1,12.9,0.289,12.0561
2025-10-14,15,"control","B",1,12.85,0.275,12.15095
2025-10-14,15,"control","C",1,12.9,0.311,12.0971
