"round","plot","treatment","extraction","lab_no","sample_id","x_tube","include","blank_batch","incubation_days","fresh_mass_g","gwc","dry_mass_g","water_added_g","gwc_at_extraction","extract_vol_ml","no3_mgL","nh4_mgL","blank_no3_mgL","blank_nh4_mgL","no3_ug_g","nh4_ug_g","tin_ug_g","flag"
1,1,"slurry","incubated","2","2_N min 1 D28_P1 T0_B",FALSE,TRUE,"R1",29,6.847,0.2296795623,5.56811726397512,NA,0.257,25,5.564339,0.1266606,-0.2603512,-0.143272,26.1519734762272,1.21195633641924,27.3639298126464,NA
1,1,"slurry","incubated","4","4_N min 1 D28_P1 T1_B",FALSE,TRUE,"R1",29,6.3846,0.2296795623,5.19208434110933,NA,0.257,25,4.5106262,0.0632427000000001,-0.2603512,-0.143272,22.9723608408326,0.994372810765419,23.966733651598,NA
1,2,"control","incubated","6","6_N min 1 D28_P2 T0_B",FALSE,TRUE,"R1",29,6.6572,0.2013641791,5.54136715228785,NA,0.257,25,5.7903669,0.1103996,-0.2603512,-0.143272,27.2979480230878,1.14444501252397,28.4423930356118,NA
1,2,"control","incubated","8","8_N min 1 D28_P2 T1_B",FALSE,TRUE,"R1",29,6.0017,0.2013641791,4.99573743283753,NA,0.257,25,4.5252611,0.0908864,-0.2603512,-0.143272,23.9484778990968,1.1717909675399,25.1202688666367,NA
1,3,"compost","incubated","10","10_N min 1 D28_P3 T0_B",FALSE,TRUE,"R1",29,6.1144,0.2017555975,5.08788976121245,NA,0.257,25,2.5739411,0.100643,-0.2603512,-0.143272,13.9266593470993,1.19850768907911,15.1251670361784,NA
1,3,"compost","incubated","12","12_N min 1 D28_P3 T1_B",FALSE,TRUE,"R1",29,6.0756,0.2017555975,5.05560366237445,NA,0.257,25,1.86902675,0.0258424000000002,-0.2603512,-0.143272,10.5297907638981,0.836272042340896,11.366062806239,NA
1,4,"compost","incubated","14","14_N min 1 D28_P4 T0_B",FALSE,TRUE,"R1",29,6.0982,0.2198236874,4.99924707397513,NA,0.257,25,8.7986519,0.1250345,-0.2603512,-0.143272,45.3018372864535,1.34173454537154,46.643571831825,NA
1,4,"compost","incubated","16","16_N min 1 D28_P4 T1_B",FALSE,TRUE,"R1",29,6.1869,0.2198236874,5.0719625007341,NA,0.257,25,8.4002574,0.1055213,-0.2603512,-0.143272,42.6886466468674,1.22631673619428,43.9149633830617,NA
1,5,"control","incubated","18","18_N min 1 D28_P5 T0_B",FALSE,TRUE,"R1",29,6.5079,0.2042227255,5.40423284014831,NA,0.257,25,7.9351928,0.0681210000000003,-0.2603512,-0.143272,37.9126151778422,0.977904756571328,38.8905199344135,NA
1,5,"control","incubated","20","20_N min 1 D28_P5 T1_B",FALSE,TRUE,"R1",29,6.5393,0.2042227255,5.43030775082313,NA,0.257,25,5.7968713,0.1217823,-0.2603512,-0.143272,27.8861842548511,1.22025450564852,29.1064387604997,NA
1,6,"slurry","incubated","22","22_N min 1 D28_P6 T0_B",FALSE,TRUE,"R1",29,6.1284,0.2140561075,5.04787213880887,NA,0.257,25,2.3966962,0.0843820000000002,-0.2603512,-0.143272,13.1592447616303,1.12747507137591,14.2867198330062,NA
1,6,"slurry","incubated","24","24_N min 1 D28_P6 T1_B",FALSE,TRUE,"R1",29,5.662,0.2140561075,4.6637053798603,NA,0.257,25,3.1772242,0.0551122000000001,-0.2603512,-0.143272,18.4272757389692,1.06344732268413,19.4907230616534,NA
1,7,"control","incubated","26","26_N min 1 D28_P7 T0_B",FALSE,TRUE,"R1",29,6.412,0.2140755272,5.28138477083702,NA,0.257,25,5.808254,0.1412955,-0.2603512,-0.143272,28.7263921458151,1.34703071423302,30.0734228600481,NA
1,7,"control","incubated","28","28_N min 1 D28_P7 T1_B",FALSE,TRUE,"R1",29,5.9226,0.2140755272,4.87827970114774,NA,0.257,25,5.7464622,0.0616166000000001,-0.2603512,-0.143272,30.7834614248684,1.05000436912112,31.8334657939895,NA
1,8,"compost","incubated","30","30_N min 1 D28_P8 T0_B",FALSE,TRUE,"R1",29,6.7246,0.2095281031,5.55968892559418,NA,0.257,25,4.5155045,0.0957647000000001,-0.2603512,-0.143272,21.4753728307272,1.07486544300882,22.550238273736,NA
1,8,"compost","incubated","32","32_N min 1 D28_P8 T1_B",FALSE,TRUE,"R1",29,6.1781,0.2095281031,5.10785982083892,NA,0.257,25,6.2554315,0.0884472500000002,-0.2603512,-0.143272,31.8909627933458,1.13413082057694,33.0250936139228,NA
1,9,"compost","incubated","34","34_N min 1 D28_P9 T0_B",FALSE,TRUE,"R1",29,6.421,0.1965127636,5.36642833686191,NA,0.257,25,3.57643175,0.1299128,-0.2603512,-0.143272,17.8740062717562,1.27265651776014,19.1466627895163,NA
1,9,"compost","incubated","36","36_N min 1 D28_P9 T1_B",FALSE,TRUE,"R1",29,6.5475,0.1965127636,5.47215224039922,NA,0.257,25,3.8276642,0.1640609,-0.2603512,-0.143272,18.6764513321625,1.40407689012678,20.0805282222893,NA
1,10,"control","incubated","38","38_N min 1 D28_P10 T0_B",FALSE,TRUE,"R1",29,6.7444,0.2017644584,5.6120814298164,NA,0.257,25,5.3627026,0.16650005,-0.2603512,-0.143272,25.048878345409,1.37993387067681,26.4288122160858,NA
1,10,"control","incubated","40","40_N min 1 D28_P10 T1_B",FALSE,TRUE,"R1",29,5.844,0.2017644584,4.86284975325411,NA,0.257,25,3.6325322,0.4486284,-0.2603512,-0.143272,20.0133851420917,3.04297084031803,23.0563559824097,NA
1,11,"slurry","incubated","42","42_N min 1 D28_P11 T0_B",FALSE,TRUE,"R1",29,6.447,0.2285641211,5.24758935189126,NA,0.257,25,4.1935367,0.6616475,-0.2603512,-0.143272,21.2187330283133,3.83471078824939,25.0534438165626,NA
1,11,"slurry","incubated","44","44_N min 1 D28_P11 T1_B",FALSE,TRUE,"R1",29,6.1211,0.2285641211,4.98232033222609,NA,0.257,25,4.3398857,0.2860184,-0.2603512,-0.143272,23.0828037603547,2.1540686435962,25.2368724039509,NA
1,12,"slurry","incubated","46","46_N min 1 D28_P12 T0_B",FALSE,TRUE,"R1",29,6.3846,0.2139747592,5.25925267524294,NA,0.257,25,1.8064219,0.360819,-0.2603512,-0.143272,9.82446189422022,2.39621021810249,12.2206721123227,NA
1,12,"slurry","incubated","48","48_N min 1 D28_P12 T1_B",FALSE,TRUE,"R1",29,5.9299,0.2139747592,4.884697935489,NA,0.257,25,2.0747284,0.2681313,-0.2603512,-0.143272,11.9509928292333,2.10557185640392,14.0565646856373,NA
1,13,"slurry","incubated","50","50_N min 1 D28_P13 T0_B",FALSE,TRUE,"R1",29,5.9991,0.2213222343,4.91197149410645,NA,0.257,25,1.51291085,0.28357925,-0.2603512,-0.143272,9.02520531790351,2.17250471889012,11.1977100367936,NA
1,13,"slurry","incubated","52","52_N min 1 D28_P13 T1_B",FALSE,TRUE,"R1",29,6.0419,0.2213222343,4.94701548069573,NA,0.257,25,1.57145045,0.3982193,-0.2603512,-0.143272,9.25710490066215,2.73645444466977,11.9935593453319,NA
1,14,"compost","incubated","54","54_N min 1 D28_P14 T0_B",FALSE,TRUE,"R1",29,6.0964,0.2095894903,5.0400570184253,NA,0.257,25,3.74717225,0.47871125,-0.2603512,-0.143272,19.878363654168,3.0851994715842,22.9635631257522,NA
1,14,"compost","incubated","56","56_N min 1 D28_P14 T1_B",FALSE,TRUE,"R1",29,6.5166,0.2095894903,5.38744760289193,NA,0.257,25,4.4976174,0.3624451,-0.2603512,-0.143272,22.0789553361316,2.34673790483148,24.4256932409631,NA
1,15,"control","incubated","58","58_N min 1 D28_P15 T0_B",FALSE,TRUE,"R1",29,6.7609,0.2054619016,5.60855551803529,NA,0.257,25,4.7106365,0.3900888,-0.2603512,-0.143272,22.1580569364737,2.37744281163343,24.5354997481072,NA
1,15,"control","incubated","60","60_N min 1 D28_P15 T1_B",FALSE,TRUE,"R1",29,6.3466,0.2054619016,5.26486983253159,NA,0.257,25,3.3024339,0.4274891,-0.2603512,-0.143272,16.9177264268984,2.71023367222335,19.6279600991218,NA
1,1,"slurry","initial","1","1_N min 1 D1_P1 T0_A",FALSE,TRUE,"R1",NA,6.536,0.2296795623,5.31520584742827,NA,0.2296795623,25,0.620667333333333,1.40682313333333,-0.2603512,-0.143272,4.14385895214015,7.29085184011893,11.4347107922591,NA
1,1,"slurry","initial","3","3_N min 1 D1_P1 T1_A",FALSE,TRUE,"R1",NA,5.8689,0.2296795623,4.77270679283534,NA,0.2296795623,25,0.581181333333333,1.36825193333333,-0.2603512,-0.143272,4.40804647059306,7.91754029182346,12.3255867624165,NA
1,2,"control","initial","5","5_N min 1 D1_P2 T0_A",FALSE,TRUE,"R1",NA,6.5757,0.2013641791,5.47352760669639,NA,0.2013641791,25,0.315747666666667,1.49521546666667,-0.2603512,-0.143272,2.63129606746597,7.48369052100019,10.1149865884662,NA
1,2,"control","initial","7","7_N min 1 D1_P2 T1_A",FALSE,TRUE,"R1",NA,6.1916,0.2013641791,5.15380773600094,NA,0.2013641791,25,0.317941333333334,1.46467993333333,-0.2603512,-0.143272,2.80517125859091,7.79982498231983,10.6049962409107,NA
1,3,"compost","initial","11","11_N min 1 D1_P3 T1_A",FALSE,TRUE,"R1",NA,6.1183,0.2017555975,5.09113501341524,NA,0.2017555975,25,-0.1530286,0.87385355,-0.2603512,-0.143272,0.527007237665093,4.99459132059872,5.52159855826381,NA
1,3,"compost","initial","9","9_N min 1 D1_P3 T0_A",FALSE,TRUE,"R1",NA,6.306,0.2017555975,5.24732317712379,NA,0.2017555975,25,0.1103996,0.7543352,-0.2603512,-0.143272,1.76638062629878,4.27650046367072,6.0428810899695,NA
1,4,"compost","initial","13","13_N min 1 D1_P4 T0_A",FALSE,TRUE,"R1",NA,5.6801,0.2198236874,4.65649262157458,NA,0.2198236874,25,0.30797075,1.5381154,-0.2603512,-0.143272,3.05123403056002,9.02711298311605,12.0783470136761,NA
1,4,"compost","initial","15","15_N min 1 D1_P4 T1_A",FALSE,TRUE,"R1",NA,5.9844,0.2198236874,4.90595490300363,NA,0.2198236874,25,0.4616372,1.82512205,-0.2603512,-0.143272,3.67914307344106,10.030636690091,13.709779763532,NA
1,5,"control","initial","17","17_N min 1 D1_P5 T0_A",FALSE,TRUE,"R1",NA,5.9824,0.2042227255,4.96785177137068,NA,0.2042227255,25,0.2486181,1.24460435,-0.2603512,-0.143272,2.56131484705899,6.98428824908896,9.54560309614795,NA
1,5,"control","initial","19","19_N min 1 D1_P5 T1_A",FALSE,TRUE,"R1",NA,6.7684,0.2042227255,5.62055494940915,NA,0.2042227255,25,0.3006533,1.20557795,-0.2603512,-0.143272,2.49532521721443,5.99962976138947,8.4949549786039,NA
1,6,"slurry","initial","21","21_N min 1 D1_P6 T0_A",FALSE,TRUE,"R1",NA,6.6111,0.2140561075,5.44546496587679,NA,0.2140561075,25,0.1055213,1.0714247,-0.2603512,-0.143272,1.67971193595352,5.5766436273657,7.25635556331923,NA
1,6,"slurry","initial","23","23_N min 1 D1_P6 T1_A",FALSE,TRUE,"R1",NA,6.7279,0.2140561075,5.54167139264608,NA,0.2140561075,25,0.1396694,1.0470332,-0.2603512,-0.143272,1.80460267154615,5.36979331533246,7.17439598687861,NA
1,7,"control","initial","25","25_N min 1 D1_P7 T0_A",FALSE,TRUE,"R1",NA,6.2925,0.2140755272,5.18295596857329,NA,0.2140755272,25,-0.2359597,1.45437125,-0.2603512,-0.143272,0.117652456184739,7.7062358801004,7.82388833628514,NA
1,7,"control","initial","27","27_N min 1 D1_P7 T1_A",FALSE,TRUE,"R1",NA,6.0835,0.2140755272,5.01080852360995,NA,0.2140755272,25,-0.2164465,1.6161682,-0.2603512,-0.143272,0.219049978626851,8.77822506941676,8.99727504804361,NA
1,8,"compost","initial","29","29_N min 1 D1_P8 T0_A",FALSE,TRUE,"R1",NA,6.0057,0.2095281031,4.96532489373954,NA,0.2095281031,25,0.0908864,0.8519012,-0.2603512,-0.143272,1.76845225396455,5.01061471956623,6.77906697353078,NA
1,8,"compost","initial","31","31_N min 1 D1_P8 T1_A",FALSE,TRUE,"R1",NA,6.0787,0.2095281031,5.02567901020274,NA,0.2095281031,25,0.1608087,1.04947235,-0.2603512,-0.143272,2.09503979036959,5.93324975380732,8.02828954417691,NA
1,9,"compost","initial","33","33_N min 1 D1_P9 T0_A",FALSE,TRUE,"R1",NA,5.9021,0.1965127636,4.93275139183814,NA,0.1965127636,25,0.3331753,0.5331856,-0.2603512,-0.143272,3.00809047959555,3.42839901236095,6.4364894919565,NA
1,9,"compost","initial","35","35_N min 1 D1_P9 T1_A",FALSE,TRUE,"R1",NA,6.3169,0.1965127636,5.2794255039905,NA,0.1965127636,25,0.37708,0.51285935,-0.2603512,-0.143272,3.01846857919575,3.10702059108542,6.12548917028116,NA
1,10,"control","initial","37","37_N min 1 D1_P10 T0_A",FALSE,TRUE,"R1",NA,7.1089,0.2017644584,5.91538545703425,NA,0.2017644584,25,0.26894435,0.8031182,-0.2603512,-0.143272,2.2369444639089,3.99969793546845,6.23664239937736,NA
1,10,"control","initial","39","39_N min 1 D1_P10 T1_A",FALSE,TRUE,"R1",NA,6.1235,0.2017644584,5.0954244462785,NA,0.2017644584,25,0.6226211,0.9494672,-0.2603512,-0.143272,4.33218228093289,5.36137475651363,9.69355703744652,NA
1,11,"slurry","initial","41","41_N min 1 D1_P11 T0_A",FALSE,TRUE,"R1",NA,5.8118,0.2285641211,4.73056302083475,NA,0.2285641211,25,-0.00830569999999997,1.26411755,-0.2603512,-0.143272,1.33200582515189,7.43774865592878,8.76975448108067,NA
1,11,"slurry","initial","43","43_N min 1 D1_P11 T1_A",FALSE,TRUE,"R1",NA,5.8917,0.2285641211,4.79559829138168,NA,0.2285641211,25,-0.0196883999999998,1.5446198,-0.2603512,-0.143272,1.25460258229147,8.79917216499014,10.0537747472816,NA
1,12,"slurry","initial","45","45_N min 1 D1_P12 T0_A",FALSE,TRUE,"R1",NA,6.6043,0.2139747592,5.44022843139851,NA,0.2139747592,25,0.5250551,0.32748395,-0.2603512,-0.143272,3.60925239585067,2.16330966583596,5.77256206168663,NA
1,12,"slurry","initial","47","47_N min 1 D1_P12 T1_A",FALSE,TRUE,"R1",NA,6.3429,0.2139747592,5.22490270240867,NA,0.2139747592,25,0.5803425,0.58603385,-0.2603512,-0.143272,4.0225328005268,3.48956665577615,7.51209945630295,NA
1,13,"slurry","initial","49","49_N min 1 D1_P13 T0_A",FALSE,TRUE,"R1",NA,6.6971,0.2213222343,5.48348323801575,NA,0.2213222343,25,-0.175794,1.1445992,-0.2603512,-0.143272,0.38550860980929,5.87159267247996,6.25710128228925,NA
1,13,"slurry","initial","51","51_N min 1 D1_P13 T1_A",FALSE,TRUE,"R1",NA,6.7214,0.2213222343,5.50337970703724,NA,0.2213222343,25,-0.1888028,1.2372869,-0.2603512,-0.143272,0.325020277578294,6.27141399236302,6.59643426994131,NA
1,14,"compost","initial","53","53_N min 1 D1_P14 T0_A",FALSE,TRUE,"R1",NA,5.9863,0.2095894903,4.94903440217167,NA,0.2095894903,25,0.5494466,0.7136827,-0.2603512,-0.143272,4.09068584997436,4.32889847979215,8.41958432976651,NA
1,14,"compost","initial","55","55_N min 1 D1_P14 T1_A",FALSE,TRUE,"R1",NA,6.2181,0.2095894903,5.14066966509258,NA,0.2095894903,25,0.5624554,0.60229485,-0.2603512,-0.143272,4.00145629657562,3.62582551774689,7.62728181432251,"duplicate_read_averaged"
1,15,"control","initial","57","57_N min 1 D1_P15 T0_A",FALSE,TRUE,"R1",NA,7.2123,0.2054619016,5.98301778797585,NA,0.2054619016,25,0.637256,0.4795243,-0.2603512,-0.143272,3.75064571011277,2.60235019379201,6.35299590390477,NA
1,15,"control","initial","59","59_N min 1 D1_P15 T1_A",FALSE,TRUE,"R1",NA,6.5587,0.2054619016,5.44081898506679,NA,0.2054619016,25,0.74701775,0.5689598,-0.2603512,-0.143272,4.62875604189777,3.27263139039745,7.90138743229522,NA
2,1,"slurry","incubated","114","114_N min 2_P1 T1_A",FALSE,TRUE,"R2_incubated",30,7.2711,0.11917874395,6.49681745592985,1.85,0.403933550830321,25,14.572933,1.43485805,-0.257099,1.01884746666667,57.0665256512024,1.6008245042872,58.6673501554896,"near_analyzer_ceiling"
2,1,"slurry","incubated","118","118_N min 2_P1 T1_B",FALSE,TRUE,"R2_incubated",30,7.1498,0.11917874395,6.38843441108047,1.99,0.430679163606564,25,2.9739617,1.108825,-0.257099,1.01884746666667,12.6441804520833,0.352111047650701,12.996291499734,NA
2,1,"slurry","incubated","88","88_N min 2_P1 T1_A",FALSE,TRUE,"R2_incubated",30,7.2241,0.11917874395,6.45482237672193,1.93,0.41818000027584,25,7.1936912,1.0096329,-0.257099,1.01884746666667,28.857456352594,-0.0356886918371956,28.8217676607568,"nh4_below_blank"
2,2,"control","incubated","84","84_N min 2_P2 T1_B",FALSE,TRUE,"R2_incubated",30,7.1649,0.1081703957,6.46552193399295,1.93,0.406676845713399,25,4.5480265,1.3868881,-0.257099,1.01884746666667,18.5798051149463,1.42308941602353,20.0028945309699,NA
2,2,"control","incubated","90","90_N min 2_P2 T1_A",FALSE,TRUE,"R2_incubated",30,7.2605,0.1081703957,6.55179025551729,1.92,0.401220069929598,25,7.07579895,1.3055831,-0.257099,1.01884746666667,27.9805124401874,1.09411177003061,29.074624210218,"duplicate_read_averaged"
2,3,"compost","incubated","116","116_N min 2_P3 T1_B",FALSE,TRUE,"R2_incubated",30,7.1683,0.13684027015,6.30545925247193,2.13,0.47464278614675,25,-0.2196987,1.7397518,-0.257099,1.01884746666667,0.148285392476915,2.85825466658403,3.00654005906095,NA
2,3,"compost","incubated","120","120_N min 2_P3 T1_A",FALSE,TRUE,"R2_incubated",30,7.4766,0.13684027015,6.57664950504744,1.9,0.425741176081172,25,3.45447425,1.060042,-0.257099,1.01884746666667,14.1089062415119,0.156593921044894,14.2655001625568,NA
2,4,"compost","incubated","x6","N min 2 x6_P4 T1_C",TRUE,TRUE,"R2_incubated",27,7.1064,0.11864871455,6.35266452065669,1.9052,0.418554367336314,25,9.3547781,1.15679495,-0.257099,1.01884746666667,37.8261636071977,0.542872533583251,38.3690361407809,"x_tube_stored_soil"
2,5,"control","incubated","76","76_N min 2_P5 T1_B",FALSE,TRUE,"R2_incubated",30,7.1868,0.11562429235,6.44195366601547,1.91,0.412118197619174,25,5.9562291,0.8958059,-0.257099,1.01884746666667,24.1127475535039,-0.477500976589496,23.6352465769144,"nh4_below_blank"
2,5,"control","incubated","82","82_N min 2_P5 T1_A",FALSE,TRUE,"R2_incubated",30,6.999,0.11562429235,6.27361742478465,1.92,0.421667818755486,25,6.9692894,1.7722738,-0.257099,1.01884746666667,28.796736837392,3.00236005130324,31.7990968886952,NA
2,5,"control","incubated","86","86_N min 2_P5 T1_B",FALSE,TRUE,"R2_incubated",30,7.5846,0.11562429235,6.7985253207632,1.94,0.400980293610317,25,7.1221428,0.7543352,-0.257099,1.01884746666667,27.1354501595488,-0.972682509024518,26.1627676505242,"nh4_below_blank"
2,6,"slurry","incubated","110","110_N min 2_P6 T1_A",FALSE,TRUE,"R2_incubated",30,7.2007,0.1229241821,6.41245429992775,1.94,0.425460451250777,25,5.2456234,1.1494775,-0.257099,1.01884746666667,21.4532616632527,0.509282511903457,21.9625441751562,NA
2,6,"slurry","incubated","x7","N min 2 x7_P6 T1_C",TRUE,TRUE,"R2_incubated",27,7.5601,0.1229241821,6.73251152705762,2.043,0.42637706024054,25,5.1106571,0.9250757,-0.257099,1.01884746666667,19.93222023619,-0.348204998572237,19.5840152376177,"nh4_below_blank;x_tube_stored_soil"
2,7,"control","incubated","104","104_N min 2_P7 T1_A",FALSE,TRUE,"R2_incubated",30,7.757,0.11403162055,6.96299804862841,1.86,0.381157934102018,25,13.52328545,1.320218,-0.257099,1.01884746666667,49.4771948583071,1.08204300514165,50.5592378634487,"near_analyzer_ceiling"
2,7,"control","incubated","106","106_N min 2_P7 T1_B",FALSE,TRUE,"R2_incubated",30,7.1043,0.11403162055,6.3771080362087,1.92,0.415108533329021,25,4.8634899,0.9982502,-0.257099,1.01884746666667,20.0741028336266,-0.0807468940063324,19.9933559396203,"nh4_below_blank"
2,8,"compost","incubated","78","78_N min 2_P8 T1_A",FALSE,TRUE,"R2_incubated",30,7.3005,0.11772635815,6.53156288815036,2.03,0.428524866066513,25,6.0050121,2.1641639,-0.257099,1.01884746666667,23.9686550035398,4.38377633709682,28.3524313406366,NA
2,8,"compost","incubated","80","80_N min 2_P8 T1_A",FALSE,TRUE,"R2_incubated",30,7.4657,0.11772635815,6.67936292775346,1.93,0.406676071000704,25,8.4685536,1.938136,-0.257099,1.01884746666667,32.6590001710492,3.44077924525403,36.0997794163032,NA
2,9,"compost","incubated","102","102_N min 2_P9 T1_A",FALSE,TRUE,"R2_incubated",30,7.3598,0.10664335665,6.65056176931237,1.89,0.390829875858199,25,1.9722841,1.4291667,-0.257099,1.01884746666667,8.38043152342041,1.54242321012138,9.92285473354179,NA
2,9,"compost","incubated","112","112_N min 2_P9 T1_B",FALSE,TRUE,"R2_incubated",30,7.4803,0.10664335665,6.75944960501471,1.93,0.39216956259555,25,5.9367159,1.1462253,-0.257099,1.01884746666667,22.907985346192,0.471110226337192,23.3790955725291,NA
2,9,"compost","incubated","96","96_N min 2_P9 T1_B",FALSE,TRUE,"R2_incubated",30,7.1851,0.10664335665,6.49269699838124,2.04,0.420842525425104,25,4.0179179,1.5413676,-0.257099,1.01884746666667,16.4608671137196,2.01195332796066,18.4728204416803,NA
2,10,"control","incubated","108","108_N min 2_P10 T1_A",FALSE,TRUE,"R2_incubated",30,7.014,0.12296435165,6.24596852936084,1.9,0.427160568948974,25,9.5531623,1.3608705,-0.257099,1.01884746666667,39.266373397033,1.36897517064632,40.6353485676794,NA
2,10,"control","incubated","74","74_N min 2_P10 T1_B",FALSE,TRUE,"R2_incubated",30,7.235,0.12296435165,6.44276907754857,2.26,0.473745199573842,25,2.9251787,1.16167325,-0.257099,1.01884746666667,12.3482529860081,0.554209617069178,12.9024626030773,NA
2,11,"slurry","incubated","68","68_N min 2_P11 T1_A",FALSE,TRUE,"R2_incubated",30,7.2789,0.124776581,6.47141852253768,1.89,0.416830014635577,25,11.2329236,1.05435065,-0.257099,1.01884746666667,44.3875734507986,0.137153790972133,44.5247272417708,NA
2,11,"slurry","incubated","x8","N min 2 x8_P11 T1_C",TRUE,TRUE,"R2_incubated",27,7.3082,0.124776581,6.49746814029728,1.9074,0.418337081615664,25,6.7302527,1.0649203,-0.257099,1.01884746666667,26.8849017383574,0.177272255663671,27.0621739940211,"x_tube_stored_soil"
2,12,"slurry","incubated","72","72_N min 2_P12 T1_B",FALSE,TRUE,"R2_incubated",30,7.2383,0.1376327839,6.36259793356681,1.92,0.439396311950509,25,2.97152255,1.56657215,-0.257099,1.01884746666667,12.6859404904675,2.15212672972675,14.8380672201942,NA
2,12,"slurry","incubated","x9","N min 2 x9_P12 T1_C",TRUE,TRUE,"R2_incubated",27,7.2738,0.1376327839,6.39380308210191,1.9166,0.437391781071044,25,5.6911748,0.9803631,-0.257099,1.01884746666667,23.2579644838098,-0.150475257731957,23.1074892260779,"nh4_below_blank;x_tube_stored_soil"
2,13,"slurry","incubated","66","66_N min 2_P13 T1_A",FALSE,TRUE,"R2_incubated",30,7.1526,0.1285163319,6.3380562583066,1.92,0.431448322679297,25,7.8620183,1.5202283,-0.257099,1.01884746666667,32.025265196089,1.97766007786783,34.0029252739568,NA
2,13,"slurry","incubated","94","94_N min 2_P13 T1_A",FALSE,TRUE,"R2_incubated",30,7.2256,0.1285163319,6.40274296060456,1.99,0.439320625035657,25,1.4421755,2.149529,-0.257099,1.01884746666667,6.63494735949681,4.41483259710059,11.0497799565974,NA
2,14,"compost","incubated","62","62_N min 2_P14 T1_B",FALSE,TRUE,"R2_incubated",30,7.3657,0.1157309152,6.60168137286011,1.91,0.405051149262207,25,8.3953791,3.5073225,-0.257099,1.01884746666667,32.7661909569388,9.42364108772197,42.1898320446607,NA
2,14,"compost","incubated","92","92_N min 2_P14 T1_B",FALSE,TRUE,"R2_incubated",30,7.1991,0.1157309152,6.45236221558809,1.93,0.414846174931911,25,5.1285442,1.6226726,-0.257099,1.01884746666667,20.8669438418575,2.33955066825979,23.2064945101173,NA
2,14,"compost","incubated","98","98_N min 2_P13 T1_A",FALSE,TRUE,"R2_incubated",30,7.4135,0.1157309152,6.64452324391414,1.94,0.407700696745559,25,3.8959604,0.9120669,-0.257099,1.01884746666667,15.625874301079,-0.40176158148167,15.2241127195973,"nh4_below_blank;vial_label_plot_conflict"
2,15,"control","incubated","100","100_N min 2_P15 T1_A",FALSE,TRUE,"R2_incubated",30,7.3281,0.12531407035,6.51204867430546,1.9,0.417080931291445,25,8.2978131,1.7316213,-0.257099,1.01884746666667,32.8426295927234,2.73636557780088,35.5789951705243,NA
2,15,"control","incubated","64","64_N min 2_P15 T1_B",FALSE,TRUE,"R2_incubated",30,7.0429,0.12531407035,6.25860831706253,1.92,0.432091536318848,25,5.24481035,1.19094305,-0.257099,1.01884746666667,21.9773672966577,0.687435507284253,22.664802803942,NA
2,15,"control","incubated","70","70_N min 2_P15 T1_B",FALSE,TRUE,"R2_incubated",30,7.5693,0.12531407035,6.72638883618132,1.93,0.412243661696029,25,10.9369734,1.4714453,-0.257099,1.01884746666667,41.6050598345838,1.6821724269745,43.2872322615583,NA
2,1,"slurry","initial","89","89_N min 2_P1 T0_B",FALSE,TRUE,"R2_initial",NA,7.2292,0.11917874395,6.45937928957215,NA,0.11917874395,25,1.1055728,3.2422682,-0.285149225,0.697015175,5.38256836552834,9.85099694141273,15.2335653069411,NA
2,1,"slurry","initial","x1","N min 2 x1_P1 T0_C",TRUE,TRUE,"R2_x_amend",NA,7.7228,0.11917874395,6.90041697248766,NA,0.11917874395,25,2.18123795,2.89834805,-0.2684817,1.31425563333333,8.87525949434348,5.73911845828495,14.6143779526284,"x_tube_stored_soil"
2,2,"control","initial","115","115_N min 2_P2 T0_A",FALSE,TRUE,"R2_initial",NA,7.4383,0.1081703957,6.71223489533975,NA,0.1081703957,25,1.2080171,3.12274985,-0.285149225,0.697015175,5.561360516587,9.03475039544641,14.5961109120334,NA
2,2,"control","initial","119","119_N min 2_P2 T0_B",FALSE,TRUE,"R2_initial",NA,7.5896,0.1081703957,6.84876624519992,NA,0.1081703957,25,1.385262,2.4227138,-0.285149225,0.697015175,6.09748955211728,6.29930473320463,12.3967942853219,NA
2,3,"compost","initial","117","117_N min 2_P3 T0_B",FALSE,TRUE,"R2_initial",NA,7.1218,0.13684027015,6.26455640866796,NA,0.13684027015,25,1.1315904,2.4145833,-0.285149225,0.697015175,5.65379067797892,6.85430864116526,12.5080993191442,NA
2,3,"compost","initial","83","83_N min 2_P3 T0_A",FALSE,TRUE,"R2_initial",NA,7.362,0.13684027015,6.47584378676929,NA,0.13684027015,25,1.4356711,1.8552049,-0.285149225,0.697015175,6.64322820956469,4.47119233854236,11.1144205481071,NA
2,4,"compost","initial","113","113_N min 2_P4 T0_A",FALSE,TRUE,"R2_initial",NA,7.1016,0.11864871455,6.34837362938979,NA,0.11864871455,25,1.0535376,3.0861626,-0.285149225,0.697015175,5.27177078394753,9.40850194268437,14.6802727266319,NA
2,4,"compost","initial","71","71_N min 2_P4 T0_B",FALSE,TRUE,"R2_initial",NA,7.1709,0.11864871455,6.41032337205576,NA,0.11864871455,25,0.752709100000001,2.3462871,-0.285149225,0.697015175,4.0476051860515,6.43209331759143,10.4796985036429,NA
2,4,"compost","initial","73","73_N min 2_P4 T0_A",FALSE,TRUE,"R2_initial",NA,7.1928,0.11864871455,6.42990056346103,NA,0.11864871455,25,1.02752,3.0455101,-0.285149225,0.697015175,5.10376953750832,9.13114791520148,14.2349174527098,NA
2,4,"compost","initial","87","87_N min 2_P4 T0_B",FALSE,TRUE,"R2_initial",NA,7.3146,0.11864871455,6.53878192935881,NA,0.11864871455,25,0.9397106,2.5739411,-0.285149225,0.697015175,4.68305809183068,7.17612984068445,11.8591879325151,NA
2,5,"control","initial","109","109_N min 2_P5 T0_A",FALSE,TRUE,"R2_initial",NA,7.2379,0.11562429235,6.48775761663792,NA,0.11562429235,25,1.9235011,2.4454792,-0.285149225,0.697015175,8.51083862680032,6.73755143270167,15.248390059502,NA
2,5,"control","initial","x2","N min 2 x2_P5 T0_C",TRUE,TRUE,"R2_x_amend",NA,7.27,0.11562429235,6.51653074413264,NA,0.11562429235,25,1.9999278,2.25441245,-0.2684817,1.31425563333333,8.70251974964759,3.60681493566636,12.309334685314,"x_tube_stored_soil"
2,6,"slurry","initial","107","107_N min 2_P6 T0_B",FALSE,TRUE,"R2_initial",NA,7.1432,0.1229241821,6.36124870571527,NA,0.1229241821,25,1.3722532,2.2031903,-0.285149225,0.697015175,6.51366776271027,5.9193375179891,12.4330052806994,NA
2,6,"slurry","initial","81","81_N min 2_P6 T0_B",FALSE,TRUE,"R2_initial",NA,7.0294,0.1229241821,6.25990615577821,NA,0.1229241821,25,1.3885142,2.0861111,-0.285149225,0.697015175,6.68405956635278,5.547590852132,12.2316504184848,NA
2,6,"slurry","initial","85","85_N min 2_P6 T0_A",FALSE,TRUE,"R2_initial",NA,7.1827,0.1229241821,6.39642472260906,NA,0.1229241821,25,1.22996945,2.54711045,-0.285149225,0.697015175,5.92174042807305,7.23097415834731,13.1527145864204,NA
2,7,"control","initial","105","105_N min 2_P7 T0_B",FALSE,TRUE,"R2_initial",NA,7.288,0.11403162055,6.5420046124022,NA,0.11403162055,25,1.5934028,2.3300261,-0.285149225,0.697015175,7.1788088525598,6.24048369632823,13.419292548888,NA
2,7,"control","initial","111","111_N min 2_P7 T0_A",FALSE,TRUE,"R2_initial",NA,7.6234,0.11403162055,6.84307326594223,NA,0.11403162055,25,1.9153706,2.6828898,-0.285149225,0.697015175,8.03922353115786,7.25505393491707,15.2942774660749,NA
2,8,"compost","initial","65","65_N min 2_P8 T0_B",FALSE,TRUE,"R2_initial",NA,7.4814,0.11772635815,6.69340929955594,NA,0.11772635815,25,1.89829655,2.52271895,-0.285149225,0.697015175,8.15520789661278,6.81903531254664,14.9742432091594,NA
2,8,"compost","initial","75","75_N min 2_P8 T0_B",FALSE,TRUE,"R2_initial",NA,7.0985,0.11772635815,6.35083886878095,NA,0.11772635815,25,1.4893324,3.0910409,-0.285149225,0.697015175,6.985225344493,9.4240531623641,16.4092785068571,NA
2,9,"compost","initial","103","103_N min 2_P9 T0_A",FALSE,TRUE,"R2_initial",NA,7.4093,0.10664335665,6.695291627132,NA,0.10664335665,25,1.1380948,2.2113208,-0.285149225,0.697015175,5.31434664933953,5.65436768602964,10.9687143353692,NA
2,9,"compost","initial","x3","N min 2 x3_P9 T0_C",TRUE,TRUE,"R2_x_amend",NA,7.5766,0.10664335665,6.84646951022746,NA,0.10664335665,25,1.70804285,2.6178458,-0.2684817,1.31425563333333,7.21731305108205,4.76008169144449,11.9773947425265,"x_tube_stored_soil"
2,10,"control","initial","77","77_N min 2_P10 T0_A",FALSE,TRUE,"R2_initial",NA,7.0163,0.12296435165,6.24801667986234,NA,0.12296435165,25,2.62516325,2.5219059,-0.285149225,0.697015175,11.6449452046922,7.30188001450809,18.9468252192003,NA
2,10,"control","initial","95","95_N min 2_P10 T0_B",FALSE,TRUE,"R2_initial",NA,7.1249,0.12296435165,6.34472500354192,NA,0.12296435165,25,2.7739514,2.2552255,-0.285149225,0.697015175,12.0537163678972,6.13978668945515,18.1935030573524,NA
2,11,"slurry","initial","69","69_N min 2_P11 T0_A",FALSE,TRUE,"R2_initial",NA,7.1685,0.124776581,6.37326569657659,NA,0.124776581,25,1.401523,2.3218956,-0.285149225,0.697015175,6.61620080387516,6.37381407883562,12.9900148827108,NA
2,11,"slurry","initial","91","91_N min 2_P11 T0_B",FALSE,TRUE,"R2_initial",NA,7.0038,0.124776581,6.22683661654225,NA,0.124776581,25,1.6714556,2.3690525,-0.285149225,0.697015175,7.85553301576145,6.71302873339432,14.5685617491558,NA
2,11,"slurry","initial","93","93_N min 2_P11 T0_B",FALSE,TRUE,"R2_initial",NA,7.3118,0.124776581,6.50066877592644,NA,0.124776581,25,1.44461465,2.2292079,-0.285149225,0.697015175,6.65225353968862,5.89244267710609,12.5446962167947,NA
2,12,"slurry","initial","101","101_N min 2_P10 T0_B",FALSE,TRUE,"R2_initial",NA,7.2999,0.1376327839,6.41674545891223,NA,0.1376327839,25,1.5299849,2.1901815,-0.285149225,0.697015175,7.07186429874259,5.81745970196675,12.8893240007093,"vial_label_plot_conflict"
2,12,"slurry","initial","67","67_N min 2_P12 T0_A",FALSE,TRUE,"R2_initial",NA,7.3524,0.1376327839,6.46289391801343,NA,0.1376327839,25,1.4421755,1.889353,-0.285149225,0.697015175,6.68169997416167,4.61224429847404,11.2939442726357,NA
2,12,"slurry","initial","99","99_N min 2_P12 T0_A",FALSE,TRUE,"R2_initial",NA,7.9931,0.1376327839,7.02608092270186,NA,0.1376327839,25,1.612916,1.8291873,-0.285149225,0.697015175,6.75364134672571,4.02846244391328,10.782103790639,NA
2,13,"slurry","initial","79","79_N min 2_P13 T0_B",FALSE,TRUE,"R2_initial",NA,7.1896,0.1285163319,6.37084266906036,NA,0.1285163319,25,1.4974629,2.2373384,-0.285149225,0.697015175,6.99519756490439,6.0444249882378,13.0396225531422,NA
2,13,"slurry","initial","97","97_N min 2_P13 T0_B",FALSE,TRUE,"R2_initial",NA,7.0367,0.1285163319,6.23535504191847,NA,0.1285163319,25,1.5364893,2.1576595,-0.285149225,0.697015175,7.30366800588602,5.85629974227817,13.1599677481642,NA
2,14,"compost","initial","63","63_N min 2_P14 T0_A",FALSE,TRUE,"R2_initial",NA,7.824,0.1157309152,7.01244349637611,NA,0.1157309152,25,1.44949295,1.92268805,-0.285149225,0.697015175,6.18415740496315,4.36963547596998,10.5537928809331,NA
2,14,"compost","initial","x4","N min 2 x4_P14 T0_C",TRUE,TRUE,"R2_x_amend",NA,7.1949,0.1157309152,6.44859786708543,NA,0.1157309152,25,1.5348632,3.8601862,-0.2684817,1.31425563333333,6.99122870261662,9.870093542588,16.8613222452046,"x_tube_stored_soil"
2,15,"control","initial","61","61_N min 2_P15 T0_A",FALSE,TRUE,"R2_initial",NA,7.0616,0.12531407035,6.27522590009354,NA,0.12531407035,25,2.133268,2.3853135,-0.285149225,0.697015175,9.63478153417534,6.72604600965375,16.3608275438291,NA
2,15,"control","initial","x5","N min 2 x5_P15 T0_C",TRUE,TRUE,"R2_x_amend",NA,7.8051,0.12531407035,6.93593033771667,NA,0.12531407035,25,4.0455616,9.0100449,-0.2684817,1.31425563333333,15.5496202021407,27.7388500603083,43.2884702624491,"x_tube_stored_soil;suspect_outlier"
3,1,"slurry","incubated","183","183_N min 3_P1 T1_A",FALSE,TRUE,"R3_incubated",28,7.1798,0.2524796579,5.73246835165226,NA,0.2524796579,25,4.4321248,3.45497826666667,-0.0169584444444444,0.0836166888888888,19.402999595986,14.7029227680169,34.1059223640029,NA
3,1,"slurry","incubated","184","184_N min 3_P1 T1_B",FALSE,TRUE,"R3_incubated",28,7.0865,0.2524796579,5.6579761238452,NA,0.2524796579,25,4.4046388,1.30427633333333,-0.0169584444444444,0.0836166888888888,19.537009116254,5.39353479815887,24.9305439144129,NA
3,2,"control","incubated","187","187_N min 3_P2 T1_A",FALSE,TRUE,"R3_incubated",28,7.4508,0.25086222045,5.95653132550407,NA,0.25086222045,25,7.9539976,0.5433322,-0.0169584444444444,0.0836166888888888,33.454688680622,1.92945980634211,35.3841484869641,NA
3,2,"control","incubated","188","188_N min 3_P2 T1_B",FALSE,TRUE,"R3_incubated",28,7.2609,0.25086222045,5.80471604409627,NA,0.25086222045,25,6.4844128,0.6531756,-0.0169584444444444,0.0836166888888888,28.0003844936425,2.45300074449975,30.4533852381423,NA
3,3,"compost","incubated","191","191_N min 3_P3 T1_A",FALSE,TRUE,"R3_incubated",28,7.1463,0.26945742355,5.62941290304608,NA,0.26945742355,25,3.530584,0.667503,-0.0169584444444444,0.0836166888888888,15.7544956532007,2.59301600880604,18.3475116620067,NA
3,3,"compost","incubated","192","192_N min 3_P3 T1_B",FALSE,TRUE,"R3_incubated",28,7.3552,0.26945742355,5.79397139561515,NA,0.26945742355,25,4.923208,0.8131649,-0.0169584444444444,0.0836166888888888,21.315977017867,3.14787630666951,24.4638533245365,NA
3,4,"compost","incubated","195","195_N min 3_P4 T1_A",FALSE,TRUE,"R3_incubated",28,7.3445,0.25520975375,5.85121329567266,NA,0.25520975375,25,6.1747372,0.73914,-0.0169584444444444,0.0836166888888888,26.4547510557494,2.8008007826168,29.2555518383662,NA
3,4,"compost","incubated","196","196_N min 3_P4 T1_B",FALSE,TRUE,"R3_incubated",28,7.3781,0.25520975375,5.8779817301113,NA,0.25520975375,25,4.8444148,0.7224247,-0.0169584444444444,0.0836166888888888,20.6762008953726,2.71695303099817,23.3931539263708,NA
3,5,"control","incubated","199","199_N min 3_P5 T1_A",FALSE,TRUE,"R3_incubated",28,7.2756,0.2601168557,5.77375024156658,NA,0.2601168557,25,4.1279464,0.6603393,-0.0169584444444444,0.0836166888888888,17.9471949384141,2.49717508976726,20.4443700281814,NA
3,5,"control","incubated","200","200_N min 3_P5 T1_B",FALSE,TRUE,"R3_incubated",28,7.283,0.2601168557,5.77962271281124,NA,0.2601168557,25,4.2644602,0.312501866666667,-0.0169584444444444,0.0836166888888888,18.5194555820839,0.990052418432202,19.5095080005161,NA
3,6,"slurry","incubated","203","203_N min 3_P6 T1_A",FALSE,TRUE,"R3_incubated",28,7.0861,0.2436454172,5.6978459470819,NA,0.2436454172,25,3.8769076,0.489206466666667,-0.0169584444444444,0.0836166888888888,17.0848162648143,1.77957504267686,18.8643913074912,NA
3,6,"slurry","incubated","204","204_N min 3_P6 T1_B",FALSE,TRUE,"R3_incubated",28,7.0121,0.2436454172,5.63834345627821,NA,0.2436454172,25,4.3441696,0.310909933333333,-0.0169584444444444,0.0836166888888888,19.3369208450241,1.00780152099176,20.3447223660158,NA
3,7,"control","incubated","207","207_N min 3_P7 T1_A",FALSE,TRUE,"R3_incubated",28,7.1269,0.25504321465,5.67860924373629,NA,0.25504321465,25,13.9441132,0.8442076,-0.0169584444444444,0.0836166888888888,61.4634281265435,3.34849114662217,64.8119192731657,"near_analyzer_ceiling"
3,7,"control","incubated","208","208_N min 3_P7 T1_B",FALSE,TRUE,"R3_incubated",28,7.1928,0.25504321465,5.73111739583078,NA,0.25504321465,25,7.026174,0.704505866666666,-0.0169584444444444,0.0836166888888888,30.7232078755188,2.70841240413892,33.4316202796577,NA
3,8,"compost","incubated","211","211_N min 3_P8 T1_A",FALSE,TRUE,"R3_incubated",28,7.0539,0.2643188188,5.57920984415549,NA,0.2643188188,25,3.959428,0.309151066666667,-0.0169584444444444,0.0836166888888888,17.8178745535531,1.01060178805623,18.8284763416093,NA
3,8,"compost","incubated","212","212_N min 3_P8 T1_B",FALSE,TRUE,"R3_incubated",28,7.332,0.2643188188,5.79917018632927,NA,0.2643188188,25,4.0285285,0.272187,-0.0169584444444444,0.0836166888888888,17.4399388811744,0.812919370583567,18.252858251758,NA
3,9,"compost","incubated","215","215_N min 3_P9 T1_A",FALSE,TRUE,"R3_incubated",28,7.1621,0.2423828783,5.76480900139269,NA,0.2423828783,25,4.1733105,0.2818298,-0.0169584444444444,0.0836166888888888,18.1717596516734,0.859582299531631,19.031341951205,NA
3,9,"compost","incubated","216","216_N min 3_P9 T1_B",FALSE,TRUE,"R3_incubated",28,7.2427,0.2423828783,5.82968433202369,NA,0.2423828783,25,4.768891,0.2046874,-0.0169584444444444,0.0836166888888888,20.5236217429251,0.519199257694127,21.0428210006192,NA
3,10,"control","incubated","219","219_N min 3_P10 T1_A",FALSE,TRUE,"R3_incubated",28,7.2542,0.2435710111,5.83336209613257,NA,0.2435710111,25,6.89016666666667,0.207901666666667,-0.0169584444444444,0.0836166888888888,29.6018188022754,0.532647278403036,30.1344660806784,NA
3,10,"control","incubated","220","220_N min 3_P10 T1_B",FALSE,TRUE,"R3_incubated",28,7.0974,0.2435710111,5.70727359889324,NA,0.2435710111,25,6.947202,0.265758466666667,-0.0169584444444444,0.0836166888888888,30.5056360264336,0.797849334808037,31.3034853612417,NA
3,11,"slurry","incubated","223","223_N min 3_P11 T1_A",FALSE,TRUE,"R3_incubated",28,7.3367,0.2523384354,5.85840040728019,NA,0.2523384354,25,3.93749133333333,0.2263837,-0.0169584444444444,0.0836166888888888,16.8751258998259,0.609240582692571,17.4843664825184,NA
3,11,"slurry","incubated","224","224_N min 3_P11 T1_B",FALSE,TRUE,"R3_incubated",28,7.3207,0.2523384354,5.84562430814618,NA,0.2523384354,25,3.44611,0.2312051,-0.0169584444444444,0.0836166888888888,14.8105157887861,0.631191825419908,15.441707614206,NA
3,12,"slurry","incubated","227","227_N min 3_P12 T1_A",FALSE,TRUE,"R3_incubated",28,7.0318,0.25527078985,5.60181919061486,NA,0.25527078985,25,2.011452,0.207901666666667,-0.0169584444444444,0.0836166888888888,9.05246302773745,0.554663465334625,9.60712649307208,NA
3,12,"slurry","incubated","228","228_N min 3_P12 T1_B",FALSE,TRUE,"R3_incubated",28,7.282,0.25527078985,5.80113873347612,NA,0.25527078985,25,3.25964833333333,0.2046874,-0.0169584444444444,0.0836166888888888,14.1205327450185,0.521754075680258,14.6422868206987,NA
3,13,"slurry","incubated","231","231_N min 3_P13 T1_A",FALSE,TRUE,"R3_incubated",28,7.281,0.25265653325,5.81244723253033,NA,0.25265653325,25,4.73159866666667,0.227187266666667,-0.0169584444444444,0.0836166888888888,20.424086968631,0.617513467366469,21.0416004359974,NA
3,13,"slurry","incubated","232","232_N min 3_P13 T1_B",FALSE,TRUE,"R3_incubated",28,7.085,0.25265653325,5.65597976136209,NA,0.25265653325,25,4.69869366666667,0.0624561,-0.0169584444444444,0.0836166888888888,20.8436571119177,-0.0935319333771488,20.7501251785406,"nh4_below_blank"
3,14,"compost","incubated","235","235_N min 3_P14 T1_A",FALSE,TRUE,"R3_incubated",28,7.045,0.24990129045,5.63644509676728,NA,0.24990129045,25,5.24491666666667,0.0182599333333333,-0.0169584444444444,0.0836166888888888,23.3386248813503,-0.289884645523471,23.0487402358268,"nh4_below_blank"
3,14,"compost","incubated","236","236_N min 3_P14 T1_B",FALSE,TRUE,"R3_incubated",28,7.038,0.24990129045,5.63084465451357,NA,0.24990129045,25,5.66171333333333,0.297901133333333,-0.0169584444444444,0.0836166888888888,25.2123443559479,0.951386770511767,26.1637311264596,NA
3,15,"control","incubated","239","239_N min 3_P15 T1_A",FALSE,TRUE,"R3_incubated",28,7.014,0.1780140759,5.95408844723805,NA,0.1780140759,25,3.89581166666667,0.223973,-0.0169584444444444,0.0836166888888888,16.4289216803881,0.589327452702767,17.0182491330909,NA
3,15,"control","incubated","240","240_N min 3_P15 T1_B",FALSE,TRUE,"R3_incubated",28,7.086,0.1780140759,6.01520826021227,NA,0.1780140759,25,3.393462,0.1926339,-0.0169584444444444,0.0836166888888888,14.1741578051534,0.453089928042093,14.6272477331955,NA
3,1,"slurry","initial","181","181_N min 3_P1 T0_A",FALSE,TRUE,"R3_initial",NA,7.0278,0.2524796579,5.61110909520345,NA,0.2524796579,25,1.62999005,0.962476,-0.2457163,1.03537948333333,8.3571105024647,-0.324817616697442,8.03229288576726,"nh4_below_blank"
3,1,"slurry","initial","182","182_N min 3_P1 T0_B",FALSE,TRUE,"R3_initial",NA,7.1055,0.2524796579,5.6731460309013,NA,0.2524796579,25,1.9495187,0.4827765,-0.2457163,1.03537948333333,9.67379910565796,-2.43516992301686,7.2386291826411,"nh4_below_blank"
3,2,"control","initial","185","185_N min 3_P2 T0_A",FALSE,TRUE,"R3_initial",NA,7.4526,0.25086222045,5.95797033291078,NA,0.25086222045,25,4.7691761,1.3820098,-0.2457163,1.03537948333333,21.0427885663454,1.45448154865736,22.4972701150028,NA
3,2,"control","initial","186","186_N min 3_P2 T0_B",FALSE,TRUE,"R3_initial",NA,7.5116,0.25086222045,6.00513779790846,NA,0.25086222045,25,4.07401835,0.5705859,-0.2457163,1.03537948333333,17.9834951144024,-1.93498300528265,16.0485121091198,"nh4_below_blank"
3,3,"compost","initial","189","189_N min 3_P3 T0_A",FALSE,TRUE,"R3_initial",NA,7.3113,0.26945742355,5.75938969229402,NA,0.26945742355,25,1.2177737,0.718561,-0.2457163,1.03537948333333,6.35262622512819,-1.37522593651386,4.97740028861433,"nh4_below_blank"
3,3,"compost","initial","190","190_N min 3_P3 T0_B",FALSE,TRUE,"R3_initial",NA,7.1009,0.26945742355,5.59364959254998,NA,0.26945742355,25,1.7023515,0.6112384,-0.2457163,1.03537948333333,8.70660455114393,-1.89563663363109,6.81096791751284,"nh4_below_blank"
3,4,"compost","initial","193","193_N min 3_P4 T0_A",FALSE,TRUE,"R3_initial",NA,7.1612,0.25520975375,5.70518192565471,NA,0.25520975375,25,3.8292903,1.4129057,-0.2457163,1.03537948333333,17.8566023533613,1.65431278785796,19.5109151412192,NA
3,4,"compost","initial","194","194_N min 3_P4 T0_B",FALSE,TRUE,"R3_initial",NA,7.3109,0.25520975375,5.82444486123401,NA,0.25520975375,25,2.7934646,0.7120566,-0.2457163,1.03537948333333,13.0449380688106,-1.38778411950161,11.657153949309,"nh4_below_blank"
3,5,"control","initial","197","197_N min 3_P5 T0_A",FALSE,TRUE,"R3_initial",NA,7.2858,0.2601168557,5.78184472895786,NA,0.2601168557,25,2.4601141,1.8340656,-0.2457163,1.03537948333333,11.6996846458367,3.45342254119398,15.1531071870306,NA
3,5,"control","initial","198","198_N min 3_P5 T0_B",FALSE,TRUE,"R3_initial",NA,7.3733,0.2601168557,5.8512827335399,NA,0.2601168557,25,1.7527606,1.7446301,-0.2457163,1.03537948333333,8.53862730194446,3.03032108071449,11.568948382659,NA
3,6,"slurry","initial","201","201_N min 3_P6 T0_A",FALSE,TRUE,"R3_initial",NA,7.1204,0.2436454172,5.72542615565713,NA,0.2436454172,25,1.0063807,2.0064322,-0.2457163,1.03537948333333,5.46726551857996,4.24008925391168,9.70735477249164,NA
3,6,"slurry","initial","202","202_N min 3_P6 T0_B",FALSE,TRUE,"R3_initial",NA,7.2309,0.2436454172,5.81427784800589,NA,0.2436454172,25,1.04459405,1.6421858,-0.2457163,1.03537948333333,5.54802498147958,2.60912159914572,8.1571465806253,NA
3,7,"control","initial","205","205_N min 3_P7 T0_A",FALSE,TRUE,"R3_initial",NA,7.4015,0.25504321465,5.89740649055187,NA,0.25504321465,25,2.28368225,2.2909997,-0.2457163,1.03537948333333,10.7225038415289,5.32276441635095,16.0452682578799,NA
3,7,"control","initial","206","206_N min 3_P7 T0_B",FALSE,TRUE,"R3_initial",NA,7.3251,0.25504321465,5.83653209267602,NA,0.25504321465,25,2.4958883,0.7982399,-0.2457163,1.03537948333333,11.7432944617931,-1.01575550158847,10.7275389602046,"nh4_below_blank"
3,8,"compost","initial","209","209_N min 3_P8 T0_A",FALSE,TRUE,"R3_initial",NA,7.0647,0.2643188188,5.58775199336612,NA,0.2643188188,25,1.9576492,3.1040497,-0.2457163,1.03537948333333,9.85801402163104,9.2553777401119,19.1133917617429,NA
3,8,"compost","initial","210","210_N min 3_P8 T0_B",FALSE,TRUE,"R3_initial",NA,7.0401,0.2643188188,5.56829487571968,NA,0.2643188188,25,1.7934131,1.14216005,-0.2457163,1.03537948333333,9.15508897028577,0.47941321827387,9.63450218855964,NA
3,9,"compost","initial","213","213_N min 3_P9 T0_A",FALSE,TRUE,"R3_initial",NA,7.1787,0.2423828783,5.77817042184523,NA,0.2423828783,25,2.5349147,1.1641124,-0.2457163,1.03537948333333,12.0307588604838,0.556979576874251,12.5877384373581,NA
3,9,"compost","initial","214","214_N min 3_P9 T0_B",FALSE,TRUE,"R3_initial",NA,7.2091,0.2423828783,5.80263952918,NA,0.2423828783,25,1.88853995,1.1494775,-0.2457163,1.03537948333333,9.19519573492102,0.491578083098635,9.68677381801965,NA
3,10,"control","initial","217","217_N min 3_P10 T0_A",FALSE,TRUE,"R3_initial",NA,7.3662,0.2435710111,5.92342530844638,NA,0.2435710111,25,5.2082231,2.1934337,-0.2457163,1.03537948333333,23.0185201804734,4.88760369365747,27.9061238741309,NA
3,10,"control","initial","218","218_N min 3_P10 T0_B",FALSE,TRUE,"R3_initial",NA,7.2809,0.2435710111,5.85483252263953,NA,0.2435710111,25,4.11792305,0.913693,-0.2457163,1.03537948333333,18.6326395038912,-0.519598480668724,18.1130410232224,"nh4_below_blank"
3,11,"slurry","initial","221","221_N min 3_P11 T0_A",FALSE,TRUE,"R3_initial",NA,7.3615,0.2523384354,5.87820336093791,NA,0.2523384354,25,0.68847815,1.0958162,-0.2457163,1.03537948333333,3.97312917161028,0.257037367353959,4.23016653896424,NA
3,11,"slurry","initial","222","222_N min 3_P11 T0_B",FALSE,TRUE,"R3_initial",NA,7.365,0.2523384354,5.88099813262347,NA,0.2523384354,25,0.9023103,1.49339765,-0.2457163,1.03537948333333,4.88023705377319,1.94702564232217,6.82726269609536,NA
3,12,"slurry","initial","225","225_N min 3_P12 T0_A",FALSE,TRUE,"R3_initial",NA,7.1556,0.25527078985,5.7004433289291,NA,0.25527078985,25,1.3917664,1.3007048,-0.2457163,1.03537948333333,7.18138312019506,1.16361702659235,8.3450001467874,NA
3,12,"slurry","initial","226","226_N min 3_P12 T0_B",FALSE,TRUE,"R3_initial",NA,7.4407,0.25527078985,5.92756563776102,NA,0.25527078985,25,1.03971575,0.4356196,-0.2457163,1.03537948333333,5.421416347595,-2.52953708143111,2.8918792661639,"nh4_below_blank"
3,13,"slurry","initial","229","229_N min 3_P13 T0_A",FALSE,TRUE,"R3_initial",NA,7.214,0.25265653325,5.75896090310037,NA,0.25265653325,25,1.99586255,1.2990787,-0.2457163,1.03537948333333,9.73083029958249,1.14473435878295,10.8755646583654,NA
3,13,"slurry","initial","230","230_N min 3_P13 T0_B",FALSE,TRUE,"R3_initial",NA,7.302,0.25265653325,5.82921160444121,NA,0.25265653325,25,1.4275406,1.1819995,-0.2457163,1.03537948333333,7.17617155433663,0.628815809992891,7.80498736432952,NA
3,14,"compost","initial","233","233_N min 3_P14 T0_A",FALSE,TRUE,"R3_initial",NA,7.051,0.24990129045,5.64124547584189,NA,0.24990129045,25,2.18123795,0.5087941,-0.2457163,1.03537948333333,10.7554008259045,-2.33363973252177,8.42176109338275,"nh4_below_blank"
3,14,"compost","initial","234","234_N min 3_P14 T0_B",FALSE,TRUE,"R3_initial",NA,7.033,0.24990129045,5.62684433861807,NA,0.24990129045,25,1.2925743,0.9689804,-0.2457163,1.03537948333333,6.83460616389558,-0.29501030834292,6.53959585555266,"nh4_below_blank"
3,15,"control","initial","237","237_N min 3_P15 T0_A",FALSE,TRUE,"R3_initial",NA,7.024,0.1780140759,5.96257731015114,NA,0.1780140759,25,1.4893324,0.7559613,-0.2457163,1.03537948333333,7.27474299178529,-1.17154951960803,6.10319347217726,"nh4_below_blank"
3,15,"control","initial","238","238_N min 3_P15 T0_B",FALSE,TRUE,"R3_initial",NA,7.088,0.1780140759,6.01690603279488,NA,0.1780140759,25,2.0308237,1.5690113,-0.2457163,1.03537948333333,9.4589311665822,2.21721850797623,11.6761496745584,NA
