"round","plot","treatment","n_initial","n_incubated","initial_no3_ug_g","initial_nh4_ug_g","initial_tin_ug_g","incubated_no3_ug_g","incubated_nh4_ug_g","incubated_tin_ug_g","incubation_days","net_min_ug_g","net_nitr_ug_g","net_ammon_ug_g","net_min_rate_ug_g_d","net_nitr_rate_ug_g_d"
1,1,"slurry",2,2,4.4737700988823,7.95579172955186,12.4295618284342,25.9237104451299,1.16438805164233,27.0880984967722,29,14.6585366683381,21.4499403462476,-6.79140367790953,0.505466781666829,0.739653115387848
1,2,"control",2,2,2.83446020133899,7.96861605404946,10.8030762553885,27.0156814174923,1.22080414503194,28.2364855625242,29,17.4334093071358,24.1812212161533,-6.74781190901752,0.601152045073648,0.833835214350114
1,3,"compost",2,2,1.19492092421486,4.82869991714925,6.02362084136412,12.8660566826237,1.07046414361,13.9365208262337,29,7.91289998486958,11.6711357584088,-3.75823577353925,0.272858620167916,0.402452957186511
1,4,"compost",2,2,3.50700894151423,9.93002904487508,13.4370379863893,46.2722120701104,1.35047296508291,47.6226850351933,29,34.185647048804,42.7652031285962,-8.57955607979217,1.178815415476,1.47466217684815
1,5,"control",2,2,2.6375765149615,6.77140985720598,9.40898637216748,34.7308802115967,1.16030310915992,35.8911833207566,29,26.4821969485891,32.0933036966352,-5.61110674804606,0.913179205123763,1.10666564471156
1,6,"slurry",2,2,1.82412935162339,5.73062114397113,7.55475049559452,16.5764192800998,1.15020710573002,17.7266263858298,29,10.1718758902352,14.7522899284764,-4.58041403824111,0.350754341042595,0.508699652706081
1,7,"control",2,2,0.175661489916173,8.60156517946515,8.77722666938132,31.3066180754418,1.26141265052707,32.5680307259688,29,23.7908040565875,31.1309565855256,-7.34015252893808,0.820372553675431,1.07348126156985
1,8,"compost",2,2,2.01266551367416,5.70114734368213,7.71381285735629,28.1341433464365,1.16499027136788,29.2991336178044,29,21.5853207604481,26.1214778327624,-4.53615707231425,0.744321405532693,0.90074061492284
1,9,"compost",2,2,3.1342289791465,3.39864517037685,6.53287414952334,19.2935653899343,1.41296322839346,20.7065286183278,29,14.1736544688045,16.1593364107879,-1.98568194198339,0.488746705820844,0.557218496923719
1,10,"control",2,2,3.42703610135639,4.8862482654903,8.31328436684669,23.7539296739503,2.32731726532242,26.0812469392728,29,17.7679625724261,20.326893572594,-2.55893100016788,0.612688364566416,0.700927364572205
1,11,"slurry",2,2,1.34961192349576,8.47219554111945,9.82180746461521,23.314223431134,3.15298568807279,26.4672091192068,29,16.6454016545916,21.9646115076382,-5.31920985304666,0.573979367399709,0.757400396815111
1,12,"slurry",2,2,3.98986477615629,2.95482962814611,6.94469440430241,11.4533654336768,2.36853205480321,13.82189748848,29,6.87720308417758,7.46350065752049,-0.586297573342905,0.237144933937158,0.257362091638638
1,13,"slurry",2,2,0.372539263783163,6.36679478832417,6.73933405210734,9.60440579473283,2.57891159945494,12.1833173941878,29,5.44398334208044,9.23186653094967,-3.78788318886923,0.187723563520015,0.318340225205161
1,14,"compost",2,2,4.21715943530376,4.14529783619915,8.36245727150292,22.1050252235748,2.86087818318284,24.9659034067576,29,16.6034461352547,17.887865788271,-1.28441965301631,0.572532625353611,0.616822958216243
1,15,"control",2,2,4.38540088714609,3.07463949815245,7.46004038529854,20.6344814864861,2.68571790607839,23.3201993925645,29,15.8601590072659,16.24908059934,-0.388921592074061,0.546902034733308,0.560313124115172
2,1,"slurry",2,3,7.35776343745578,8.04112280138559,15.3988862388414,36.3552773027654,0.706728531172569,37.062005833938,30,21.6631195950966,28.9975138653096,-7.33439427021302,0.722103986503221,0.966583795510321
2,2,"control",2,2,6.00052775205771,7.8915586557171,13.8920864077748,25.7282783325082,1.3909594403849,27.1192377728931,30,13.2271513651183,19.7277505804505,-6.5005992153322,0.440905045503942,0.657591686015015
2,3,"compost",2,2,6.36318171935672,5.8595102303938,12.2226919497505,7.92755648857498,1.68727941900849,9.61483590758346,30,-2.60785604216705,1.56437476921826,-4.17223081138531,-0.0869285347389017,0.0521458256406087
2,4,"compost",4,1,4.92231304659284,8.28209175828458,13.2044048048774,41.8492567457026,0.600611055195471,42.449867800898,27,29.2454629960206,36.9269436991097,-7.68148070308911,1.08316529614891,1.36766458144851
2,5,"control",2,3,8.86550762526107,5.3276181252916,14.1931257505527,29.5372087019755,0.571033443073467,30.108242145049,30,15.9151163944963,20.6717010767145,-4.75658468221814,0.530503879816545,0.689056702557149
2,6,"slurry",3,2,6.5717270087258,6.42707426757798,12.9988012763038,23.0076803604303,0.0883366480276146,23.0960170084579,28.5,10.0972157321542,16.4359533517045,-6.33873761955036,0.354288271303655,0.576700117603667
2,7,"control",2,2,7.84158777855652,6.95410250754839,14.7956902861049,38.4647003540436,0.553807889931643,39.0185082439752,30,24.2228179578703,30.623112575487,-6.40029461761675,0.807427265262343,1.0207704191829
2,8,"compost",2,2,7.80319280986494,8.36993093066193,16.1731237405269,31.4298198056476,4.3446024012004,35.774422206848,30,19.6012984663211,23.6266269957827,-4.02532852946153,0.653376615544037,0.787554233192755
2,9,"compost",2,3,6.44711121654639,5.35747962169368,11.8045908382401,17.6162426973691,1.48523472704177,19.1014774244108,30,7.29688658617075,11.1691314808227,-3.87224489465192,0.243229552872358,0.372304382694089
2,10,"control",2,2,12.216343292081,6.92883376557146,19.1451770576524,28.6563859827866,1.06847328522868,29.7248592680153,30,10.5796822103628,16.4400426907056,-5.86036048034278,0.352656073678761,0.54800142302352
2,11,"slurry",3,2,7.2648056785066,6.52728179455927,13.7920874730659,39.4924648980387,0.174249406851339,39.66671430489,28.5,25.8746268318242,32.2276592195321,-6.35303238770794,0.9078816432219,1.13079506033446
2,12,"slurry",3,2,7.08533336464906,4.99453461937043,12.0798679840195,19.9821377238557,1.112743466068,21.0948811899237,28.5,9.01501320590424,12.8968043592067,-3.88179115330243,0.316316252838745,0.452519451200234
2,13,"slurry",2,2,7.3810353217883,6.14319903609645,13.5242343578847,21.4548592158772,3.55277215623696,25.0076313721142,30,11.4833970142294,14.0738238940889,-2.59042687985949,0.382779900474313,0.469127463136296
2,14,"compost",2,3,6.79242029486765,7.33811006831676,14.1305303631844,25.5637079967734,4.19211662737476,29.7558246241481,30,15.6252942609637,18.7712877019057,-3.14599344094201,0.520843142032124,0.625709590063524
2,15,"control",2,3,13.0140368840873,17.8204271412974,30.8344640253846,35.6617204296481,1.88806650645056,37.5497869360987,30,6.71532291071404,22.6476835455609,-15.9323606348468,0.223844097023801,0.754922784852029
3,1,"slurry",2,2,9.52936974375082,-1.45895759921627,8.07041214453454,20.5898375437074,10.627924756716,31.2177623004234,28,23.1473501558889,11.0604677999566,12.0868823559323,0.826691076996031,0.395016707141307
3,2,"control",2,2,20.6839944747917,-0.255072078038457,20.4289223967533,32.5428166665171,2.32033330892646,34.8631499754436,28,14.4342275786903,11.8588221917254,2.57540538696491,0.515508127810369,0.423529363990193
3,3,"compost",2,2,7.98925017567601,-1.73525981296684,6.25399036270918,19.678774420055,3.04740349891759,22.7261779189726,28,16.4721875562634,11.689524244379,4.78266331188442,0.588292412723695,0.417483008727822
3,4,"compost",2,2,16.3585752310891,0.140180943854387,16.4987561749435,24.9759014702186,2.92403989581511,27.8999413660337,28,11.4011851910902,8.61732623912947,2.78385895196072,0.407185185396078,0.307761651397481
3,5,"control",2,2,10.7309907854518,3.43799169178883,14.1689824772407,19.3292396457694,1.84838983658633,21.1776294823558,28,7.00864700511509,8.59824886031759,-1.5896018552025,0.250308821611253,0.307080316439914
3,6,"slurry",2,2,5.81736819977132,3.61682448775835,9.43419268752967,19.2165142943046,1.47078780582837,20.687302100133,28,11.2531094126033,13.3991460945333,-2.14603668192997,0.401896764735833,0.478540931947618
3,7,"control",2,2,11.9050659455641,2.28338274477329,14.1884486903374,48.7718078670286,3.20462033680314,51.9764282038318,28,37.7879795134943,36.8667419214645,0.921237592029849,1.34957069691051,1.31666935433802
3,8,"compost",2,2,10.0672371163249,5.15490176989698,15.2221388862219,18.6890727667209,0.966488410433224,19.6555611771541,28,4.43342229093221,8.62183565039597,-4.18841335946376,0.158336510390436,0.307922701799856
3,9,"compost",2,2,11.2086195567899,0.553707860267247,11.7623274170572,20.4355194028295,0.728085244525303,21.1636046473548,28,9.40127723029761,9.22689984603955,0.174377384258056,0.335759901082057,0.329532137358556
3,10,"control",2,2,22.021218633528,2.31021717483408,24.3314358083621,31.7430489383663,0.702566643944916,32.4456155823112,28,8.11417977394913,9.72183030483829,-1.60765053088916,0.289792134783897,0.347208225172796
3,11,"slurry",2,2,4.68939531364871,1.16744455188097,5.85683986552968,16.7786833156793,0.656850120532971,17.4355334362123,28,11.5786935706826,12.0892880020306,-0.510594431348003,0.41352477038152,0.431760285786806
3,12,"slurry",2,2,6.67446711234339,-0.72564571541245,5.94882139693094,12.2636058546202,0.56952484075587,12.8331306953761,28,6.88430929844514,5.58913874227682,1.29517055616832,0.245868189230184,0.199612097938458
3,13,"slurry",2,2,8.94805534137864,0.938610001897819,9.88666534327646,21.829469186294,0.277454608708579,22.1069237950026,28,12.2202584517261,12.8814138449154,-0.66115539318924,0.436437801847362,0.460050494461264
3,14,"compost",2,2,9.29046339738266,-1.38841881215075,7.90204458523191,25.6425130115301,0.349359673312683,25.9918726848428,28,18.0898280996109,16.3520496141475,1.73777848546343,0.646065289271817,0.584001771933838
3,15,"control",2,2,8.72389670684444,0.545461296693607,9.26935800353804,15.9533552424642,0.543404688928589,16.4967599313928,28,7.22740192785475,7.22945853561976,-0.00205660776501793,0.258121497423384,0.258194947700706
