"amendment_type","bottle","replicate","sample_id","fresh_mass_g","total_solids_pct","dry_mass_g","no3_mgL","nh4_mgL","no3_censored","nh4_censored","no3_ug_g_fresh","nh4_ug_g_fresh","no3_ug_g_dry","nh4_ug_g_dry","total_n_pct_fresh","min_n_pct_of_total_n","expected_nh4_mgL_low","expected_nh4_mgL_high","flag"
"compost","Z1","Aa","N min compost_Z1A T0_Aa",6.373,48.2733333333333,3.07645953333333,-0.1497764,16.6917413,FALSE,TRUE,0.465657068884355,60.3227901563889,0.964625884997283,124.960896609009,0.426333333333333,1.42584317182033,5.0984,30.5904,"at analyzer ceiling: censored values are lower bounds"
"compost","Z1","Ab","N min compost_Z1B T0_Ab",6.798,48.2733333333333,3.2816212,-0.1562808,16.8884994,FALSE,TRUE,0.4126246690203,57.2750947582622,0.85476730221026,118.647482581678,0.426333333333333,1.35311304364228,5.4384,32.6304,"at analyzer ceiling: censored values are lower bounds"
"compost","Z2","Ba","N min compost_Z2A T0_Ba",7.286,48.2733333333333,3.51719506666667,-0.1611591,17.2429892,FALSE,TRUE,0.368249382377161,54.6552757571599,0.762842250470573,113.22043037666,0.426333333333333,1.29062216902745,5.8288,34.9728,"at analyzer ceiling: censored values are lower bounds"
"compost","Z2","Bb","N min compost_Z2B T0_Bb",7.172,48.2733333333333,3.46216346666667,-0.1335154,16.4445741,FALSE,TRUE,0.470462562744005,52.7409316322737,0.974580643717728,109.254795537095,0.426333333333333,1.24811714296367,5.7376,34.4256,"at analyzer ceiling: censored values are lower bounds"
"compost","Z3","Ca","N min compost_Z3A T0_Ca",6.422,48.2733333333333,3.10011346666667,15.906335,6.73757015,TRUE,FALSE,62.9664306290875,21.112248974878,130.437295875751,43.734806604498,0.426333333333333,1.97213478351757,5.1376,30.8256,"at analyzer ceiling: censored values are lower bounds"
"compost","Z3","Cb","N min compost_Z3B T0_Cb",7.225,48.2733333333333,3.48774833333333,16.15025,2.3950701,TRUE,FALSE,56.8122204152249,3.73984244521338,117.688621216458,7.7472223005387,0.426333333333333,1.42029858155837,5.78,34.68,"at analyzer ceiling: censored values are lower bounds"
"slurry","Z4","Aa","N min slurry_Z4A T0_Aa",8.338,6.82,0.5686516,-0.0944889999999998,16.8299598,FALSE,TRUE,0.521685955864716,46.5210607060046,7.64935419156475,682.126989824115,0.131,3.59104936350148,40.0224,46.6928,"at analyzer ceiling: censored values are lower bounds"
"slurry","Z4","Ab","N min slurry_Z4B T0_Ab",9.52,6.82,0.649264,0.1412955,16.6771064,FALSE,TRUE,1.07609558823529,40.3436207107843,15.7785276867345,591.548690773964,0.131,3.16181040450531,45.696,53.312,"at analyzer ceiling: censored values are lower bounds"
"slurry","Z5","Ba","N min slurry_Z5B T0_Ba",9.846,6.82,0.6714972,-0.0440799,17.142171,FALSE,TRUE,0.569779098110908,40.1886943090257,8.35453223036522,589.277042654335,0.131,3.11133384787302,47.2608,55.1376,"at analyzer ceiling: censored values are lower bounds"
"slurry","Z5","Bb","Slurry 1 P slurry_Z5A T0_Bb",9.528,6.82,0.6498096,-0.0294449999999998,17.028344,FALSE,TRUE,0.627195371536524,41.231340172824,9.19641307238305,604.565105173372,0.131,3.19530805682141,45.7344,53.3568,"at analyzer ceiling: censored values are lower bounds"
"slurry","Z6","Ca","Slurry 1 P slurry_Z6A T0_Ca",9.474,6.82,0.6461268,0.588473,16.3372515,FALSE,TRUE,2.26133285834917,39.6426954471888,33.1573732895772,581.271194240305,0.131,3.19878078668229,45.4752,53.0544,"at analyzer ceiling: censored values are lower bounds"
"slurry","Z6","Cb","Slurry 1 P slurry_Z6B T0_Cb",9.304,6.82,0.6345328,1.2437913,14.96238395,FALSE,TRUE,4.06350225709372,36.6727437571654,59.582144532166,537.723515500959,0.131,3.10963710032512,44.6592,52.1024,"at analyzer ceiling: censored values are lower bounds"
