"plot","treatment","timepoint","lab_no","replicate","method","incubation_start","days_integrated","days_carried_forward","cumulative_ug_co2c_g","mean_rate_ug_co2c_g_d"
1,"slurry",1,"2","B","LGR",2025-06-03,28,0,634.445796121375,22.6587784329062
1,"slurry",1,"4","B","LGR",2025-06-03,28,0,698.883524078752,24.9601258599554
1,"slurry",2,"88","A","IRGA",2025-08-04,29,0,721.901830647385,24.8931665740478
1,"slurry",2,"114","A","IRGA",2025-08-04,29,0,660.188458994999,22.7651192756896
1,"slurry",2,"118","B","IRGA",2025-08-04,29,0,666.672907492056,22.9887209480019
1,"slurry",3,"183","A","IRGA",2025-11-25,27,0,232.81853881443,8.6229088449789
1,"slurry",3,"184","B","IRGA",2025-11-25,27,0,192.660784681117,7.13558461781916
2,"control",1,"6","B","LGR",2025-06-03,28,0,563.332911519833,20.1190325542798
2,"control",1,"8","B","LGR",2025-06-03,28,0,526.902665568527,18.8179523417331
2,"control",2,"90","A","IRGA",2025-08-04,29,0,528.704133740691,18.2311770255411
2,"control",2,"84","B","IRGA",2025-08-04,29,0,637.452652460856,21.9811259469261
2,"control",3,"187","A","IRGA",2025-11-25,27,0,237.198498623536,8.78512957864947
2,"control",3,"188","B","IRGA",2025-11-25,27,0,199.687112344114,7.39581897570791
3,"compost",1,"10","B","LGR",2025-06-03,28,0,473.024445984107,16.8937302137181
3,"compost",1,"12","B","LGR",2025-06-03,28,0,417.373908878569,14.9062110313775
3,"compost",2,"120","A","IRGA",2025-08-04,29,0,555.970757096549,19.1714054171224
3,"compost",2,"116","B","IRGA",2025-08-04,29,0,470.33638873918,16.21849616342
3,"compost",3,"191","A","IRGA",2025-11-25,27,0,221.860081480418,8.21704005483028
3,"compost",3,"192","B","IRGA",2025-11-25,27,0,284.896814047582,10.5517338536141
4,"compost",1,"14","B","LGR",2025-06-03,28,0,699.01464379437,24.9648087069418
4,"compost",1,"16","B","LGR",2025-06-03,28,0,593.8887878462,21.21031385165
4,"compost",2,"x6","C","IRGA",2025-08-07,26,0,428.336099437566,16.4744653629833
4,"compost",3,"195","A","IRGA",2025-11-25,27,0,135.730420727017,5.02705261951916
4,"compost",3,"196","B","IRGA",2025-11-25,27,0,360.197650483123,13.3406537215971
5,"control",1,"18","B","LGR",2025-06-03,28,0,479.056621409439,17.1091650503371
5,"control",1,"20","B","LGR",2025-06-03,28,0,434.540356117543,15.5192984327694
5,"control",2,"82","A","IRGA",2025-08-04,29,0,663.675391238848,22.885358318581
5,"control",2,"76","B","IRGA",2025-08-04,29,0,544.970013538355,18.7920694323571
5,"control",2,"86","B","IRGA",2025-08-04,29,0,637.014048180884,21.9660016614098
5,"control",3,"199","A","IRGA",2025-11-25,27,0,307.061675405531,11.3726546446493
5,"control",3,"200","B","IRGA",2025-11-25,27,0,386.986428409091,14.3328306818182
6,"slurry",1,"22","B","LGR",2025-06-03,28,0,486.180208935087,17.3635788905388
6,"slurry",1,"24","B","LGR",2025-06-03,28,0,527.856708076315,18.8520252884398
6,"slurry",2,"110","A","IRGA",2025-08-04,29,0,531.081769334275,18.3131644598026
6,"slurry",2,"x7","C","IRGA",2025-08-07,26,0,483.234880996939,18.5859569614207
6,"slurry",3,"203","A","IRGA",2025-11-25,27,0,299.770071786118,11.1025952513377
6,"slurry",3,"204","B","IRGA",2025-11-25,27,0,302.729124597976,11.2121897999251
7,"control",1,"26","B","LGR",2025-06-03,28,0,662.047254279357,23.6445447956913
7,"control",1,"28","B","LGR",2025-06-03,28,0,624.284025499056,22.2958580535377
7,"control",2,"104","A","IRGA",2025-08-04,29,0,523.622839133384,18.0559599701167
7,"control",2,"106","B","IRGA",2025-08-04,29,0,610.987671130297,21.0685403838033
7,"control",3,"207","A","IRGA",2025-11-25,27,0,254.261461782179,9.41709117711774
7,"control",3,"208","B","IRGA",2025-11-25,27,0,353.989943198657,13.1107386369873
8,"compost",1,"30","B","LGR",2025-06-03,28,0,470.820874343959,16.81503122657
8,"compost",1,"32","B","LGR",2025-06-03,28,0,446.834674363686,15.9583812272745
8,"compost",2,"78","A","IRGA",2025-08-04,29,0,637.807438903664,21.9933599621953
8,"compost",2,"80","A","IRGA",2025-08-04,29,0,632.36707968047,21.8057613682921
8,"compost",3,"211","A","IRGA",2025-11-25,27,0,332.724053849976,12.3231131055547
8,"compost",3,"212","B","IRGA",2025-11-25,27,0,232.726309171191,8.61949293226632
9,"compost",1,"34","B","LGR",2025-06-03,28,0,546.919174831074,19.5328276725384
9,"compost",1,"36","B","LGR",2025-06-03,28,0,642.821108251605,22.9578967232716
9,"compost",2,"102","A","IRGA",2025-08-04,29,0,695.204262119489,23.972560762741
9,"compost",2,"96","B","IRGA",2025-08-04,29,0,634.614160208444,21.8832469037395
9,"compost",2,"112","B","IRGA",2025-08-04,29,0,458.83532619641,15.8219077998762
9,"compost",3,"215","A","IRGA",2025-11-25,27,14,302.831341840021,11.2159756237045
9,"compost",3,"216","B","IRGA",2025-11-25,27,0,288.863755175171,10.6986575990804
10,"control",1,"38","B","LGR",2025-06-03,28,0,407.464858417106,14.5523163720395
10,"control",1,"40","B","LGR",2025-06-03,28,0,490.846169484442,17.5302203387301
10,"control",2,"108","A","IRGA",2025-08-04,29,0,952.96994130907,32.8610324589335
10,"control",2,"74","B","IRGA",2025-08-04,29,0,1063.58939969009,36.6754965410377
10,"control",3,"219","A","IRGA",2025-11-25,27,0,253.675753622701,9.39539828232226
10,"control",3,"220","B","IRGA",2025-11-25,27,0,303.69169436096,11.2478405318874
11,"slurry",1,"42","B","LGR",2025-06-03,28,0,606.465354185599,21.6594769352
11,"slurry",1,"44","B","LGR",2025-06-03,28,0,618.718863478144,22.0971022670766
11,"slurry",2,"68","A","IRGA",2025-08-04,29,0,770.709509887169,26.5761899961093
11,"slurry",2,"x8","C","IRGA",2025-08-07,26,0,617.801439009253,23.7615938080482
11,"slurry",3,"223","A","IRGA",2025-11-25,27,0,129.384959682193,4.79203554378491
11,"slurry",3,"224","B","IRGA",2025-11-25,27,0,175.494217008217,6.49978581511913
12,"slurry",1,"46","B","LGR",2025-06-03,28,0,545.827021235815,19.4938221869934
12,"slurry",1,"48","B","LGR",2025-06-03,28,0,466.910400614656,16.6753714505234
12,"slurry",2,"72","B","IRGA",2025-08-04,29,0,877.780002769717,30.2682759575764
12,"slurry",2,"x9","C","IRGA",2025-08-07,26,0,646.620862940419,24.8700331900161
12,"slurry",3,"227","A","IRGA",2025-11-25,27,0,155.457951546966,5.75770190914687
12,"slurry",3,"228","B","IRGA",2025-11-25,27,0,277.228451924025,10.2677204416306
13,"slurry",1,"50","B","LGR",2025-06-03,28,0,733.993120081833,26.2140400029226
13,"slurry",1,"52","B","LGR",2025-06-03,28,0,628.531234289614,22.4475440817719
13,"slurry",2,"66","A","IRGA",2025-08-04,29,0,1011.91386979486,34.8935817170641
13,"slurry",2,"94","A","IRGA",2025-08-04,29,0,946.39606847661,32.6343471888486
13,"slurry",3,"231","A","IRGA",2025-11-25,27,0,371.066732092949,13.7432122997388
13,"slurry",3,"232","B","IRGA",2025-11-25,27,0,330.782129443309,12.2511899793818
14,"compost",1,"54","B","LGR",2025-06-03,28,0,437.386346187472,15.6209409352669
14,"compost",1,"56","B","LGR",2025-06-03,28,0,402.196504582604,14.3641608779501
14,"compost",2,"98","A","IRGA",2025-08-04,29,0,635.144351348551,21.9015293568466
14,"compost",2,"62","B","IRGA",2025-08-04,29,0,480.734414471727,16.5770487748871
14,"compost",2,"92","B","IRGA",2025-08-04,29,0,593.031387550911,20.4493581914107
14,"compost",3,"235","A","IRGA",2025-11-25,27,0,364.9415206014,13.5163526148667
14,"compost",3,"236","B","IRGA",2025-11-25,27,0,297.441457928631,11.016350293653
15,"control",1,"58","B","LGR",2025-06-03,28,0,496.348202660716,17.726721523597
15,"control",1,"60","B","LGR",2025-06-03,28,0,426.86268495665,15.2450958913089
15,"control",2,"100","A","IRGA",2025-08-04,29,0,788.192628336124,27.1790561495215
15,"control",2,"64","B","IRGA",2025-08-04,29,0,720.652459400268,24.8500848069058
15,"control",2,"70","B","IRGA",2025-08-04,29,0,659.526026602698,22.7422767794034
15,"control",3,"239","A","IRGA",2025-11-25,27,0,311.266527256709,11.5283898983966
15,"control",3,"240","B","IRGA",2025-11-25,27,0,267.13821765336,9.89400806123557
