"plot","treatment","timepoint","lab_no","replicate","date","day","incubation_start","cmin_rate_ug_co2c_hr_g","method","flag","sheet"
1,"slurry",1,"2","B",2025-06-03,0,2025-06-03,1.70593698605175,"LGR",NA,NA
1,"slurry",1,"4","B",2025-06-03,0,2025-06-03,1.87606315470153,"LGR",NA,NA
2,"control",1,"6","B",2025-06-03,0,2025-06-03,1.15175494259291,"LGR",NA,NA
2,"control",1,"8","B",2025-06-03,0,2025-06-03,1.47082699575827,"LGR",NA,NA
3,"compost",1,"10","B",2025-06-03,0,2025-06-03,1.38806584169446,"LGR",NA,NA
3,"compost",1,"12","B",2025-06-03,0,2025-06-03,1.13393256324034,"LGR",NA,NA
4,"compost",1,"14","B",2025-06-03,0,2025-06-03,2.05848773061192,"LGR",NA,NA
4,"compost",1,"16","B",2025-06-03,0,2025-06-03,1.26214684514097,"LGR",NA,NA
5,"control",1,"18","B",2025-06-03,0,2025-06-03,1.35853673428682,"LGR",NA,NA
5,"control",1,"20","B",2025-06-03,0,2025-06-03,1.2774522231653,"LGR",NA,NA
6,"slurry",1,"22","B",2025-06-03,0,2025-06-03,1.13629918726321,"LGR",NA,NA
6,"slurry",1,"24","B",2025-06-03,0,2025-06-03,1.17959318624423,"LGR",NA,NA
7,"control",1,"26","B",2025-06-03,0,2025-06-03,2.26847826987848,"LGR",NA,NA
7,"control",1,"28","B",2025-06-03,0,2025-06-03,2.12073450556523,"LGR",NA,NA
8,"compost",1,"30","B",2025-06-03,0,2025-06-03,1.13158325783083,"LGR",NA,NA
8,"compost",1,"32","B",2025-06-03,0,2025-06-03,0.838050542697619,"LGR",NA,NA
9,"compost",1,"34","B",2025-06-03,0,2025-06-03,1.2041402083564,"LGR",NA,NA
9,"compost",1,"36","B",2025-06-03,0,2025-06-03,1.21378148925282,"LGR",NA,NA
10,"control",1,"38","B",2025-06-03,0,2025-06-03,1.00887019919716,"LGR",NA,NA
10,"control",1,"40","B",2025-06-03,0,2025-06-03,1.02610284941653,"LGR",NA,NA
11,"slurry",1,"42","B",2025-06-03,0,2025-06-03,1.7706096553394,"LGR",NA,NA
11,"slurry",1,"44","B",2025-06-03,0,2025-06-03,1.58332730386229,"LGR",NA,NA
12,"slurry",1,"46","B",2025-06-03,0,2025-06-03,1.07142685534912,"LGR",NA,NA
12,"slurry",1,"48","B",2025-06-03,0,2025-06-03,0.750610343116646,"LGR",NA,NA
13,"slurry",1,"50","B",2025-06-03,0,2025-06-03,2.09247789098718,"LGR",NA,NA
13,"slurry",1,"52","B",2025-06-03,0,2025-06-03,1.83616428532666,"LGR",NA,NA
14,"compost",1,"54","B",2025-06-03,0,2025-06-03,1.13194555954034,"LGR",NA,NA
14,"compost",1,"56","B",2025-06-03,0,2025-06-03,1.20290866091166,"LGR",NA,NA
15,"control",1,"58","B",2025-06-03,0,2025-06-03,1.1326276516927,"LGR",NA,NA
15,"control",1,"60","B",2025-06-03,0,2025-06-03,0.829754128833613,"LGR",NA,NA
1,"slurry",1,"2","B",2025-06-10,7,2025-06-03,0.981190809568712,"LGR",NA,NA
1,"slurry",1,"4","B",2025-06-10,7,2025-06-03,1.17758387601346,"LGR",NA,NA
2,"control",1,"6","B",2025-06-10,7,2025-06-03,0.854138520877433,"LGR",NA,NA
2,"control",1,"8","B",2025-06-10,7,2025-06-03,0.7649565109586,"LGR",NA,NA
3,"compost",1,"10","B",2025-06-10,7,2025-06-03,0.805389373711308,"LGR",NA,NA
3,"compost",1,"12","B",2025-06-10,7,2025-06-03,0.507254869447621,"LGR",NA,NA
4,"compost",1,"14","B",2025-06-10,7,2025-06-03,1.10542812363719,"LGR",NA,NA
4,"compost",1,"16","B",2025-06-10,7,2025-06-03,0.629224612119684,"LGR",NA,NA
5,"control",1,"18","B",2025-06-10,7,2025-06-03,0.718718234755148,"LGR",NA,NA
5,"control",1,"20","B",2025-06-10,7,2025-06-03,0.403750085293689,"LGR",NA,NA
6,"slurry",1,"22","B",2025-06-10,7,2025-06-03,0.883584346779917,"LGR",NA,NA
6,"slurry",1,"24","B",2025-06-10,7,2025-06-03,0.845842492308374,"LGR",NA,NA
7,"control",1,"26","B",2025-06-10,7,2025-06-03,0.975111584891788,"LGR",NA,NA
7,"control",1,"28","B",2025-06-10,7,2025-06-03,0.87362499070437,"LGR",NA,NA
8,"compost",1,"30","B",2025-06-10,7,2025-06-03,0.707523730870222,"LGR",NA,NA
8,"compost",1,"32","B",2025-06-10,7,2025-06-03,0.723717683627318,"LGR",NA,NA
9,"compost",1,"34","B",2025-06-10,7,2025-06-03,0.929660357226151,"LGR",NA,NA
9,"compost",1,"36","B",2025-06-10,7,2025-06-03,1.00000884784069,"LGR",NA,NA
10,"control",1,"38","B",2025-06-10,7,2025-06-03,0.702239539662194,"LGR",NA,NA
10,"control",1,"40","B",2025-06-10,7,2025-06-03,0.761984950610848,"LGR",NA,NA
11,"slurry",1,"42","B",2025-06-10,7,2025-06-03,0.936525372228547,"LGR",NA,NA
11,"slurry",1,"44","B",2025-06-10,7,2025-06-03,1.01666853530845,"LGR",NA,NA
12,"slurry",1,"46","B",2025-06-10,7,2025-06-03,0.904839651914596,"LGR",NA,NA
12,"slurry",1,"48","B",2025-06-10,7,2025-06-03,0.769584936044201,"LGR",NA,NA
13,"slurry",1,"50","B",2025-06-10,7,2025-06-03,1.14543024703648,"LGR",NA,NA
13,"slurry",1,"52","B",2025-06-10,7,2025-06-03,1.07093778814819,"LGR",NA,NA
14,"compost",1,"54","B",2025-06-10,7,2025-06-03,0.734521230985377,"LGR",NA,NA
14,"compost",1,"56","B",2025-06-10,7,2025-06-03,0.685501506355528,"LGR",NA,NA
15,"control",1,"58","B",2025-06-10,7,2025-06-03,0.731687081808309,"LGR",NA,NA
15,"control",1,"60","B",2025-06-10,7,2025-06-03,0.814937688757378,"LGR",NA,NA
1,"slurry",1,"2","B",2025-06-17,14,2025-06-03,1.15271993686969,"LGR",NA,NA
1,"slurry",1,"4","B",2025-06-17,14,2025-06-03,1.05228149801432,"LGR",NA,NA
2,"control",1,"6","B",2025-06-17,14,2025-06-03,0.903089335887436,"LGR",NA,NA
2,"control",1,"8","B",2025-06-17,14,2025-06-03,0.767453362943066,"LGR",NA,NA
3,"compost",1,"10","B",2025-06-17,14,2025-06-03,0.731606083811771,"LGR",NA,NA
3,"compost",1,"12","B",2025-06-17,14,2025-06-03,0.6969075153449,"LGR",NA,NA
4,"compost",1,"14","B",2025-06-17,14,2025-06-03,1.01145582296866,"LGR",NA,NA
4,"compost",1,"16","B",2025-06-17,14,2025-06-03,1.28165522706338,"LGR",NA,NA
5,"control",1,"18","B",2025-06-17,14,2025-06-03,0.75686348605173,"LGR",NA,NA
5,"control",1,"20","B",2025-06-17,14,2025-06-03,0.719055505982027,"LGR",NA,NA
6,"slurry",1,"22","B",2025-06-17,14,2025-06-03,0.677071583611025,"LGR",NA,NA
6,"slurry",1,"24","B",2025-06-17,14,2025-06-03,0.856976920573454,"LGR",NA,NA
7,"control",1,"26","B",2025-06-17,14,2025-06-03,0.936748606101542,"LGR",NA,NA
7,"control",1,"28","B",2025-06-17,14,2025-06-03,0.856086171372604,"LGR",NA,NA
8,"compost",1,"30","B",2025-06-17,14,2025-06-03,0.730020256878992,"LGR",NA,NA
8,"compost",1,"32","B",2025-06-17,14,2025-06-03,0.759097758790713,"LGR",NA,NA
9,"compost",1,"34","B",2025-06-17,14,2025-06-03,0.814424550083399,"LGR",NA,NA
9,"compost",1,"36","B",2025-06-17,14,2025-06-03,1.20129582852804,"LGR",NA,NA
10,"control",1,"38","B",2025-06-17,14,2025-06-03,0.673292648488813,"LGR",NA,NA
10,"control",1,"40","B",2025-06-17,14,2025-06-03,0.815215228967713,"LGR",NA,NA
11,"slurry",1,"42","B",2025-06-17,14,2025-06-03,0.846811082650253,"LGR",NA,NA
11,"slurry",1,"44","B",2025-06-17,14,2025-06-03,0.93356766637464,"LGR",NA,NA
12,"slurry",1,"46","B",2025-06-17,14,2025-06-03,0.879645031647616,"LGR",NA,NA
12,"slurry",1,"48","B",2025-06-17,14,2025-06-03,0.851305021541653,"LGR",NA,NA
13,"slurry",1,"50","B",2025-06-17,14,2025-06-03,1.10418221856715,"LGR",NA,NA
13,"slurry",1,"52","B",2025-06-17,14,2025-06-03,1.03547543606638,"LGR",NA,NA
14,"compost",1,"54","B",2025-06-17,14,2025-06-03,0.634509511987281,"LGR",NA,NA
14,"compost",1,"56","B",2025-06-17,14,2025-06-03,0.681409673256267,"LGR",NA,NA
15,"control",1,"58","B",2025-06-17,14,2025-06-03,0.806794889129316,"LGR",NA,NA
15,"control",1,"60","B",2025-06-17,14,2025-06-03,0.770104650850329,"LGR",NA,NA
1,"slurry",1,"2","B",2025-06-23,20,2025-06-03,0.543086373529273,"LGR",NA,NA
1,"slurry",1,"4","B",2025-06-23,20,2025-06-03,0.734833166300016,"LGR",NA,NA
2,"control",1,"6","B",2025-06-23,20,2025-06-03,0.737562297035994,"LGR",NA,NA
2,"control",1,"8","B",2025-06-23,20,2025-06-03,0.639340484651112,"LGR",NA,NA
3,"compost",1,"10","B",2025-06-23,20,2025-06-03,0.367270423922081,"LGR",NA,NA
3,"compost",1,"12","B",2025-06-23,20,2025-06-03,0.491553339769716,"LGR",NA,NA
4,"compost",1,"14","B",2025-06-23,20,2025-06-03,0.725318743208097,"LGR",NA,NA
4,"compost",1,"16","B",2025-06-23,20,2025-06-03,0.732562003057126,"LGR",NA,NA
5,"control",1,"18","B",2025-06-23,20,2025-06-03,0.540764061965369,"LGR",NA,NA
5,"control",1,"20","B",2025-06-23,20,2025-06-03,0.587448363526857,"LGR",NA,NA
6,"slurry",1,"22","B",2025-06-23,20,2025-06-03,0.562063684211451,"LGR",NA,NA
6,"slurry",1,"24","B",2025-06-23,20,2025-06-03,0.647628377675045,"LGR",NA,NA
7,"control",1,"26","B",2025-06-23,20,2025-06-03,0.656540180787654,"LGR",NA,NA
7,"control",1,"28","B",2025-06-23,20,2025-06-03,0.70649794291408,"LGR",NA,NA
8,"compost",1,"30","B",2025-06-23,20,2025-06-03,0.601741092376546,"LGR",NA,NA
8,"compost",1,"32","B",2025-06-23,20,2025-06-03,0.554612082866846,"LGR",NA,NA
9,"compost",1,"34","B",2025-06-23,20,2025-06-03,0.677127485376733,"LGR",NA,NA
9,"compost",1,"36","B",2025-06-23,20,2025-06-03,0.728384698268347,"LGR",NA,NA
10,"control",1,"38","B",2025-06-23,20,2025-06-03,0.333676799873577,"LGR",NA,NA
10,"control",1,"40","B",2025-06-23,20,2025-06-03,0.600433684157717,"LGR",NA,NA
11,"slurry",1,"42","B",2025-06-23,20,2025-06-03,0.709650585951606,"LGR",NA,NA
11,"slurry",1,"44","B",2025-06-23,20,2025-06-03,0.637443955538344,"LGR",NA,NA
12,"slurry",1,"46","B",2025-06-23,20,2025-06-03,0.670193858339032,"LGR",NA,NA
12,"slurry",1,"48","B",2025-06-23,20,2025-06-03,0.576989081573006,"LGR",NA,NA
13,"slurry",1,"50","B",2025-06-23,20,2025-06-03,0.787631771027753,"LGR",NA,NA
13,"slurry",1,"52","B",2025-06-23,20,2025-06-03,0.587505201789042,"LGR",NA,NA
14,"compost",1,"54","B",2025-06-23,20,2025-06-03,0.456038182056753,"LGR",NA,NA
14,"compost",1,"56","B",2025-06-23,20,2025-06-03,0.27900597432272,"LGR",NA,NA
15,"control",1,"58","B",2025-06-23,20,2025-06-03,0.640879566935336,"LGR",NA,NA
15,"control",1,"60","B",2025-06-23,20,2025-06-03,0.319173955739265,"LGR",NA,NA
1,"slurry",1,"2","B",2025-07-01,28,2025-06-03,0.575460545634316,"LGR",NA,NA
1,"slurry",1,"4","B",2025-07-01,28,2025-06-03,0.581794190467977,"LGR",NA,NA
2,"control",1,"6","B",2025-07-01,28,2025-06-03,0.607268984730553,"LGR",NA,NA
2,"control",1,"8","B",2025-07-01,28,2025-06-03,0.496964354617518,"LGR",NA,NA
3,"compost",1,"10","B",2025-07-01,28,2025-06-03,0.471765835465903,"LGR",NA,NA
3,"compost",1,"12","B",2025-07-01,28,2025-06-03,0.475064812750652,"LGR",NA,NA
4,"compost",1,"14","B",2025-07-01,28,2025-06-03,0.632803045935939,"LGR",NA,NA
4,"compost",1,"16","B",2025-07-01,28,2025-06-03,0.616146730028819,"LGR",NA,NA
5,"control",1,"18","B",2025-07-01,28,2025-06-03,0.367456313085721,"LGR",NA,NA
5,"control",1,"20","B",2025-07-01,28,2025-06-03,0.505628864964682,"LGR",NA,NA
6,"slurry",1,"22","B",2025-07-01,28,2025-06-03,0.439990009949036,"LGR",NA,NA
6,"slurry",1,"24","B",2025-07-01,28,2025-06-03,0.460201819428399,"LGR",NA,NA
7,"control",1,"26","B",2025-07-01,28,2025-06-03,0.533800004412268,"LGR",NA,NA
7,"control",1,"28","B",2025-07-01,28,2025-06-03,0.490960744266155,"LGR",NA,NA
8,"compost",1,"30","B",2025-07-01,28,2025-06-03,0.436752399037389,"LGR",NA,NA
8,"compost",1,"32","B",2025-07-01,28,2025-06-03,0.450622683694953,"LGR",NA,NA
9,"compost",1,"34","B",2025-07-01,28,2025-06-03,0.508133437071265,"LGR",NA,NA
9,"compost",1,"36","B",2025-07-01,28,2025-06-03,0.657199980809123,"LGR",NA,NA
10,"control",1,"38","B",2025-07-01,28,2025-06-03,0.454710036232082,"LGR",NA,NA
10,"control",1,"40","B",2025-07-01,28,2025-06-03,0.50618358097262,"LGR",NA,NA
11,"slurry",1,"42","B",2025-07-01,28,2025-06-03,0.51118805488942,"LGR",NA,NA
11,"slurry",1,"44","B",2025-07-01,28,2025-06-03,0.647832453510486,"LGR",NA,NA
12,"slurry",1,"46","B",2025-07-01,28,2025-06-03,0.562467820071369,"LGR",NA,NA
12,"slurry",1,"48","B",2025-07-01,28,2025-06-03,0.466990765340304,"LGR",NA,NA
13,"slurry",1,"50","B",2025-07-01,28,2025-06-03,0.637688876121279,"LGR",NA,NA
13,"slurry",1,"52","B",2025-07-01,28,2025-06-03,0.355633791524633,"LGR",NA,NA
14,"compost",1,"54","B",2025-07-01,28,2025-06-03,0.451098478385308,"LGR",NA,NA
14,"compost",1,"56","B",2025-07-01,28,2025-06-03,0.341823034209384,"LGR",NA,NA
15,"control",1,"58","B",2025-07-01,28,2025-06-03,0.466211252348153,"LGR",NA,NA
15,"control",1,"60","B",2025-07-01,28,2025-06-03,0.484336003401449,"LGR",NA,NA
14,"compost",2,"62","B",2025-08-04,0,2025-08-04,1.34452895008327,"IRGA",NA,NA
15,"control",2,"64","B",2025-08-04,0,2025-08-04,2.0588526116211,"IRGA",NA,NA
13,"slurry",2,"66","A",2025-08-04,0,2025-08-04,1.79184093267622,"IRGA",NA,NA
11,"slurry",2,"68","A",2025-08-04,0,2025-08-04,2.46351321932932,"IRGA",NA,NA
15,"control",2,"70","B",2025-08-04,0,2025-08-04,2.00432353128624,"IRGA",NA,NA
12,"slurry",2,"72","B",2025-08-04,0,2025-08-04,1.82748133760015,"IRGA",NA,NA
10,"control",2,"74","B",2025-08-04,0,2025-08-04,2.11298521859026,"IRGA",NA,NA
5,"control",2,"76","B",2025-08-04,0,2025-08-04,1.40795501229798,"IRGA",NA,NA
8,"compost",2,"78","A",2025-08-04,0,2025-08-04,1.51846391487626,"IRGA",NA,NA
8,"compost",2,"80","A",2025-08-04,0,2025-08-04,1.75758899094195,"IRGA",NA,NA
5,"control",2,"82","A",2025-08-04,0,2025-08-04,1.55309536660377,"IRGA",NA,NA
2,"control",2,"84","B",2025-08-04,0,2025-08-04,1.4696026066766,"IRGA",NA,NA
5,"control",2,"86","B",2025-08-04,0,2025-08-04,1.50631183141119,"IRGA",NA,NA
1,"slurry",2,"88","A",2025-08-04,0,2025-08-04,1.9960858300701,"IRGA",NA,NA
2,"control",2,"90","A",2025-08-04,0,2025-08-04,1.48739706027091,"IRGA",NA,NA
14,"compost",2,"92","B",2025-08-04,0,2025-08-04,1.40045878868657,"IRGA",NA,NA
13,"slurry",2,"94","A",2025-08-04,0,2025-08-04,2.0983190950848,"IRGA",NA,NA
9,"compost",2,"96","B",2025-08-04,0,2025-08-04,1.52290940664908,"IRGA",NA,NA
14,"compost",2,"98","A",2025-08-04,0,2025-08-04,1.26586399884647,"IRGA",NA,NA
15,"control",2,"100","A",2025-08-04,0,2025-08-04,2.17938248387975,"IRGA",NA,NA
9,"compost",2,"102","A",2025-08-04,0,2025-08-04,1.46947059476083,"IRGA",NA,NA
7,"control",2,"104","A",2025-08-04,0,2025-08-04,1.71884567547494,"IRGA",NA,NA
7,"control",2,"106","B",2025-08-04,0,2025-08-04,1.43039229415682,"IRGA",NA,NA
10,"control",2,"108","A",2025-08-04,0,2025-08-04,2.65282447502738,"IRGA",NA,NA
6,"slurry",2,"110","A",2025-08-04,0,2025-08-04,1.11518513986141,"IRGA",NA,NA
9,"compost",2,"112","B",2025-08-04,0,2025-08-04,1.07776771056036,"IRGA",NA,NA
1,"slurry",2,"114","A",2025-08-04,0,2025-08-04,1.76472635572416,"IRGA",NA,NA
3,"compost",2,"116","B",2025-08-04,0,2025-08-04,0.776112869910682,"IRGA",NA,NA
1,"slurry",2,"118","B",2025-08-04,0,2025-08-04,1.63839308603931,"IRGA",NA,NA
3,"compost",2,"120","A",2025-08-04,0,2025-08-04,1.43491282617759,"IRGA",NA,NA
14,"compost",2,"62","B",2025-08-07,3,2025-08-04,0.987780767416024,"IRGA",NA,NA
15,"control",2,"64","B",2025-08-07,3,2025-08-04,1.34439425274322,"IRGA",NA,NA
13,"slurry",2,"66","A",2025-08-07,3,2025-08-04,1.17404266030269,"IRGA",NA,NA
11,"slurry",2,"68","A",2025-08-07,3,2025-08-04,1.70707385498583,"IRGA",NA,NA
15,"control",2,"70","B",2025-08-07,3,2025-08-04,0.90528124252987,"IRGA",NA,NA
12,"slurry",2,"72","B",2025-08-07,3,2025-08-04,1.58327556844615,"IRGA",NA,NA
10,"control",2,"74","B",2025-08-07,3,2025-08-04,1.43993104030168,"IRGA",NA,NA
5,"control",2,"76","B",2025-08-07,3,2025-08-04,0.656430767777649,"IRGA",NA,NA
8,"compost",2,"78","A",2025-08-07,3,2025-08-04,1.08782893026499,"IRGA",NA,NA
8,"compost",2,"80","A",2025-08-07,3,2025-08-04,1.13725424567417,"IRGA",NA,NA
5,"control",2,"82","A",2025-08-07,3,2025-08-04,1.18652365895881,"IRGA",NA,NA
2,"control",2,"84","B",2025-08-07,3,2025-08-04,1.14599453055383,"IRGA",NA,NA
5,"control",2,"86","B",2025-08-07,3,2025-08-04,1.10766019582273,"IRGA",NA,NA
1,"slurry",2,"88","A",2025-08-07,3,2025-08-04,1.40431169473013,"IRGA",NA,NA
2,"control",2,"90","A",2025-08-07,3,2025-08-04,0.138698551343451,"IRGA",NA,NA
14,"compost",2,"92","B",2025-08-07,3,2025-08-04,0.893842031064109,"IRGA",NA,NA
13,"slurry",2,"94","A",2025-08-07,3,2025-08-04,1.18108606776819,"IRGA",NA,NA
9,"compost",2,"96","B",2025-08-07,3,2025-08-04,1.04436571990219,"IRGA",NA,NA
14,"compost",2,"98","A",2025-08-07,3,2025-08-04,0.956287402093641,"IRGA",NA,NA
15,"control",2,"100","A",2025-08-07,3,2025-08-04,1.44835658741584,"IRGA",NA,NA
9,"compost",2,"102","A",2025-08-07,3,2025-08-04,1.19002361473337,"IRGA",NA,NA
7,"control",2,"104","A",2025-08-07,3,2025-08-04,1.16586201218625,"IRGA",NA,NA
7,"control",2,"106","B",2025-08-07,3,2025-08-04,1.13619802468287,"IRGA",NA,NA
10,"control",2,"108","A",2025-08-07,3,2025-08-04,1.20660765736787,"IRGA",NA,NA
6,"slurry",2,"110","A",2025-08-07,3,2025-08-04,0.885177386862476,"IRGA",NA,NA
9,"compost",2,"112","B",2025-08-07,3,2025-08-04,1.12207878159151,"IRGA",NA,NA
1,"slurry",2,"114","A",2025-08-07,3,2025-08-04,1.26909745240051,"IRGA",NA,NA
3,"compost",2,"116","B",2025-08-07,3,2025-08-04,0.683449351363249,"IRGA",NA,NA
1,"slurry",2,"118","B",2025-08-07,3,2025-08-04,1.16891483219617,"IRGA",NA,NA
3,"compost",2,"120","A",2025-08-07,3,2025-08-04,1.09563561259384,"IRGA",NA,NA
4,"compost",2,"x6","C",2025-08-07,3,2025-08-07,1.14539243352794,"IRGA",NA,NA
6,"slurry",2,"x7","C",2025-08-07,3,2025-08-07,0.893063610306777,"IRGA",NA,NA
11,"slurry",2,"x8","C",2025-08-07,3,2025-08-07,1.32337536111182,"IRGA",NA,NA
12,"slurry",2,"x9","C",2025-08-07,3,2025-08-07,1.39897347773716,"IRGA",NA,NA
14,"compost",2,"62","B",2025-08-10,6,2025-08-04,0.68809639073389,"IRGA",NA,NA
15,"control",2,"64","B",2025-08-10,6,2025-08-04,1.01529258898216,"IRGA",NA,NA
13,"slurry",2,"66","A",2025-08-10,6,2025-08-04,1.63947818480405,"IRGA",NA,NA
11,"slurry",2,"68","A",2025-08-10,6,2025-08-04,1.53626290879767,"IRGA",NA,NA
15,"control",2,"70","B",2025-08-10,6,2025-08-04,1.0009112398279,"IRGA",NA,NA
12,"slurry",2,"72","B",2025-08-10,6,2025-08-04,1.24968079430841,"IRGA",NA,NA
10,"control",2,"74","B",2025-08-10,6,2025-08-04,1.18376421177716,"IRGA",NA,NA
5,"control",2,"76","B",2025-08-10,6,2025-08-04,0.788949432913316,"IRGA",NA,NA
8,"compost",2,"78","A",2025-08-10,6,2025-08-04,0.816711362475814,"IRGA",NA,NA
8,"compost",2,"80","A",2025-08-10,6,2025-08-04,0.977686522858447,"IRGA",NA,NA
5,"control",2,"82","A",2025-08-10,6,2025-08-04,0.937268652205431,"IRGA",NA,NA
2,"control",2,"84","B",2025-08-10,6,2025-08-04,0.969163589338315,"IRGA",NA,NA
5,"control",2,"86","B",2025-08-10,6,2025-08-04,0.917959186387053,"IRGA",NA,NA
1,"slurry",2,"88","A",2025-08-10,6,2025-08-04,1.13268781091439,"IRGA",NA,NA
2,"control",2,"90","A",2025-08-10,6,2025-08-04,0.888306201329484,"IRGA",NA,NA
14,"compost",2,"92","B",2025-08-10,6,2025-08-04,0.869262298243236,"IRGA",NA,NA
13,"slurry",2,"94","A",2025-08-10,6,2025-08-04,1.46805357571164,"IRGA",NA,NA
9,"compost",2,"96","B",2025-08-10,6,2025-08-04,0.883645120023139,"IRGA",NA,NA
14,"compost",2,"98","A",2025-08-10,6,2025-08-04,0.858344222079177,"IRGA",NA,NA
15,"control",2,"100","A",2025-08-10,6,2025-08-04,1.1918343277953,"IRGA",NA,NA
9,"compost",2,"102","A",2025-08-10,6,2025-08-04,1.00982124742374,"IRGA",NA,NA
7,"control",2,"104","A",2025-08-10,6,2025-08-04,0.772770294747882,"IRGA",NA,NA
7,"control",2,"106","B",2025-08-10,6,2025-08-04,0.976057608737852,"IRGA",NA,NA
10,"control",2,"108","A",2025-08-10,6,2025-08-04,1.44197667260664,"IRGA",NA,NA
6,"slurry",2,"110","A",2025-08-10,6,2025-08-04,0.725832714587625,"IRGA",NA,NA
9,"compost",2,"112","B",2025-08-10,6,2025-08-04,0.304781189078679,"IRGA",NA,NA
1,"slurry",2,"114","A",2025-08-10,6,2025-08-04,1.13340534888694,"IRGA",NA,NA
3,"compost",2,"116","B",2025-08-10,6,2025-08-04,0.569375426527075,"IRGA",NA,NA
1,"slurry",2,"118","B",2025-08-10,6,2025-08-04,0.837096158897105,"IRGA",NA,NA
3,"compost",2,"120","A",2025-08-10,6,2025-08-04,0.825150972458852,"IRGA",NA,NA
4,"compost",2,"x6","C",2025-08-10,6,2025-08-07,0.531317115292236,"IRGA",NA,NA
6,"slurry",2,"x7","C",2025-08-10,6,2025-08-07,0.862245204601735,"IRGA",NA,NA
11,"slurry",2,"x8","C",2025-08-10,6,2025-08-07,1.39890480855053,"IRGA",NA,NA
12,"slurry",2,"x9","C",2025-08-10,6,2025-08-07,1.23754686100053,"IRGA",NA,NA
14,"compost",2,"62","B",2025-08-17,13,2025-08-04,0.729160039501158,"IRGA",NA,NA
15,"control",2,"64","B",2025-08-17,13,2025-08-04,0.882186805272016,"IRGA",NA,NA
11,"slurry",2,"68","A",2025-08-17,13,2025-08-04,0.827214487365041,"IRGA",NA,NA
13,"slurry",2,"66","A",2025-08-17,13,2025-08-04,1.42806066128297,"IRGA",NA,NA
15,"control",2,"70","B",2025-08-17,13,2025-08-04,0.895332523179098,"IRGA",NA,NA
12,"slurry",2,"72","B",2025-08-17,13,2025-08-04,1.06691550528528,"IRGA",NA,NA
10,"control",2,"74","B",2025-08-17,13,2025-08-04,1.33966220068787,"IRGA",NA,NA
5,"control",2,"76","B",2025-08-17,13,2025-08-04,0.869393963898454,"IRGA",NA,NA
8,"compost",2,"78","A",2025-08-17,13,2025-08-04,0.890882092507727,"IRGA",NA,NA
8,"compost",2,"80","A",2025-08-17,13,2025-08-04,0.857766304115941,"IRGA",NA,NA
5,"control",2,"82","A",2025-08-17,13,2025-08-04,0.896619267407268,"IRGA",NA,NA
2,"control",2,"84","B",2025-08-17,13,2025-08-04,0.888799900635105,"IRGA",NA,NA
5,"control",2,"86","B",2025-08-17,13,2025-08-04,0.886778318905179,"IRGA",NA,NA
1,"slurry",2,"88","A",2025-08-17,13,2025-08-04,0.964930070536503,"IRGA",NA,NA
2,"control",2,"90","A",2025-08-17,13,2025-08-04,0.841795216674965,"IRGA",NA,NA
14,"compost",2,"92","B",2025-08-17,13,2025-08-04,0.855384741707252,"IRGA",NA,NA
13,"slurry",2,"94","A",2025-08-17,13,2025-08-04,1.12570813007593,"IRGA",NA,NA
9,"compost",2,"96","B",2025-08-17,13,2025-08-04,0.912591930072003,"IRGA",NA,NA
14,"compost",2,"98","A",2025-08-17,13,2025-08-04,0.991431103135287,"IRGA",NA,NA
15,"control",2,"100","A",2025-08-17,13,2025-08-04,1.03094327012895,"IRGA",NA,NA
9,"compost",2,"102","A",2025-08-17,13,2025-08-04,0.932743267520241,"IRGA",NA,NA
7,"control",2,"104","A",2025-08-17,13,2025-08-04,0.664079880613853,"IRGA",NA,NA
7,"control",2,"106","B",2025-08-17,13,2025-08-04,0.85231993750506,"IRGA",NA,NA
10,"control",2,"108","A",2025-08-17,13,2025-08-04,1.51559585851504,"IRGA",NA,NA
6,"slurry",2,"110","A",2025-08-17,13,2025-08-04,0.724207628897956,"IRGA",NA,NA
9,"compost",2,"112","B",2025-08-17,13,2025-08-04,0.522837676737837,"IRGA",NA,NA
1,"slurry",2,"114","A",2025-08-17,13,2025-08-04,0.976743351952518,"IRGA",NA,NA
3,"compost",2,"116","B",2025-08-17,13,2025-08-04,0.631737354093765,"IRGA",NA,NA
1,"slurry",2,"118","B",2025-08-17,13,2025-08-04,0.883813482059289,"IRGA",NA,NA
3,"compost",2,"120","A",2025-08-17,13,2025-08-04,0.845772964936944,"IRGA",NA,NA
4,"compost",2,"x6","C",2025-08-17,13,2025-08-07,0.795753677075239,"IRGA",NA,NA
6,"slurry",2,"x7","C",2025-08-17,13,2025-08-07,0.85036318695248,"IRGA",NA,NA
11,"slurry",2,"x8","C",2025-08-17,13,2025-08-07,0.860419216066635,"IRGA",NA,NA
12,"slurry",2,"x9","C",2025-08-17,13,2025-08-07,1.06769502930386,"IRGA",NA,NA
14,"compost",2,"62","B",2025-08-25,21,2025-08-04,0.505409826276231,"IRGA",NA,NA
15,"control",2,"64","B",2025-08-25,21,2025-08-04,0.904752744648314,"IRGA",NA,NA
13,"slurry",2,"66","A",2025-08-25,21,2025-08-04,1.43710850423416,"IRGA",NA,NA
11,"slurry",2,"68","A",2025-08-25,21,2025-08-04,0.769288234563479,"IRGA",NA,NA
15,"control",2,"70","B",2025-08-25,21,2025-08-04,0.845970113545347,"IRGA",NA,NA
12,"slurry",2,"72","B",2025-08-25,21,2025-08-04,1.19541908039341,"IRGA",NA,NA
10,"control",2,"74","B",2025-08-25,21,2025-08-04,1.68938938741616,"IRGA",NA,NA
5,"control",2,"76","B",2025-08-25,21,2025-08-04,0.694858356542657,"IRGA",NA,NA
8,"compost",2,"78","A",2025-08-25,21,2025-08-04,0.849835138600266,"IRGA",NA,NA
8,"compost",2,"80","A",2025-08-25,21,2025-08-04,0.751385451196552,"IRGA",NA,NA
5,"control",2,"82","A",2025-08-25,21,2025-08-04,0.83366868959527,"IRGA",NA,NA
2,"control",2,"84","B",2025-08-25,21,2025-08-04,0.793310137490511,"IRGA",NA,NA
5,"control",2,"86","B",2025-08-25,21,2025-08-04,0.807395504303153,"IRGA",NA,NA
1,"slurry",2,"88","A",2025-08-25,21,2025-08-04,0.843370477617317,"IRGA",NA,NA
2,"control",2,"90","A",2025-08-25,21,2025-08-04,0.744635382092201,"IRGA",NA,NA
14,"compost",2,"92","B",2025-08-25,21,2025-08-04,0.751491989904564,"IRGA",NA,NA
13,"slurry",2,"94","A",2025-08-25,21,2025-08-04,1.43511719548548,"IRGA",NA,NA
9,"compost",2,"96","B",2025-08-25,21,2025-08-04,0.788879438522588,"IRGA",NA,NA
14,"compost",2,"98","A",2025-08-25,21,2025-08-04,0.835234823695047,"IRGA",NA,NA
15,"control",2,"100","A",2025-08-25,21,2025-08-04,0.946322732301031,"IRGA",NA,NA
9,"compost",2,"102","A",2025-08-25,21,2025-08-04,0.883950094867236,"IRGA",NA,NA
7,"control",2,"104","A",2025-08-25,21,2025-08-04,0.58677061360076,"IRGA",NA,NA
7,"control",2,"106","B",2025-08-25,21,2025-08-04,0.745697686072251,"IRGA",NA,NA
10,"control",2,"108","A",2025-08-25,21,2025-08-04,1.1699735930461,"IRGA",NA,NA
6,"slurry",2,"110","A",2025-08-25,21,2025-08-04,0.701693762639046,"IRGA",NA,NA
9,"compost",2,"112","B",2025-08-25,21,2025-08-04,0.733590789880819,"IRGA",NA,NA
1,"slurry",2,"114","A",2025-08-25,21,2025-08-04,0.720406909906158,"IRGA",NA,NA
3,"compost",2,"116","B",2025-08-25,21,2025-08-04,0.671160298083008,"IRGA",NA,NA
1,"slurry",2,"118","B",2025-08-25,21,2025-08-04,0.908378429911859,"IRGA",NA,NA
3,"compost",2,"120","A",2025-08-25,21,2025-08-04,0.63449033516041,"IRGA",NA,NA
4,"compost",2,"x6","C",2025-08-25,21,2025-08-07,0.656415141164631,"IRGA",NA,NA
6,"slurry",2,"x7","C",2025-08-25,21,2025-08-07,0.692331327413491,"IRGA",NA,NA
11,"slurry",2,"x8","C",2025-08-25,21,2025-08-07,0.854624674750619,"IRGA",NA,NA
12,"slurry",2,"x9","C",2025-08-25,21,2025-08-07,0.90060972942539,"IRGA",NA,NA
14,"compost",2,"62","B",2025-09-02,29,2025-08-04,0.524501003869419,"IRGA",NA,NA
15,"control",2,"64","B",2025-09-02,29,2025-08-04,0.993709547761437,"IRGA",NA,NA
13,"slurry",2,"66","A",2025-09-02,29,2025-08-04,1.38711865267024,"IRGA",NA,NA
11,"slurry",2,"68","A",2025-09-02,29,2025-08-04,0.814168943903316,"IRGA",NA,NA
15,"control",2,"70","B",2025-09-02,29,2025-08-04,0.817652763145305,"IRGA",NA,NA
12,"slurry",2,"72","B",2025-09-02,29,2025-08-04,1.31737379150099,"IRGA",NA,NA
10,"control",2,"74","B",2025-09-02,29,2025-08-04,1.83638784373067,"IRGA",NA,NA
5,"control",2,"76","B",2025-09-02,29,2025-08-04,0.650447582376324,"IRGA",NA,NA
8,"compost",2,"78","A",2025-09-02,29,2025-08-04,0.86756841905521,"IRGA",NA,NA
8,"compost",2,"80","A",2025-09-02,29,2025-08-04,0.741929647962487,"IRGA",NA,NA
5,"control",2,"82","A",2025-09-02,29,2025-08-04,0.920897497873186,"IRGA",NA,NA
2,"control",2,"84","B",2025-09-02,29,2025-08-04,0.764960345703414,"IRGA",NA,NA
5,"control",2,"86","B",2025-09-02,29,2025-08-04,0.815001578700633,"IRGA",NA,NA
1,"slurry",2,"88","A",2025-09-02,29,2025-08-04,0.806200177452809,"IRGA",NA,NA
2,"control",2,"90","A",2025-09-02,29,2025-08-04,0.667517368244534,"IRGA",NA,NA
14,"compost",2,"92","B",2025-09-02,29,2025-08-04,0.788448474618841,"IRGA",NA,NA
13,"slurry",2,"94","A",2025-09-02,29,2025-08-04,1.36960406397887,"IRGA",NA,NA
9,"compost",2,"96","B",2025-09-02,29,2025-08-04,0.86277370545881,"IRGA",NA,NA
14,"compost",2,"98","A",2025-09-02,29,2025-08-04,0.821839198708686,"IRGA",NA,NA
15,"control",2,"100","A",2025-09-02,29,2025-08-04,0.991347000646534,"IRGA",NA,NA
9,"compost",2,"102","A",2025-09-02,29,2025-08-04,1.01907150404474,"IRGA",NA,NA
7,"control",2,"104","A",2025-09-02,29,2025-08-04,0.550787065075939,"IRGA",NA,NA
7,"control",2,"106","B",2025-09-02,29,2025-08-04,0.666342012897492,"IRGA",NA,NA
10,"control",2,"108","A",2025-09-02,29,2025-08-04,1.04284503924211,"IRGA",NA,NA
6,"slurry",2,"110","A",2025-09-02,29,2025-08-04,0.781456573607519,"IRGA",NA,NA
9,"compost",2,"112","B",2025-09-02,29,2025-08-04,0.705333960232074,"IRGA",NA,NA
1,"slurry",2,"114","A",2025-09-02,29,2025-08-04,0.574403351002338,"IRGA",NA,NA
3,"compost",2,"116","B",2025-09-02,29,2025-08-04,0.857160624710173,"IRGA",NA,NA
1,"slurry",2,"118","B",2025-09-02,29,2025-08-04,0.933148584324121,"IRGA",NA,NA
3,"compost",2,"120","A",2025-09-02,29,2025-08-04,0.545299338675923,"IRGA",NA,NA
4,"compost",2,"x6","C",2025-09-02,29,2025-08-07,0.563297385607699,"IRGA",NA,NA
6,"slurry",2,"x7","C",2025-09-02,29,2025-08-07,0.64189768707135,"IRGA",NA,NA
11,"slurry",2,"x8","C",2025-09-02,29,2025-08-07,0.867999505615111,"IRGA",NA,NA
12,"slurry",2,"x9","C",2025-09-02,29,2025-08-07,0.860937719765078,"IRGA",NA,NA
1,"slurry",3,"183","A",2025-11-25,0,2025-11-25,0.321605385405514,"IRGA",NA,"nov26"
1,"slurry",3,"184","B",2025-11-25,0,2025-11-25,0.439490628706334,"IRGA",NA,"nov26"
2,"control",3,"187","A",2025-11-25,0,2025-11-25,0.725004416015296,"IRGA",NA,"nov26"
2,"control",3,"188","B",2025-11-25,0,2025-11-25,0.820067952897392,"IRGA",NA,"nov26"
3,"compost",3,"191","A",2025-11-25,0,2025-11-25,0.353320931968912,"IRGA",NA,"nov26"
3,"compost",3,"192","B",2025-11-25,0,2025-11-25,0.490479339698646,"IRGA",NA,"nov26"
4,"compost",3,"195","A",2025-11-25,0,2025-11-25,0.151156809406012,"IRGA",NA,"nov26"
4,"compost",3,"196","B",2025-11-25,0,2025-11-25,0.89163325795411,"IRGA",NA,"nov26"
5,"control",3,"199","A",2025-11-25,0,2025-11-25,0.940825390577573,"IRGA",NA,"nov26"
8,"compost",3,"211","A",2025-11-25,0,2025-11-25,1.06380596833086,"IRGA",NA,"nov26"
6,"slurry",3,"203","A",2025-11-25,0,2025-11-25,0.539886127021958,"IRGA",NA,"nov26"
6,"slurry",3,"204","B",2025-11-25,0,2025-11-25,0.713311532498091,"IRGA",NA,"nov26"
7,"control",3,"207","A",2025-11-25,0,2025-11-25,0.882712799541047,"IRGA",NA,"nov26"
7,"control",3,"208","B",2025-11-25,0,2025-11-25,0.924639286706834,"IRGA",NA,"nov26"
5,"control",3,"200","B",2025-11-25,0,2025-11-25,0.202701282902906,"IRGA",NA,"nov26"
8,"compost",3,"212","B",2025-11-25,0,2025-11-25,0.646229558086166,"IRGA",NA,"nov26"
9,"compost",3,"215","A",2025-11-25,0,2025-11-25,0.410934219373812,"IRGA",NA,"nov26"
9,"compost",3,"216","B",2025-11-25,0,2025-11-25,0.561209711891802,"IRGA",NA,"nov26"
10,"control",3,"219","A",2025-11-25,0,2025-11-25,0.417873062489059,"IRGA",NA,"nov26"
10,"control",3,"220","B",2025-11-25,0,2025-11-25,0.308574784508728,"IRGA",NA,"nov26"
11,"slurry",3,"223","A",2025-11-25,0,2025-11-25,0.267924796699877,"IRGA",NA,"nov26"
11,"slurry",3,"224","B",2025-11-25,0,2025-11-25,0.209875922999471,"IRGA",NA,"nov26"
12,"slurry",3,"227","A",2025-11-25,0,2025-11-25,0.589682233557388,"IRGA",NA,"nov26"
12,"slurry",3,"228","B",2025-11-25,0,2025-11-25,0.563800405727711,"IRGA",NA,"nov26"
13,"slurry",3,"231","A",2025-11-25,0,2025-11-25,0.65449769371357,"IRGA",NA,"nov26"
13,"slurry",3,"232","B",2025-11-25,0,2025-11-25,0.622731803045126,"IRGA",NA,"nov26"
14,"compost",3,"235","A",2025-11-25,0,2025-11-25,0.697237570993727,"IRGA",NA,"nov26"
14,"compost",3,"236","B",2025-11-25,0,2025-11-25,0.60143507774816,"IRGA",NA,"nov26"
15,"control",3,"239","A",2025-11-25,0,2025-11-25,0.368695606214243,"IRGA",NA,"nov26"
15,"control",3,"240","B",2025-11-25,0,2025-11-25,0.437560218740239,"IRGA",NA,"nov26"
1,"slurry",3,"183","A",2025-11-28,3,2025-11-25,0.669019618983696,"IRGA",NA,"nov29"
1,"slurry",3,"184","B",2025-11-28,3,2025-11-25,0.539833509789913,"IRGA",NA,"nov29"
2,"control",3,"187","A",2025-11-28,3,2025-11-25,0.3650212773513,"IRGA",NA,"nov29"
2,"control",3,"188","B",2025-11-28,3,2025-11-25,0.618069162879171,"IRGA",NA,"nov29"
3,"compost",3,"191","A",2025-11-28,3,2025-11-25,0.762279276178974,"IRGA",NA,"nov29"
3,"compost",3,"192","B",2025-11-28,3,2025-11-25,0.400682921639326,"IRGA",NA,"nov29"
4,"compost",3,"195","A",2025-11-28,3,2025-11-25,0.240859353499107,"IRGA",NA,"nov29"
4,"compost",3,"196","B",2025-11-28,3,2025-11-25,0.408348699739563,"IRGA",NA,"nov29"
5,"control",3,"199","A",2025-11-28,3,2025-11-25,0.490451981242123,"IRGA",NA,"nov29"
8,"compost",3,"211","A",2025-11-28,3,2025-11-25,0.78082124661108,"IRGA",NA,"nov29"
6,"slurry",3,"203","A",2025-11-28,3,2025-11-25,0.536780026853589,"IRGA",NA,"nov29"
6,"slurry",3,"204","B",2025-11-28,3,2025-11-25,0.221110013717195,"IRGA",NA,"nov29"
7,"control",3,"207","A",2025-11-28,3,2025-11-25,0.501641519225808,"IRGA",NA,"nov29"
7,"control",3,"208","B",2025-11-28,3,2025-11-25,0.836691461768093,"IRGA",NA,"nov29"
5,"control",3,"200","B",2025-11-28,3,2025-11-25,0.621002205540196,"IRGA",NA,"nov29"
8,"compost",3,"212","B",2025-11-28,3,2025-11-25,0.137663270774424,"IRGA",NA,"nov29"
9,"compost",3,"215","A",2025-11-28,3,2025-11-25,0.208153793472757,"IRGA",NA,"nov29"
9,"compost",3,"216","B",2025-11-28,3,2025-11-25,0.327791933037104,"IRGA",NA,"nov29"
10,"control",3,"219","A",2025-11-28,3,2025-11-25,0.529696601231874,"IRGA",NA,"nov29"
10,"control",3,"220","B",2025-11-28,3,2025-11-25,0.628669990066097,"IRGA",NA,"nov29"
11,"slurry",3,"223","A",2025-11-28,3,2025-11-25,0.223667182819249,"IRGA",NA,"nov29"
11,"slurry",3,"224","B",2025-11-28,3,2025-11-25,0.382152386427053,"IRGA",NA,"nov29"
12,"slurry",3,"227","A",2025-11-28,3,2025-11-25,0.388513843880222,"IRGA",NA,"nov29"
12,"slurry",3,"228","B",2025-11-28,3,2025-11-25,0.622120046014829,"IRGA",NA,"nov29"
13,"slurry",3,"231","A",2025-11-28,3,2025-11-25,0.65654508338272,"IRGA",NA,"nov29"
13,"slurry",3,"232","B",2025-11-28,3,2025-11-25,0.565657124608547,"IRGA",NA,"nov29"
14,"compost",3,"235","A",2025-11-28,3,2025-11-25,0.695484000101023,"IRGA",NA,"nov29"
14,"compost",3,"236","B",2025-11-28,3,2025-11-25,0.577081561329738,"IRGA",NA,"nov29"
15,"control",3,"239","A",2025-11-28,3,2025-11-25,0.526934663124457,"IRGA",NA,"nov29"
15,"control",3,"240","B",2025-11-28,3,2025-11-25,0.469461147458317,"IRGA",NA,"nov29"
1,"slurry",3,"183","A",2025-12-01,6,2025-11-25,0.615496035823234,"IRGA",NA,"dec2"
1,"slurry",3,"184","B",2025-12-01,6,2025-11-25,0.43474082044037,"IRGA",NA,"dec2"
2,"control",3,"187","A",2025-12-01,6,2025-11-25,0.174600822060472,"IRGA",NA,"dec2"
2,"control",3,"188","B",2025-12-01,6,2025-11-25,0.45145796935956,"IRGA",NA,"dec2"
3,"compost",3,"191","A",2025-12-01,6,2025-11-25,0.224927903676868,"IRGA",NA,"dec2"
3,"compost",3,"192","B",2025-12-01,6,2025-11-25,0.927495223427258,"IRGA",NA,"dec2"
4,"compost",3,"195","A",2025-12-01,6,2025-11-25,0.202879021532832,"IRGA",NA,"dec2"
4,"compost",3,"196","B",2025-12-01,6,2025-11-25,0.838972975698147,"IRGA",NA,"dec2"
5,"control",3,"199","A",2025-12-01,6,2025-11-25,0.690555965853553,"IRGA",NA,"dec2"
8,"compost",3,"211","A",2025-12-01,6,2025-11-25,0.180938552801926,"IRGA",NA,"dec2"
6,"slurry",3,"203","A",2025-12-01,6,2025-11-25,0.290834960658742,"IRGA",NA,"dec2"
6,"slurry",3,"204","B",2025-12-01,6,2025-11-25,0.252889170176224,"IRGA",NA,"dec2"
7,"control",3,"207","A",2025-12-01,6,2025-11-25,0.197118147820882,"IRGA",NA,"dec2"
7,"control",3,"208","B",2025-12-01,6,2025-11-25,0.692117096982862,"IRGA",NA,"dec2"
5,"control",3,"200","B",2025-12-01,6,2025-11-25,0.224770824271464,"IRGA",NA,"dec2"
8,"compost",3,"212","B",2025-12-01,6,2025-11-25,0.216671519609552,"IRGA",NA,"dec2"
9,"compost",3,"215","A",2025-12-01,6,2025-11-25,0.572440912814399,"IRGA",NA,"dec2"
9,"compost",3,"216","B",2025-12-01,6,2025-11-25,0.578304630979039,"IRGA",NA,"dec2"
10,"control",3,"219","A",2025-12-01,6,2025-11-25,0.304088656997475,"IRGA",NA,"dec2"
10,"control",3,"220","B",2025-12-01,6,2025-11-25,0.193529603383619,"IRGA",NA,"dec2"
11,"slurry",3,"223","A",2025-12-01,6,2025-11-25,0.274045918329923,"IRGA",NA,"dec2"
11,"slurry",3,"224","B",2025-12-01,6,2025-11-25,0.166597108302224,"IRGA",NA,"dec2"
12,"slurry",3,"227","A",2025-12-01,6,2025-11-25,0.238964495158425,"IRGA",NA,"dec2"
12,"slurry",3,"228","B",2025-12-01,6,2025-11-25,0.618378355373018,"IRGA",NA,"dec2"
13,"slurry",3,"231","A",2025-12-01,6,2025-11-25,0.668739378796282,"IRGA",NA,"dec2"
13,"slurry",3,"232","B",2025-12-01,6,2025-11-25,0.466801881422317,"IRGA",NA,"dec2"
14,"compost",3,"235","A",2025-12-01,6,2025-11-25,0.455494117585446,"IRGA",NA,"dec2"
14,"compost",3,"236","B",2025-12-01,6,2025-11-25,0.574126535369725,"IRGA",NA,"dec2"
15,"control",3,"239","A",2025-12-01,6,2025-11-25,0.350553476494613,"IRGA",NA,"dec2"
15,"control",3,"240","B",2025-12-01,6,2025-11-25,0.451795163248126,"IRGA",NA,"dec2"
1,"slurry",3,"183","A",2025-12-08,13,2025-11-25,0.273113593805467,"IRGA",NA,"dec9"
1,"slurry",3,"184","B",2025-12-08,13,2025-11-25,0.221848239339806,"IRGA",NA,"dec9"
2,"control",3,"187","A",2025-12-08,13,2025-11-25,0.449960066695545,"IRGA",NA,"dec9"
2,"control",3,"188","B",2025-12-08,13,2025-11-25,0.143267089778449,"IRGA",NA,"dec9"
3,"compost",3,"191","A",2025-12-08,13,2025-11-25,0.309838549074397,"IRGA",NA,"dec9"
3,"compost",3,"192","B",2025-12-08,13,2025-11-25,0.402810553920456,"IRGA",NA,"dec9"
4,"compost",3,"195","A",2025-12-08,13,2025-11-25,0.205092626862067,"IRGA",NA,"dec9"
4,"compost",3,"196","B",2025-12-08,13,2025-11-25,0.661327704944645,"IRGA",NA,"dec9"
5,"control",3,"199","A",2025-12-08,13,2025-11-25,0.472076612621888,"IRGA",NA,"dec9"
8,"compost",3,"211","A",2025-12-08,13,2025-11-25,0.600272241841925,"IRGA",NA,"dec9"
6,"slurry",3,"203","A",2025-12-08,13,2025-11-25,0.51757070867154,"IRGA",NA,"dec9"
6,"slurry",3,"204","B",2025-12-08,13,2025-11-25,0.610616565377573,"IRGA",NA,"dec9"
7,"control",3,"207","A",2025-12-08,13,2025-11-25,0.478977357116024,"IRGA",NA,"dec9"
7,"control",3,"208","B",2025-12-08,13,2025-11-25,0.545088922017194,"IRGA",NA,"dec9"
5,"control",3,"200","B",2025-12-08,13,2025-11-25,0.87017894235967,"IRGA",NA,"dec9"
8,"compost",3,"212","B",2025-12-08,13,2025-11-25,0.48029678644159,"IRGA",NA,"dec9"
9,"compost",3,"215","A",2025-12-08,13,2025-11-25,0.486566017320946,"IRGA",NA,"dec9"
9,"compost",3,"216","B",2025-12-08,13,2025-11-25,0.342067477990927,"IRGA",NA,"dec9"
10,"control",3,"219","A",2025-12-08,13,2025-11-25,0.335312319022225,"IRGA",NA,"dec9"
10,"control",3,"220","B",2025-12-08,13,2025-11-25,0.447397228683957,"IRGA",NA,"dec9"
11,"slurry",3,"223","A",2025-12-08,13,2025-11-25,0.190197269740686,"IRGA",NA,"dec9"
11,"slurry",3,"224","B",2025-12-08,13,2025-11-25,0.161127823344698,"IRGA",NA,"dec9"
12,"slurry",3,"228","B",2025-12-08,13,2025-11-25,0.317901352960599,"IRGA",NA,"dec9"
13,"slurry",3,"231","A",2025-12-08,13,2025-11-25,0.509113283290547,"IRGA",NA,"dec9"
13,"slurry",3,"232","B",2025-12-08,13,2025-11-25,0.494835738843444,"IRGA",NA,"dec9"
14,"compost",3,"235","A",2025-12-08,13,2025-11-25,0.521751556608977,"IRGA",NA,"dec9"
14,"compost",3,"236","B",2025-12-08,13,2025-11-25,0.302192386583282,"IRGA",NA,"dec9"
15,"control",3,"239","A",2025-12-08,13,2025-11-25,0.510644744772272,"IRGA",NA,"dec9"
15,"control",3,"240","B",2025-12-08,13,2025-11-25,0.414473935400261,"IRGA",NA,"dec9"
1,"slurry",3,"183","A",2025-12-22,27,2025-11-25,0.180876085924046,"IRGA",NA,"dec23"
1,"slurry",3,"184","B",2025-12-22,27,2025-11-25,0.177955086763929,"IRGA",NA,"dec23"
2,"control",3,"187","A",2025-12-22,27,2025-11-25,0.300445072756889,"IRGA",NA,"dec23"
2,"control",3,"188","B",2025-12-22,27,2025-11-25,0.210627520030897,"IRGA",NA,"dec23"
3,"compost",3,"191","A",2025-12-22,27,2025-11-25,0.292772364504039,"IRGA",NA,"dec23"
3,"compost",3,"192","B",2025-12-22,27,2025-11-25,0.152277982506983,"IRGA",NA,"dec23"
4,"compost",3,"195","A",2025-12-22,27,2025-11-25,0.219750461805265,"IRGA",NA,"dec23"
4,"compost",3,"196","B",2025-12-22,27,2025-11-25,0.186704810033919,"IRGA",NA,"dec23"
5,"control",3,"199","A",2025-12-22,27,2025-11-25,0.214579740548591,"IRGA",NA,"dec23"
8,"compost",3,"211","A",2025-12-22,27,2025-11-25,0.38825403543852,"IRGA",NA,"dec23"
6,"slurry",3,"203","A",2025-12-22,27,2025-11-25,0.454511877473762,"IRGA",NA,"dec23"
6,"slurry",3,"204","B",2025-12-22,27,2025-11-25,0.457785199667332,"IRGA",NA,"dec23"
7,"control",3,"207","A",2025-12-22,27,2025-11-25,0.250054404063686,"IRGA",NA,"dec23"
7,"control",3,"208","B",2025-12-22,27,2025-11-25,0.238361212164476,"IRGA",NA,"dec23"
5,"control",3,"200","B",2025-12-22,27,2025-11-25,0.528091851419524,"IRGA",NA,"dec23"
8,"compost",3,"212","B",2025-12-22,27,2025-11-25,0.312588791951804,"IRGA",NA,"dec23"
9,"compost",3,"216","B",2025-12-22,27,2025-11-25,0.53250967974522,"IRGA",NA,"dec23"
10,"control",3,"219","A",2025-12-22,27,2025-11-25,0.473243005066085,"IRGA",NA,"dec23"
10,"control",3,"220","B",2025-12-22,27,2025-11-25,0.662804219044613,"IRGA",NA,"dec23"
11,"slurry",3,"223","A",2025-12-22,27,2025-11-25,0.135835759903378,"IRGA",NA,"dec23"
11,"slurry",3,"224","B",2025-12-22,27,2025-11-25,0.475165758799743,"IRGA",NA,"dec23"
12,"slurry",3,"227","A",2025-12-22,27,2025-11-25,0.148550078467847,"IRGA",NA,"dec23"
12,"slurry",3,"228","B",2025-12-22,27,2025-11-25,0.344181252463851,"IRGA",NA,"dec23"
13,"slurry",3,"231","A",2025-12-22,27,2025-11-25,0.54576366827936,"IRGA",NA,"dec23"
13,"slurry",3,"232","B",2025-12-22,27,2025-11-25,0.517390711920494,"IRGA",NA,"dec23"
14,"compost",3,"235","A",2025-12-22,27,2025-11-25,0.616818057515696,"IRGA",NA,"dec23"
14,"compost",3,"236","B",2025-12-22,27,2025-11-25,0.530906291967871,"IRGA",NA,"dec23"
15,"control",3,"239","A",2025-12-22,27,2025-11-25,0.53157914777422,"IRGA",NA,"dec23"
15,"control",3,"240","B",2025-12-22,27,2025-11-25,0.350726165780191,"IRGA",NA,"dec23"
