sheet_date,plot,collar,time,vwc1,vwc2,vwc3,soil_temp_c,mean_depth_cm,notes,uncertain,uncertain_reason,source_file,verified
2025-06-19,1,A,1:59,32.4,,,22.1,6.075,temp: a digit before final 1 crossed out (illegible); date written 6-1[crossed digit]9,no,,19Jun2025_metadata.png,
2025-06-19,1,B,2:02,25.9,,,22.6,6.075,temp: a digit before final 6 crossed out (illegible),no,,19Jun2025_metadata.png,
2025-06-19,1,C,2:05,23.4,,,22.8,5.375,,no,,19Jun2025_metadata.png,
2025-06-19,2,A,1:47,27.9,,,23.6,5.95,restarted (2X),no,,19Jun2025_metadata.png,
2025-06-19,2,B,1:52,22.8,,,22.8,5.6,,no,,19Jun2025_metadata.png,
2025-06-19,2,C,1:55,25.9,,,23.3,6.1,,no,,19Jun2025_metadata.png,
2025-06-19,3,A,1:37,30.5,,,23.5,5.775,,no,,19Jun2025_metadata.png,
2025-06-19,3,B,1:40,33.8,,,22.7,5.3,pos. CH4,no,,19Jun2025_metadata.png,
2025-06-19,3,C,1:43,30.9,,,22.3,6.475,"temp: 4 crossed out, replaced by 3",no,,19Jun2025_metadata.png,
2025-06-19,4,A,2:31,28.3,,,22.3,5.9,,no,,19Jun2025_metadata.png,
2025-06-19,4,B,2:35,23.4,,,22.9,5.925,,no,,19Jun2025_metadata.png,
2025-06-19,4,C,2:38,28.4,,,23.0,5.675,DONE,no,,19Jun2025_metadata.png,
2025-06-19,5,A,2:22,27.2,,,23.1,5.475,,no,,19Jun2025_metadata.png,
2025-06-19,5,B,2:25,26.1,,,21.7,5.95,,no,,19Jun2025_metadata.png,
2025-06-19,5,C,2:28,25.1,,,23.1,6.35,,no,,19Jun2025_metadata.png,
2025-06-19,6,A,2:11,26.3,,,22.6,5.275,,no,,19Jun2025_metadata.png,
2025-06-19,6,B,2:14,32.0,,,22.7,6.75,"pulled up; stamped back in; printed depth 7.475 crossed out and 6.75 handwritten; temp: 8 crossed out, replaced by 7",no,,19Jun2025_metadata.png,
2025-06-19,6,C,2:18,25.7,,,22.3,6.525,,no,,19Jun2025_metadata.png,
2025-06-19,7,A,11:45,23.6,,,20.8,5.9,START,no,,19Jun2025_metadata.png,
2025-06-19,7,B,11:48,29.7,,,21.3,6.4,"temp: 4 crossed out, replaced by 3",no,,19Jun2025_metadata.png,
2025-06-19,7,C,11:52,25.5,,,21.1,6.075,,no,,19Jun2025_metadata.png,
2025-06-19,8,A,11:57,28.9,,,21.3,6.075,"temp: digit (4?) crossed out, replaced by 3",no,,19Jun2025_metadata.png,
2025-06-19,8,B,12:01,27.8,,,21.8,6.425,,no,,19Jun2025_metadata.png,
2025-06-19,8,C,12:04,31.2,,,21.8,6.25,v. high!,no,,19Jun2025_metadata2.png,
2025-06-19,9,A,12:12,30.2,,,21.8,5.975,,no,,19Jun2025_metadata2.png,
2025-06-19,9,B,12:09,30.3,,,21.9,6.1,,no,,19Jun2025_metadata2.png,
2025-06-19,9,C,12:16,25.4,,,21.5,5.875,"x2, leak in 1st",no,,19Jun2025_metadata2.png,
2025-06-19,10,A,12:45?,24.6,,,21.7,6.475,forgot to get time; time written with '?',yes,time written as '12:45?' (estimated per note),19Jun2025_metadata2.png,
2025-06-19,10,B,12:52,25.1,,,22.3,5.35,,no,,19Jun2025_metadata2.png,
2025-06-19,10,C,12:55,28.2,,,21.6,5.3125,,no,,19Jun2025_metadata2.png,
2025-06-19,11,A,12:36,33.8,,,21.5,6.0625,"temp: digit (6?) crossed out, replaced by 5",no,,19Jun2025_metadata2.png,
2025-06-19,11,B,12:43,27.9,,,21.5,6,,no,,19Jun2025_metadata2.png,
2025-06-19,11,C,12:40,30.3,,,22.0,5.1875,,no,,19Jun2025_metadata2.png,
2025-06-19,12,A,12:28,29.1,,,21.3,6.4375,,no,,19Jun2025_metadata2.png,
2025-06-19,12,B,12:31,25.7,,,20.6,5.625,,no,,19Jun2025_metadata2.png,
2025-06-19,12,C,12:24,31.7,,,21.5,4.875,,no,,19Jun2025_metadata2.png,
2025-06-19,13,A,1:03,24.6,,,22.7,6.5,,no,,19Jun2025_metadata2.png,
2025-06-19,13,B,1:06,25.1,,,22.0,6.25,pos. CH4,no,,19Jun2025_metadata2.png,
2025-06-19,13,C,1:09,21.9,,,22.4,5.375,,no,,19Jun2025_metadata2.png,
2025-06-19,14,A,1:14,30.3,,,23.8,5.3125,,no,,19Jun2025_metadata2.png,
2025-06-19,14,B,1:18,30.8,,,23.7,6.375,,yes,VWC last digit 8 vs 3 ambiguous,19Jun2025_metadata2.png,
2025-06-19,14,C,1:21,28.5,,,23.9,6.8125,,no,,19Jun2025_metadata2.png,
2025-06-19,15,A,1:25,30.0,,,22.5,5.375,,no,,19Jun2025_metadata2.png,
2025-06-19,15,B,1:28,32.3,,,23.2,6.4375,,no,,19Jun2025_metadata2.png,
2025-06-19,15,C,1:31,27.9,,,24.1,6.125,,no,,19Jun2025_metadata2.png,
2025-07-09,1,A,3:03,9.7,,,25.3,6.075,"original time scribbled out (illegible); 3:03 written above column header with arrow; temp: 7 crossed out, replaced by 3; sheet header 'JULY 9 2025 EF'",no,,9Jul2025_metadata.png,
2025-07-09,1,B,3:07,11.3,,,25.5,6.075,,no,,9Jul2025_metadata.png,
2025-07-09,1,C,3:10,14.0,,,26.1,5.375,,no,,9Jul2025_metadata.png,
2025-07-09,2,A,2:50,9.4,,,28.3,5.95,,no,,9Jul2025_metadata.png,
2025-07-09,2,B,2:53,12.8,,,27.3,5.6,"temp: two earlier values scribbled out (illegible; possibly 26.8 and 28.3), 27.3 written small at left; VWC: earlier value scribbled out (illegible)",yes,temp replacement written small and crowded among crossed-out values,9Jul2025_metadata.png,
2025-07-09,2,C,2:57,8.7,,,26.8,6.1,,no,,9Jul2025_metadata.png,
2025-07-09,3,A,1:05,16.0,,,24.2,5.775,,no,,9Jul2025_metadata.png,
2025-07-09,3,B,1:09,10.7,,,25.0,5.3,,no,,9Jul2025_metadata.png,
2025-07-09,3,C,1:12,13.6,,,24.2,6.475,,no,,9Jul2025_metadata.png,
2025-07-09,4,A,3:14,6.5,,,26.3,5.9,,no,,9Jul2025_metadata.png,
2025-07-09,4,B,3:17,7.4,,,26.3,5.925,,no,,9Jul2025_metadata.png,
2025-07-09,4,C,3:21,8.9,,,26.3,5.675,,no,,9Jul2025_metadata.png,
2025-07-09,5,A,2:39,9.7,,,26.4,5.475,"VWC: earlier value scribbled out (illegible, possibly 9.3)",no,,9Jul2025_metadata.png,
2025-07-09,5,B,2:43,12.4,,,25.0,5.95,,no,,9Jul2025_metadata.png,
2025-07-09,5,C,2:46,13.1,,,27.3,6.35,,no,,9Jul2025_metadata.png,
2025-07-09,6,A,1:19,17.2,,,24.6,5.275,"temp: digit (7?) crossed out, replaced by 6",no,,9Jul2025_metadata.png,
2025-07-09,6,B,1:22,9.5,,,24.4,7.475,,no,,9Jul2025_metadata.png,
2025-07-09,6,C,1:26,13.0,,,24.3,6.525,,no,,9Jul2025_metadata.png,
2025-07-09,7,A,3:24,6.2,,,26.1,5.9,,no,,9Jul2025_metadata.png,
2025-07-09,7,B,3:27,9.7,,,24.8,6.4,,no,,9Jul2025_metadata.png,
2025-07-09,7,C,3:30,11.6,,,25.8,6.075,,no,,9Jul2025_metadata.png,
2025-07-09,8,A,2:26,13.8,,,25.4,6.075,,no,,9Jul2025_metadata.png,
2025-07-09,8,B,2:30,16.2,,,25.7,6.425,x2,yes,"VWC second digit overwritten (6 written over another digit, possibly 0)",9Jul2025_metadata.png,
2025-07-09,8,C,2:35,6.3,,,26.0,6.25,,no,,9Jul2025_metadata2.png,
2025-07-09,9,A,1:30,8.3,,,24.5,5.975,,no,,9Jul2025_metadata2.png,
2025-07-09,9,B,1:34,10.7,,,25.3,6.1,,no,,9Jul2025_metadata2.png,
2025-07-09,9,C,1:36,9.9,,,24.6,5.875,,no,,9Jul2025_metadata2.png,
2025-07-09,10,A,3:36,13.9,,,25.6,6.475,"temp: 8 crossed out, replaced by 6",no,,9Jul2025_metadata2.png,
2025-07-09,10,B,3:39,14.2,,,25.7,5.35,,no,,9Jul2025_metadata2.png,
2025-07-09,10,C,3:42,8.2,,,24.8,5.3125,,no,,9Jul2025_metadata2.png,
2025-07-09,11,A,2:15,14.1,,,25.1,6.0625,,no,,9Jul2025_metadata2.png,
2025-07-09,11,B,2:18,13.7,,,24.6,6,,no,,9Jul2025_metadata2.png,
2025-07-09,11,C,2:21,10.7,,,26.3,5.1875,,no,,9Jul2025_metadata2.png,
2025-07-09,12,A,1:41,7.8,,,24.0,6.4375,temp decimal digit heavily overwritten as 0,yes,VWC decimal digit is 8 and 0 overwritten on each other; could be 7.0,9Jul2025_metadata2.png,
2025-07-09,12,B,1:47,11.2,,,24.4,5.625,,no,,9Jul2025_metadata2.png,
2025-07-09,12,C,1:44,12.0,,,24.4,4.875,VWC: leading digit crossed out (illegible),no,,9Jul2025_metadata2.png,
2025-07-09,13,A,3:46,7.9,,,25.7,6.5,,no,,9Jul2025_metadata2.png,
2025-07-09,13,B,3:49,7.8,,,26.0,6.25,,yes,temp written '26.' with a small raised 0-like mark after it,9Jul2025_metadata2.png,
2025-07-09,13,C,3:52,11.2,,,25.8,5.375,,no,,9Jul2025_metadata2.png,
2025-07-09,14,A,2:03,14.5,,,26.5,5.3125,,no,,9Jul2025_metadata2.png,
2025-07-09,14,B,2:10,12.2,,,25.4,6.375,,no,,9Jul2025_metadata2.png,
2025-07-09,14,C,2:07,10.2,,,26.1,6.8125,"temp: 2 crossed out, replaced by 1",no,,9Jul2025_metadata2.png,
2025-07-09,15,A,1:51,14.1,,,26.4,5.375,,no,,9Jul2025_metadata2.png,
2025-07-09,15,B,1:55,13.6,,,25.3,6.4375,,no,,9Jul2025_metadata2.png,
2025-07-09,15,C,1:58,13.6,,,25.8,6.125,,no,,9Jul2025_metadata2.png,
2025-07-23,1,A,1:08,6.8,,,21.5,6.075,,no,,23Jul2025_metadata.png,
2025-07-23,1,B,1:11,3.9,,,22.0,6.075,temp: a leading 8 crossed out before 22.0,no,,23Jul2025_metadata.png,
2025-07-23,1,C,1:15,4.1,,,21.7,5.375,,no,,23Jul2025_metadata.png,
2025-07-23,2,A,1:18,6.2,,,22.8,5.95,,no,,23Jul2025_metadata.png,
2025-07-23,2,B,1:22,5.7,,,21.9,5.6,,no,,23Jul2025_metadata.png,
2025-07-23,2,C,1:25,6.0,,,22.3,6.1,,no,,23Jul2025_metadata.png,
2025-07-23,3,A,,,,,,5.775,"*; time scribbled out with no replacement (illegible); VWC: earlier value scribbled out, replaced by 5.9; handwritten scribbles over printed plot number 3 (rows 3A-3C)",yes,"printed plot number 3 has handwritten scribbles over/next to it; possible plot relabel, illegible",23Jul2025_metadata.png,
2025-07-23,3,B,3:41,9.6,,,,5.3,"*; time: 3:41 written (starts in date column) with trailing characters crossed out; VWC: earlier value scribbled out, replaced by 9.6; handwritten scribbles over printed plot number 3",yes,plot number scribbled over (see 3A); time 3:41 has crossed-out trailing characters,23Jul2025_metadata.png,
2025-07-23,3,C,3:38,7.9,,,,6.475,"*; collar a bit loose; VWC: earlier value scribbled out, replaced by 7.9; handwritten scribbles over printed plot number 3",yes,plot number scribbled over (see 3A),23Jul2025_metadata.png,
2025-07-23,4,A,12:57,4.9,,,22.1,5.9,,no,,23Jul2025_metadata.png,
2025-07-23,4,B,1:01,6.8,,,22.0,5.925,,no,,23Jul2025_metadata.png,
2025-07-23,4,C,1:04,5.8,,,21.9,5.675,,no,,23Jul2025_metadata.png,
2025-07-23,5,A,1:29,3.7,,,22.5,5.475,VWC: earlier values scribbled out and circled (illegible); 3.7 written to the right with arrow,no,,23Jul2025_metadata.png,
2025-07-23,5,B,1:32,6.9,,,22.6,5.95,VWC: earlier value scribbled out (illegible),no,,23Jul2025_metadata.png,
2025-07-23,5,C,1:36,4.4,,,23.2,6.35,,no,,23Jul2025_metadata.png,
2025-07-23,6,A,3:24,5.2,,,,5.275,*; VWC: middle digit crossed out (5.[x]2); handwritten scribbles over printed plot number 6 (rows 6A-6C),yes,"printed plot number 6 has handwritten scribbles over/next to it; possible plot relabel, illegible",23Jul2025_metadata.png,
2025-07-23,6,B,3:28,5.5,,,,6.75,"*; had been pulled 4 wks ago; VWC: earlier value scribbled out, replaced by 5.5; 6.75 handwritten beside printed depth 7.475; handwritten scribbles over printed plot number 6",yes,"plot number scribbled over (see 6A); printed depth 7.475 not crossed out on this sheet, 6.75 written beside it",23Jul2025_metadata.png,
2025-07-23,6,C,3:31,7.8,,,,6.525,*; handwritten scribbles over printed plot number 6,yes,plot number scribbled over (see 6A),23Jul2025_metadata.png,
2025-07-23,7,A,12:45,4.8,,,21.9,5.9,"temp: earlier value scribbled out (illegible), 21.9 written small to the right",no,,23Jul2025_metadata.png,
2025-07-23,7,B,12:49,5.9,,,20.8,6.4,,no,,23Jul2025_metadata.png,
2025-07-23,7,C,12:53,6.8,,,21.1,6.075,,no,,23Jul2025_metadata.png,
2025-07-23,8,A,,6.3,,,22.7,6.075,POOP IN PLOT (bear? dee[r?] [text continues off sheet edge]; time written as a dash (missing),no,,23Jul2025_metadata.png,
2025-07-23,8,B,1:44,6.6,,,22.3,6.425,"x2, 1:50",no,,23Jul2025_metadata.png,
2025-07-23,8,C,1:47,5.4,,,22.4,6.25,,no,,23Jul2025_metadata2.png,
2025-07-23,9,A,2:40,5.3,,,23.7,5.975,,no,,23Jul2025_metadata2.png,
2025-07-23,9,B,2:43,4.7,,,22.7,6.1,,no,,23Jul2025_metadata2.png,
2025-07-23,9,C,2:48,7.4,,,,5.875,*; x2; sheet header note '* temp probe broken',no,,23Jul2025_metadata2.png,
2025-07-23,10,A,12:32,4.8,,,22.5,6.475,,no,,23Jul2025_metadata2.png,
2025-07-23,10,B,12:37,8.4,,,21.8,5.35,,yes,temp decimal digit 8 vs 0 ambiguous,23Jul2025_metadata2.png,
2025-07-23,10,C,12:41,6.9,,,21.4,5.3125,,no,,23Jul2025_metadata2.png,
2025-07-23,11,A,1:55,6.1,,,22.7,6.0625,,no,,23Jul2025_metadata2.png,
2025-07-23,11,B,2:03,6.5,,,21.9,6,,no,,23Jul2025_metadata2.png,
2025-07-23,11,C,1:59,6.2,,,22.1,5.1875,,no,,23Jul2025_metadata2.png,
2025-07-23,12,A,2:29,6.5,,,21.8,6.4375,"VWC: earlier value scribbled out (illegible), 6.5 written small to the right",no,,23Jul2025_metadata2.png,
2025-07-23,12,B,2:32,6.8,,,21.8,5.625,VWC: a digit crossed out (6.[x]8); temp decimal 8 overwritten/retraced,no,,23Jul2025_metadata2.png,
2025-07-23,12,C,2:36,8.1,,,23.1,4.875,"time: original scribbled out (illegible), 2:36 written small to the right; date 'July 23' written in this row with arrows up and down",yes,replacement time written very small; read as 2:36,23Jul2025_metadata2.png,
2025-07-23,13,A,12:22,8.8,,,21.3,6.5,,no,,23Jul2025_metadata2.png,
2025-07-23,13,B,12:25,7.3,,,22.8,6.25,,no,,23Jul2025_metadata2.png,
2025-07-23,13,C,12:28,8.1,,,22.3,5.375,,no,,23Jul2025_metadata2.png,
2025-07-23,14,A,2:07,6.5,,,23.2,5.3125,,no,,23Jul2025_metadata2.png,
2025-07-23,14,B,2:13,4.7,,,21.8,6.375,,no,,23Jul2025_metadata2.png,
2025-07-23,14,C,2:10,6.0,,,22.5,6.8125,,no,,23Jul2025_metadata2.png,
2025-07-23,15,A,2:17,8.5,,,22.8,5.375,,no,,23Jul2025_metadata2.png,
2025-07-23,15,B,2:21,6.6,,,24.1,6.4375,time written with a period (2.21),no,,23Jul2025_metadata2.png,
2025-07-23,15,C,2:24,8.3,,,23.1,6.125,,yes,VWC leading digit overwritten; 8 vs 9 ambiguous,23Jul2025_metadata2.png,
2025-08-22,1,A,2:25,11.7,,,,6.075,x2 written above check mark; scribbled-out mark then '+12.75' under handwritten header 'CO2 f umol' and '-0.51' under 'CH4 f nmol'; page header annotations '2025' and a squiggle; soil_temp written as dash (missing),no,,22Aug2025_metadata2.png,
2025-08-22,1,B,2:31,13.8,,,,6.075,check mark; soil_temp written as dash (missing),no,,22Aug2025_metadata2.png,
2025-08-22,1,C,2:35,10.3,,,,5.375,check mark; soil_temp written as dash (missing),no,,22Aug2025_metadata2.png,
2025-08-22,2,A,2:46,12.7,,,,5.95,check mark; soil_temp written as dash (missing),no,,22Aug2025_metadata2.png,
2025-08-22,2,B,2:39,16.7,,,,5.6,check mark; soil_temp written as dash (missing),no,,22Aug2025_metadata2.png,
2025-08-22,2,C,2:43,11.7,,,,6.1,check mark; soil_temp written as dash (missing),no,,22Aug2025_metadata2.png,
2025-08-22,3,A,2:51,17.9,,,,5.775,check mark; soil_temp written as dash (missing),no,,22Aug2025_metadata2.png,
2025-08-22,3,B,2:58,23.0,,,,5.3,check mark; soil_temp written as dash (missing),no,,22Aug2025_metadata2.png,
2025-08-22,3,C,2:55,16.8,,,,6.475,check mark; soil_temp written as dash (missing),no,,22Aug2025_metadata2.png,
2025-08-22,4,A,3:22,11.6,,,,5.9,check mark; soil_temp written as dash (missing),no,,22Aug2025_metadata2.png,
2025-08-22,4,B,3:25,14.9,,,,5.925,check mark; soil_temp written as dash (missing),no,,22Aug2025_metadata2.png,
2025-08-22,4,C,3:29,14.6,,,,5.675,check mark; soil_temp written as dash (missing),no,,22Aug2025_metadata2.png,
2025-08-22,5,A,3:12,11.6,,,,5.475,"time: earlier value scribbled out (illegible), replaced with 3:12; notes: scribble then check mark; soil_temp written as dash (missing)",no,,22Aug2025_metadata2.png,
2025-08-22,5,B,3:15,12.1,,,,5.95,check mark; soil_temp written as dash (missing),no,,22Aug2025_metadata2.png,
2025-08-22,5,C,3:18,13.7,,,,6.35,check mark; soil_temp written as dash (missing),no,,22Aug2025_metadata2.png,
2025-08-22,6,A,3:01,17.6,,,,5.275,check mark; soil_temp written as dash (missing),no,,22Aug2025_metadata2.png,
2025-08-22,6,B,3:05,16.8,,,,6.75,"mean_depth: printed value scribbled out (illegible; on the 10 Sept sheet the printed 6B value is 7.475), handwritten 6.75; check mark; 'the one that had been pulled' followed by a short word below the line (possibly '2nd'); soil_temp written as dash (missing)",yes,printed depth scribbled out; trailing word of note unclear,22Aug2025_metadata2.png,
2025-08-22,6,C,3:08,21.4,,,,6.525,check mark; soil_temp written as dash (missing),no,,22Aug2025_metadata2.png,
2025-08-22,7,A,3:32,12.7,,,,5.9,check mark; soil_temp written as dash (missing),no,,22Aug2025_metadata2.png,
2025-08-22,7,B,3:36,10.9,,,,6.4,check mark; soil_temp written as dash (missing),no,,22Aug2025_metadata2.png,
2025-08-22,7,C,3:39,14.8,,,,6.075,check mark; soil_temp written as dash (missing),no,,22Aug2025_metadata2.png,
2025-08-22,8,A,3:44,13.6,,,,6.075,check mark; soil_temp written as dash (missing),no,,22Aug2025_metadata2.png,
2025-08-22,8,B,3:47,13.7,,,,6.425,check mark with small extra mark; soil_temp written as dash (missing),no,,22Aug2025_metadata2.png,
2025-08-22,8,C,3:50,12.1,,,,6.25,date '22 Aug.' written once with down-arrow; check mark; soil_temp written as dash (missing),no,,22Aug2025_metadata.png,
2025-08-22,9,A,3:54,11.8,,,,5.975,check mark; soil_temp written as dash (missing),no,,22Aug2025_metadata.png,
2025-08-22,9,B,3:57,13.0,,,,6.1,check mark; soil_temp written as dash (missing),no,,22Aug2025_metadata.png,
2025-08-22,9,C,4:00,10.5,,,,5.875,check mark; soil_temp written as dash (missing),no,,22Aug2025_metadata.png,
2025-08-22,10,A,4.24,12.7,,,,6.475,check mark; soil_temp written as dash (missing); time written with '.' not ':',no,,22Aug2025_metadata.png,
2025-08-22,10,B,4:27,13.9,,,,5.35,check mark; soil_temp written as dash (missing),no,,22Aug2025_metadata.png,
2025-08-22,10,C,4:31,17.9,,,,5.3125,check mark; soil_temp written as dash (missing),no,,22Aug2025_metadata.png,
2025-08-22,11,A,4:14,17.2,,,,6.0625,check mark; soil_temp written as dash (missing),no,,22Aug2025_metadata.png,
2025-08-22,11,B,4.17,12.0,,,,6,check mark; soil_temp written as dash (missing); time written with '.' not ':'; VWC written with slashed zero (12.Ø),no,,22Aug2025_metadata.png,
2025-08-22,11,C,4:21,18.9,,,,5.1875,check mark; soil_temp written as dash (missing),no,,22Aug2025_metadata.png,
2025-08-22,12,A,4:04,16.3,,,,6.4375,check mark; soil_temp written as dash (missing); small dot to left of VWC value,no,,22Aug2025_metadata.png,
2025-08-22,12,B,4:07,16.7,,,,5.625,check mark; soil_temp written as dash (missing),no,,22Aug2025_metadata.png,
2025-08-22,12,C,4:11,16.0,,,,4.875,check mark; soil_temp written as dash (missing),no,,22Aug2025_metadata.png,
2025-08-22,13,A,,14.8,,,,6.5,time written as dash (missing); check mark; soil_temp written as dash (missing),yes,VWC last digit looks overwritten/slashed; could be 14.0,22Aug2025_metadata.png,
2025-08-22,13,B,4:38,15.6,,,,6.25,check mark; soil_temp written as dash (missing),no,,22Aug2025_metadata.png,
2025-08-22,13,C,4:42,11.7,,,,5.375,check mark; soil_temp written as dash (missing),no,,22Aug2025_metadata.png,
2025-08-22,14,A,4:45,13.6,,,,5.3125,check mark; soil_temp written as dash (missing),no,,22Aug2025_metadata.png,
2025-08-22,14,B,4:49,15.0,,,,6.375,check mark; soil_temp written as dash (missing),no,,22Aug2025_metadata.png,
2025-08-22,14,C,4:52,11.5,,,,6.8125,check mark; soil_temp written as dash (missing),no,,22Aug2025_metadata.png,
2025-08-22,15,A,4:56,16.7,,,,5.375,check mark; soil_temp written as dash (missing); stray pen stroke in notes column,no,,22Aug2025_metadata.png,
2025-08-22,15,B,4:59,14.5,,,,6.4375,check mark; soil_temp written as dash (missing),no,,22Aug2025_metadata.png,
2025-08-22,15,C,5:02,15.1,,,,6.125,check mark; soil_temp written as dash (missing),no,,22Aug2025_metadata.png,
2025-09-10,1,A,11:58,10.7,,,17.0,6.075,"check mark; soil temp written with slashed zero (17.Ø); page header annotations: 'PIN-2490', 'with Grace', 'new thermometer' with arrow to soil_temp_C column; same page also photographed in 10Sept2025_metadata2.png",no,,10Sept2025_metadata.png,
2025-09-10,1,B,12:02,15.1,,,17.7,6.075,check mark; curved arrow drawn from this row's mean_depth (6.075) to 1C's (5.375),no,,10Sept2025_metadata.png,
2025-09-10,1,C,12:05,10.4,,,18.5,5.375,"check mark; 'collar height?' then crossed-out word ('check'), then crossed-out word (possibly 'used') and '6.07'; arrow from 1B mean_depth points to this row",yes,soil temp 2nd digit 7 and 8 overwritten on each other (17.5 or 18.5); crossed-out words in note partly illegible,10Sept2025_metadata.png,
2025-09-10,2,A,12:12,13.1,,,18.3,5.95,check mark,no,,10Sept2025_metadata.png,
2025-09-10,2,B,12:15,13.5,,,17.5,5.6,check mark,no,,10Sept2025_metadata.png,
2025-09-10,2,C,12.19,11.8,,,17.3,6.1,check mark; time written with '.' not ':',no,,10Sept2025_metadata.png,
2025-09-10,3,A,12:23,16.2,,,17.6,5.775,check mark,no,,10Sept2025_metadata.png,
2025-09-10,3,B,12:26,17.9,,,17.1,5.3,check mark,no,,10Sept2025_metadata.png,
2025-09-10,3,C,12:30,16.9,,,16.9,6.475,check mark,no,,10Sept2025_metadata.png,
2025-09-10,4,A,12:59,8.4,,,18.4,5.9,"VWC: earlier value scribbled out (illegible), replaced with 8.4; check mark; 'check label;'",yes,decimal point in replacement VWC faint (8.4 vs 84),10Sept2025_metadata.png,
2025-09-10,4,B,1:02,15.4,,,17.6,5.925,check mark,no,,10Sept2025_metadata.png,
2025-09-10,4,C,1:06,13.5,,,18.2,5.675,check mark,no,,10Sept2025_metadata.png,
2025-09-10,5,A,12:47,12.7,,,17.8,5.475,check mark,no,,10Sept2025_metadata.png,
2025-09-10,5,B,12:51,14.5,,,17.6,5.95,check mark,no,,10Sept2025_metadata.png,
2025-09-10,5,C,12:54,10.9,,,17.5,6.35,check mark,no,,10Sept2025_metadata.png,
2025-09-10,6,A,12:36,16.9,,,17.8,5.275,check mark,no,,10Sept2025_metadata.png,
2025-09-10,6,B,12:39,14.1,,,17.4,6.75,"mean_depth: printed 7.475 crossed out, handwritten 6.75; check mark; 'the one that had been pulled'",no,,10Sept2025_metadata.png,
2025-09-10,6,C,12:42,12.9,,,16.7,6.525,check mark,no,,10Sept2025_metadata.png,
2025-09-10,7,A,1:10,10.7,,,19.1,5.9,check mark; stray mark between hour and minutes in time (written like '1%10'),yes,time separator unclear; read as 1:10,10Sept2025_metadata.png,
2025-09-10,7,B,1:14,12.7,,,17.9,6.4,check mark,no,,10Sept2025_metadata.png,
2025-09-10,7,C,1:18,9.4,,,19.2,6.075,check mark,no,,10Sept2025_metadata.png,
2025-09-11,8,A,11:21,10.9,,,16.8,6.075,"* in left margin; row dated '11 Sept' on the 10 Sept page; time: earlier value (possibly 11:0x) crossed out, 11:21 written above; check mark; margin note bracketing 8A-8B: 'redid b/c of collar offset'",no,,10Sept2025_metadata.png,
2025-09-11,8,B,11:16,12.5,,,16.8,8.5,"* in left margin; date ditto of 11 Sept; time: two earlier values crossed out (illegible), 11:16 written below; mean_depth: printed 6.425 crossed out, handwritten '8.5cm'; notes: 'readjusted in field' and check mark; margin note bracketing 8A-8B: 'redid b/c of collar offset'; scribbles below table",yes,VWC last digit may be written over another digit (12.5 vs 12.8),10Sept2025_metadata.png,
2025-09-11,8,C,11:12,10.9,,,15.8,6.25,"* in left margin; time: earlier value crossed out (illegible), replaced with 11:12; 'redid bc forgot to update collar height' with check mark; same page also photographed in 11Sept2025_metadata2.png",yes,soil temp last digit faint (15.8 vs 15.0),11Sept2025_metadata.png,
2025-09-11,9,A,11:25,9.7,,,16.3,5.975,"soil temp: digit after decimal blotted out, 3 written after it; check mark",yes,soil temp blotted digit; read as 16.3,11Sept2025_metadata.png,
2025-09-11,9,B,11:28,10.5,,,16.5,6.1,check mark,no,,11Sept2025_metadata.png,
2025-09-11,9,C,11:32,10.5,,,18.4,5.875,check mark,no,,11Sept2025_metadata.png,
2025-09-11,10,A,11:58,9.5,,,17.0,6.475,check mark,no,,11Sept2025_metadata.png,
2025-09-11,10,B,12:01,13.6,,,16.7,5.35,check mark,yes,0 in time oddly formed; read as 12:01,11Sept2025_metadata.png,
2025-09-11,10,C,12:04,13.3,,,15.8,5.3125,check mark,no,,11Sept2025_metadata.png,
2025-09-11,11,A,11:47,9.4,,,16.8,6.0625,check mark,no,,11Sept2025_metadata.png,
2025-09-11,11,B,11:50,10.3,,,17.5,6,check mark,no,,11Sept2025_metadata.png,
2025-09-11,11,C,11:54,12.3,,,16.5,5.1875,check mark,no,,11Sept2025_metadata.png,
2025-09-11,12,A,11:36,12.5,,,16.5,6.4375,check mark,no,,11Sept2025_metadata.png,
2025-09-11,12,B,11:39,10.3,,,16.3,5.625,check mark,no,,11Sept2025_metadata.png,
2025-09-11,12,C,11:42,9.4,,,15.9,4.875,check mark,no,,11Sept2025_metadata.png,
2025-09-11,13,A,12:16,10.9,,,16.5,6.5,"time: minute digits partly scribbled out before '16'; soil temp: earlier value scribbled out (illegible), replaced with 16.5; notes text fully scribbled out (illegible); margin note: 'Redid due to label. Previous label was 13A' with a 'C' written above the A",yes,margin note: previous label 13A vs 13C unclear (C written above A),11Sept2025_metadata.png,
2025-09-11,13,B,12:13,9.5,,,17.5,6.25,check mark,yes,first VWC digit oddly formed (9.5 vs 7.5),11Sept2025_metadata.png,
2025-09-11,13,C,12:20,12.5,,,17.8,5.375,"scribbled-out word, then 'Labelled as 13C1.' then scribbled-out word and check mark",yes,final character of label in note ('13C1') unclear,11Sept2025_metadata.png,
2025-09-11,14,A,12:25,10.1,,,16.7,5.3125,time: last digit 5 written over another digit; check mark,yes,time last digit overwritten; read as 5,11Sept2025_metadata.png,
2025-09-11,14,B,12:28,12.9,,,16.8,6.375,check mark,no,,11Sept2025_metadata.png,
2025-09-11,14,C,12:32,11.4,,,17.2,6.8125,check mark,no,,11Sept2025_metadata.png,
2025-09-11,15,A,12:36,10.1,,,16.7,5.375,check mark,no,,11Sept2025_metadata.png,
2025-09-11,15,B,12:39,12.3,,,16.7,6.4375,check mark,no,,11Sept2025_metadata.png,
2025-09-11,15,C,12:42,10.6,,,17.7,6.125,check mark,no,,11Sept2025_metadata.png,
2025-09-30,1,A,10:21,19.0,,,17.1,6.075,,no,,30Sept2025_metadata.png,
2025-09-30,1,B,10:25,15.9,,,17.0,6.075,,no,,30Sept2025_metadata.png,
2025-09-30,1,C,10:29,14.9,,,16.9,5.375,,no,,30Sept2025_metadata.png,
2025-09-30,2,A,10:33,17.8,,,17.4,5.95,,no,,30Sept2025_metadata.png,
2025-09-30,2,B,10:37,15.6,,,16.9,5.6,,no,,30Sept2025_metadata.png,
2025-09-30,2,C,10:40,14.7,,,17.3,6.1,,no,,30Sept2025_metadata.png,
2025-09-30,3,A,10:44,16.9,,,17.3,5.775,,no,,30Sept2025_metadata.png,
2025-09-30,3,B,10:47,21.6,,,17.0,5.3,,yes,VWC last digit could be 6 or 0,30Sept2025_metadata.png,
2025-09-30,3,C,10:51,19.4,,,16.8,6.475,,yes,soil temp 16.8 written heavily/overwritten; could be 16.3,30Sept2025_metadata.png,
2025-09-30,4,A,11:18,17.1,,,17.4,5.9,,no,,30Sept2025_metadata.png,
2025-09-30,4,B,11:21,15.4,,,17.3,5.925,,no,,30Sept2025_metadata.png,
2025-09-30,4,C,11:24,14.4,,,17.5,5.675,,no,,30Sept2025_metadata.png,
2025-09-30,5,A,11:07,17.5,,,17.3,5.475,,no,,30Sept2025_metadata.png,
2025-09-30,5,B,11:10,18.0,,,17.3,5.95,,no,,30Sept2025_metadata.png,
2025-09-30,5,C,11:14,16.9,,,17.7,6.35,,no,,30Sept2025_metadata.png,
2025-09-30,6,A,10:56,20.9,,,17.0,5.275,,no,,30Sept2025_metadata.png,
2025-09-30,6,B,10:59,21.4,,,17.0,6.75,[printed] re-measured height (pulled in June),no,,30Sept2025_metadata.png,
2025-09-30,6,C,11:02,19.9,,,16.7,6.525,soil temp first digit after 1 overwritten (reads 16.7),no,,30Sept2025_metadata.png,
2025-09-30,7,A,11:28,17.1,,,17.8,5.9,,no,,30Sept2025_metadata.png,
2025-09-30,7,B,11:32,14.8,,,17.5,6.4,,yes,soil temp last digit overwritten; 17.5 vs 17.3,30Sept2025_metadata.png,
2025-09-30,7,C,11:35,14.9,,,17.7,6.075,,no,,30Sept2025_metadata.png,
2025-09-30,8,A,11:39,13.9,,,17.4,6.075,,no,,30Sept2025_metadata.png,
2025-09-30,8,B,11:42,17.2,,,17.7,8.5,"[printed] re-measured (pulled in Aug or Sept, bear scat nearby?)",no,,30Sept2025_metadata.png,
2025-09-30,8,C,11:46,19.9,,,17.5,6.25,,no,,30Sept2025_metadata2.png,
2025-09-30,9,A,11:50,23.5,,,18.0,5.975,,no,,30Sept2025_metadata2.png,
2025-09-30,9,B,11:53,17.9,,,17.9,6.1,,no,,30Sept2025_metadata2.png,
2025-09-30,9,C,11:57,19.3,,,18.0,5.875,,no,,30Sept2025_metadata2.png,
2025-09-30,10,A,12:58,17.8,,,18.1,6.475,,no,,30Sept2025_metadata2.png,
2025-09-30,10,B,1:01,19.7,,,18.1,5.35,,no,,30Sept2025_metadata2.png,
2025-09-30,10,C,1:05,17.3,,,17.4,5.3125,,no,,30Sept2025_metadata2.png,
2025-09-30,11,A,1:09,14.7,,,18.7,6.0625,,no,,30Sept2025_metadata2.png,
2025-09-30,11,B,1:12,20.6,,,17.9,6,,no,,30Sept2025_metadata2.png,
2025-09-30,11,C,1:14,19.4,,,18.0,5.1875,,no,,30Sept2025_metadata2.png,
2025-09-30,12,A,1:20,21.8,,,17.8,6.4375,,no,,30Sept2025_metadata2.png,
2025-09-30,12,B,1:23,16.9,,,17.7,5.625,,no,,30Sept2025_metadata2.png,
2025-09-30,12,C,1:26,16.4,,,17.7,4.875,,no,,30Sept2025_metadata2.png,
2025-09-30,13,A,1:51,11.8,,,17.9,6.5,,no,,30Sept2025_metadata2.png,
2025-09-30,13,B,1:54,16.7,,,18.6,6.25,,no,,30Sept2025_metadata2.png,
2025-09-30,13,C,1:58,12.9,,,19.6,5.375,,no,,30Sept2025_metadata2.png,
2025-09-30,14,A,1:40,18.3,,,18.1,5.3125,,no,,30Sept2025_metadata2.png,
2025-09-30,14,B,1:44,15.3,,,18.5,6.375,first digits of soil temp overwritten,yes,"soil temp overwritten; read as 18.5, possibly 12.5",30Sept2025_metadata2.png,
2025-09-30,14,C,1:48,16.0,,,18.0,6.8125,,no,,30Sept2025_metadata2.png,
2025-09-30,15,A,1:30,17.7,,,17.7,5.375,,no,,30Sept2025_metadata2.png,
2025-09-30,15,B,1:33,18.3,,,18.3,6.4375,a digit in VWC blotted out,yes,VWC has a blotted digit; read as 18.3,30Sept2025_metadata2.png,
2025-09-30,15,C,1:37,19.7,,,18.0,6.125,,no,,30Sept2025_metadata2.png,
2025-10-14,1,A,11:25AM,18.5,,,13.4,6.075,VWC written 18.5%; temp written 13.4°C,no,,14Oct2025_metadata.png,
2025-10-14,1,B,11:29,23.8,,,13.4,6.075,,no,,14Oct2025_metadata.png,
2025-10-14,1,C,11:35,20.1,,,13.2,5.375,time last digit overwritten; soil temp 13.4 with 2 written over/after the 4,yes,time last digit overwritten (5 over 3?); temp could be 13.2 (replacement) or 13.4,14Oct2025_metadata.png,
2025-10-14,2,A,11:45,19.4,,,13.2,5.95,"time 11:40 crossed out, replaced with 11:45; note: 'repeated - #2 is correct' (with 'first measurement' written small beneath)",yes,small inserted words in note partly illegible,14Oct2025_metadata.png,
2025-10-14,2,B,11:48,22.2,,,13.5,5.6,,no,,14Oct2025_metadata.png,
2025-10-14,2,C,11:52,24.9,,,13.3,6.1,,no,,14Oct2025_metadata.png,
2025-10-14,3,A,11:56,26,,,13.5,5.775,time minutes overwritten,yes,VWC written like '2e%' - read as 26%; time 56 overwritten,14Oct2025_metadata.png,
2025-10-14,3,B,12:01,30.9,,,12.9,5.3,,yes,soil temp 9 heavily written/possibly overwritten,14Oct2025_metadata.png,
2025-10-14,3,C,12:03,25.9,,,13.2,6.475,,no,,14Oct2025_metadata.png,
2025-10-14,5,A,12:18,14.1,,,13.2,5.475,note: 'redid VWC - 2nd time = 19.4%' (14.1% not crossed out),no,,14Oct2025_metadata.png,
2025-10-14,5,B,12:21,27.3,,,13.2,5.95,,no,,14Oct2025_metadata.png,
2025-10-14,5,C,12:24,18.2,,,13.3,6.35,,yes,time written messily ('12.24'),14Oct2025_metadata.png,
2025-10-14,6,A,12:07,28.2,,,13.1,5.275,,no,,14Oct2025_metadata.png,
2025-10-14,6,B,12:10,25.7,,,12.9,6.75,[printed] re-measured height (pulled in June),no,,14Oct2025_metadata.png,
2025-10-14,6,C,12:14,29.8,,,12.9,6.525,,no,,14Oct2025_metadata.png,
2025-10-15,4,A,10:32,16.7,,,13.5,5.9,"date 2025-10-14 crossed out, replaced 10/15; time crossed out (12:28?) replaced 10:32; note: 'LICOR turned off - had to turn back on'; margin bracket '10/15' on 4A-4C",yes,replacement time last digit 2 or 3; crossed-out time illegible,14Oct2025_metadata.png,
2025-10-15,4,B,10:35,20.2,,,13.4,5.925,"date 2025-10-14 crossed out, replaced 10/15",no,,14Oct2025_metadata.png,
2025-10-15,4,C,10:38,21.1,,,13.5,5.675,"date 2025-10-14 crossed out, replaced 10/15",no,,14Oct2025_metadata.png,
2025-10-15,7,A,10:42,22.6,,,13.4,5.9,date written '10-15' with down-arrow to 8B,no,,14Oct2025_metadata.png,
2025-10-15,7,B,10:45,20.7,,,13.5,6.4,,no,,14Oct2025_metadata.png,
2025-10-15,7,C,10:48,23.6,,,13.4,6.075,,no,,14Oct2025_metadata.png,
2025-10-15,8,A,10:53,23.9,,,13.4,6.075,,no,,14Oct2025_metadata.png,
2025-10-15,8,B,10:56,27.8,,,13.4,8.5,"[printed] re-measured (pulled in Aug or Sept, bear scat nearby?)",no,,14Oct2025_metadata.png,
2025-10-15,8,C,10:59,19.7,,,13.4,6.25,,no,,15Oct2025_metadata.png,
2025-10-15,9,A,11:03,17.8,,,13.5,5.975,Bear scat nearby,no,,15Oct2025_metadata.png,
2025-10-15,9,B,11:06,28.5,,,13.6,6.1,,no,,15Oct2025_metadata.png,
2025-10-15,9,C,11:09,23.7,,,13.4,5.875,,no,,15Oct2025_metadata.png,
2025-10-15,10,A,11:55,16.7,,,13.4,6.475,,no,,15Oct2025_metadata.png,
2025-10-15,10,B,11:58,25.1,,,13.3,5.35,,no,,15Oct2025_metadata.png,
2025-10-15,10,C,12:01,22.4,,,13.2,5.3125,,no,,15Oct2025_metadata.png,
2025-10-15,11,A,11:45,21.9,,,13.8,6.0625,,no,,15Oct2025_metadata.png,
2025-10-15,11,B,11:48,20.8,,,13.4,6,,no,,15Oct2025_metadata.png,
2025-10-15,11,C,11:51,20.2,,,13.5,5.1875,,no,,15Oct2025_metadata.png,
2025-10-15,12,A,11:14,25.6,,,13.5,6.4375,,no,,15Oct2025_metadata.png,
2025-10-15,12,B,11:16,26.6,,,13.4,5.625,,no,,15Oct2025_metadata.png,
2025-10-15,12,C,11:20,26.0,,,13.3,4.875,,no,,15Oct2025_metadata.png,
2025-10-15,13,A,12:05,18.7,,,13.4,6.5,soil temp last digit overwritten,yes,temp last digit overwritten; read as 4,15Oct2025_metadata.png,
2025-10-15,13,B,12:08,20.9,,,13.5,6.25,,no,,15Oct2025_metadata.png,
2025-10-15,13,C,12:12,24.1,,,13.6,5.375,,no,,15Oct2025_metadata.png,
2025-10-15,14,A,11:35,28.8,,,13.5,5.3125,,yes,VWC last digit overwritten; 28.8 vs 28.3,15Oct2025_metadata.png,
2025-10-15,14,B,11:38,26.0,,,13.7,6.375,,no,,15Oct2025_metadata.png,
2025-10-15,14,C,11:41,20.9,,,13.5,6.8125,Bear scat on the collar (removed),no,,15Oct2025_metadata.png,
2025-10-15,15,A,11:24,20.7,,,13.4,5.375,,no,,15Oct2025_metadata.png,
2025-10-15,15,B,11:27,23.7,,,13.4,6.4375,,no,,15Oct2025_metadata.png,
2025-10-15,15,C,11:30,26.0,,,13.4,6.125,,no,,15Oct2025_metadata.png,
