"date","plot","collar","treatment","Ts","W","FCO2_DRY","FCH4_DRY","FN2O"
2025-05-29,1,"A","slurry",15.9,0.17,17.6874274566331,-0.193680222323773,0.530586671837625
2025-05-29,1,"B","slurry",16,0.147333333333333,9.62369964709511,-0.372472544321776,0.116323074971571
2025-05-29,1,"C","slurry",16.3,0.174333333333333,8.30295203555988,-0.48487483247238,-0.0109823192500529
2025-05-29,2,"A","control",16.4,0.153333333333333,6.16351350752936,-0.4585934519228,-0.0280647038910232
2025-05-29,2,"B","control",16.4,0.144666666666667,7.66520007649215,-0.459720712282141,0.282860293440179
2025-05-29,2,"C","control",16.5,0.153666666666667,7.91503192637403,-0.439262690724415,0.0849616510368538
2025-05-29,3,"A","compost",17.8,0.160666666666667,8.70150121001847,-0.334369432859688,0.140604499127412
2025-05-29,3,"B","compost",17.4,0.174333333333333,11.4576174079889,-0.374057578286784,0.0909913870280027
2025-05-29,3,"C","compost",17.3,0.187666666666667,8.48233956735464,-0.438984820353733,0.034335764090889
2025-05-29,4,"A","compost",15.6,0.14,5.18416097982299,-0.353698452388754,0.014437496844703
2025-05-29,4,"B","compost",15.9,0.147,7.04441469199247,-0.506930267636968,0.101254929432054
2025-05-29,4,"C","compost",16,0.140666666666667,9.46930526929696,-0.467180611552444,0.067374799601102
2025-05-29,5,"A","control",16,0.160666666666667,8.0982283948841,-0.416117409928639,0.0527380251593482
2025-05-29,5,"B","control",16,0.166666666666667,5.1114358254976,-0.455071028299174,-0.0496635946128949
2025-05-29,5,"C","control",16.2,0.152333333333333,7.44593924108835,-0.600064374052803,0.0784284043857124
2025-05-29,6,"A","slurry",17,0.160333333333333,10.1367868628219,-0.389740480362555,0.33853247160079
2025-05-29,6,"B","slurry",16.9,0.186333333333333,11.3762654461913,-0.319025872440353,0.604831757084223
2025-05-29,6,"C","slurry",16.8,0.19,21.2148197441275,0.229719612757017,1.17867378455292
2025-05-29,7,"A","control",15.8,0.145333333333333,8.6885551117857,-0.320267382367565,0.0344686020667016
2025-05-29,7,"B","control",15.5,0.167,8.48068481812516,-0.486962226341996,0.329648104440934
2025-05-29,7,"C","control",15.7,0.155666666666667,9.01082506443213,-0.323883404136739,0.0664856074140999
2025-05-29,8,"A","compost",16.2,0.168,7.49431409220005,-0.496971536521703,0.0725887386925813
2025-05-29,8,"B","compost",16.1,0.171333333333333,8.66471351661117,-0.476524705851351,0.120064507250014
2025-05-29,8,"C","compost",16.4,0.180666666666667,9.47589378135498,-0.655441452252406,0.0183727412753136
2025-05-29,9,"A","compost",17.1,0.160666666666667,8.67017061178863,-0.43186471448621,0.039622111405947
2025-05-29,9,"B","compost",17.3,0.160333333333333,8.21544615264406,-0.422608912511826,0.145675482768788
2025-05-29,9,"C","compost",17.5,0.137666666666667,8.7095468511762,-0.554993574873229,-0.00271993096926062
2025-05-29,10,"B","control",16,0.158666666666667,5.58372172211411,-0.366795809968844,-0.0136354169552746
2025-05-29,10,"C","control",16,0.168333333333333,5.85532093117502,-0.331308227013023,0.0653716623640177
2025-05-29,11,"A","slurry",16.4,0.184333333333333,11.4712146129576,-0.325577567168017,-0.0528262575010424
2025-05-29,11,"B","slurry",16.1,0.199666666666667,12.13332171276,-0.110316748408009,0.0479082061269491
2025-05-29,11,"C","slurry",16.2,0.188333333333333,12.5388603162387,-0.159988730955084,0.175193900692516
2025-05-29,12,"A","slurry",16.5,0.146666666666667,12.4693447322545,-0.402160586792016,0.413740253744148
2025-05-29,12,"B","slurry",16.3,0.154666666666667,21.2653851290074,-0.27056249705288,1.1400074498505
2025-05-29,12,"C","slurry",16.8,0.187,15.9969810286226,-0.119600535336227,2.00275041163134
2025-05-29,13,"A","slurry",16.2,0.114333333333333,9.3847633773921,-0.399120123990348,0.0341523077677715
2025-05-29,13,"B","slurry",16,0.149666666666667,23.2804094481097,5.28627814390373,1.03106485555539
2025-05-29,13,"C","slurry",16.1,0.157,16.7823630491594,-0.0404326491731406,1.20258786595987
2025-05-29,14,"A","compost",16.4,0.151,9.0225819412836,-0.0795754715664928,-0.000323471746406281
2025-05-29,14,"B","compost",16.4,0.163,7.97031827593281,-0.2890202692536,0.135126193711777
2025-05-29,14,"C","compost",16.2,0.168666666666667,8.06289327302388,-0.193753489477845,0.150869591067697
2025-05-29,15,"A","control",16.9,0.158,8.65571442442357,-0.268286867876377,0.13514617597714
2025-05-29,15,"B","control",16.6,0.178,7.28219620605225,-0.281317900458311,0.12238903365494
2025-05-29,15,"C","control",17.2,0.156666666666667,9.06321116927756,-0.309372299807844,0.0735569423699361
2025-05-30,1,"A","slurry",17.8,0.154,16.7093111960868,-0.182447624850196,0.649088725920261
2025-05-30,1,"B","slurry",18.2,0.118,9.3442013651376,-0.294344240584727,0.264480538658007
2025-05-30,1,"C","slurry",18.3,0.179,8.43410063660973,-0.372953191306636,0.0640637217171953
2025-05-30,2,"A","control",18.7,0.123,8.94048961141467,-0.379356910474605,0.0838080808002938
2025-05-30,2,"B","control",18.6,0.133,12.3360844479371,-0.410618110219848,0.246592052574068
2025-05-30,2,"C","control",19.8,0.125,10.4161035246981,-0.390513534180677,0.0577851561063086
2025-05-30,3,"A","compost",17.9,0.175,8.89764990985973,-0.361738960789771,0.184092214044047
2025-05-30,3,"B","compost",18.4,0.185,13.6245038935986,-0.355167147455746,1.19126076840954
2025-05-30,3,"C","compost",17.8,0.173,9.30502967166007,-0.348835566621511,0.089035551769218
2025-05-30,4,"A","compost",18,0.148,7.0566745554108,-0.29990271826118,0.0593689068298357
2025-05-30,4,"B","compost",17.9,0.102,9.536123973071,-0.396286227044815,0.145135692141061
2025-05-30,4,"C","compost",18.3,0.141,12.392963387681,-0.543574805990435,0.153586500383739
2025-05-30,5,"A","control",18.9,0.104,13.8529752924701,-0.600163122353211,0.118312198392779
2025-05-30,5,"B","control",18.1,0.107,8.61896629366712,-0.541710139331708,0.0785383233920708
2025-05-30,5,"C","control",18.5,0.119,10.8884685609835,-0.478521436062508,0.0961285751858621
2025-05-30,6,"A","slurry",18.5,0.196,10.700367212076,-0.424202933179684,0.247335713730273
2025-05-30,6,"B","slurry",18.2,0.123,12.6850739010702,-0.363633738078416,0.272888633204892
2025-05-30,6,"C","slurry",18.4,0.194,20.1848901819746,-0.23985230462655,1.21306576534898
2025-05-30,7,"A","control",19.8,0.107,16.936368455403,-0.359473895934318,0.304947716575023
2025-05-30,7,"B","control",18.7,0.089,12.4882080324958,-0.480590750277932,0.0990225295620954
2025-05-30,7,"C","control",18.2,0.154,14.0473053023141,-0.410916287892569,0.113626692540748
2025-05-30,8,"A","compost",19.6,0.127,9.5431671033375,-0.452808255793722,0.116223045276855
2025-05-30,8,"B","compost",18.9,0.138,12.8579000867185,-0.56695395137652,0.200826313773814
2025-05-30,8,"C","compost",20.3,0.157,16.0983853041965,-0.935124456484813,0.238738655578997
2025-05-30,9,"A","compost",19.2,0.132,9.31965532306835,-0.367891011558444,0.0888812987847731
2025-05-30,9,"B","compost",18.5,0.145,9.17153587175095,-0.4545027800636,0.249993308873491
2025-05-30,9,"C","compost",19.5,0.169,9.57382071177153,-0.487205697066227,0.229674789305169
2025-05-30,10,"A","control",18.6,0.12,9.39396123458214,-0.311299844195076,0.487902273749425
2025-05-30,10,"B","control",18.8,0.123,7.79543439756172,-0.374211412112496,0.0807872840312427
2025-05-30,10,"C","control",18.9,0.144,9.95265711770819,-0.395895118721288,0.152773248529601
2025-05-30,11,"A","slurry",20.3,0.107,13.051175875207,-0.281566068139119,0.261901869975753
2025-05-30,11,"B","slurry",18.8,0.129,14.8043232741142,-0.27056965563662,0.293792072237789
2025-05-30,11,"C","slurry",18.7,0.182,12.644291438211,-0.240406207240333,0.484702125677008
2025-05-30,12,"A","slurry",19.4,0.16,9.18549805269274,-0.442504487192877,0.399751511333867
2025-05-30,12,"B","slurry",18.3,0.166,17.8775593965185,-0.331533834530919,0.656780846671816
2025-05-30,12,"C","slurry",19.4,0.158,14.4285338200869,-0.285226754190706,0.846000075843364
2025-05-30,13,"A","slurry",20.7,0.163,10.5228704883429,-0.391745270993178,0.18250324761013
2025-05-30,13,"B","slurry",19.4,0.142,23.4745678277899,1.81844891024813,3.80573419183658
2025-05-30,13,"C","slurry",20.4,0.132,15.5359914964955,-0.288364417137514,0.542084441234278
2025-05-30,14,"A","compost",19.4,0.127,10.4486100683407,0.123864759838226,0.126904795472291
2025-05-30,14,"B","compost",19.4,0.163,8.81674666900047,-0.300429681735708,0.0912719765189673
2025-05-30,14,"C","compost",19.9,0.119,9.80093685358325,-0.165670716548503,0.151640109148128
2025-05-30,15,"A","control",20,0.122,11.3502925400951,-0.288358064593639,0.145220038170672
2025-05-30,15,"B","control",21.1,0.153,9.43592572066992,-0.324002335995525,0.123302115223708
2025-05-30,15,"C","control",21.2,0.165,12.2627345056601,-0.360787578559237,0.278055422163306
2025-06-03,1,"A","slurry",18.8,0.299,13.9688646716044,-0.157262307952856,0.348115617643673
2025-06-03,1,"B","slurry",19.4,0.176,9.81395193640683,-0.189140664176441,0.288063997030928
2025-06-03,1,"C","slurry",19.4,0.227,10.9642888334294,-0.251790252973262,0.290727738719334
2025-06-03,2,"A","control",18.2,0.221,11.1477638760303,-0.302069414648808,0.259798280951063
2025-06-03,2,"B","control",18,0.234,15.9962332269179,-0.38363462916074,0.247815062187191
2025-06-03,2,"C","control",17.5,0.149,12.9291960689098,-0.236351366937707,0.131799921692028
2025-06-03,3,"A","compost",20.6,0.28,13.0532187643648,-0.153415787446563,0.310206298424265
2025-06-03,3,"B","compost",18.6,0.254,18.7520796724339,-0.0798411125624891,0.553275495296845
2025-06-03,3,"C","compost",17.9,0.276,11.8101043097444,-0.247150018320045,0.192541291999515
2025-06-03,4,"A","compost",18,0.164,8.09363028484216,-0.225896691971297,0.141726271987335
2025-06-03,4,"B","compost",18.4,0.209,12.8672448304188,-0.322284003568671,0.120805320219874
2025-06-03,4,"C","compost",19,0.201,14.8296217316621,-0.270122354010619,0.183323661918499
2025-06-03,5,"A","control",18.7,0.192,14.1761054282643,-0.305417815543016,0.339522700314976
2025-06-03,5,"B","control",17.4,0.208,10.412556573016,-0.385573036863733,0.172208474072807
2025-06-03,5,"C","control",17.7,0.226,13.4361861223518,-0.402134810311234,0.144754352895723
2025-06-03,6,"A","slurry",16.3,0.219,10.8011454711171,-0.290729125175318,0.64743104226642
2025-06-03,6,"B","slurry",17.2,0.26,12.0502060254768,-0.18733185131443,0.504828486243624
2025-06-03,6,"C","slurry",17.2,0.277,16.6299230294107,-0.25262885516418,0.662705251160557
2025-06-03,7,"A","control",18.2,0.186,18.1508792148308,-0.26812411047072,0.488393887375419
2025-06-03,7,"B","control",18.1,0.158,15.7266915403035,-0.385479751015697,0.453218996185338
2025-06-03,7,"C","control",18.9,0.227,13.8496347435186,-0.231822023608915,0.201475894812465
2025-06-03,8,"A","compost",18.4,0.209,10.5581566469104,-0.275625704524326,0.130977532914778
2025-06-03,8,"B","compost",17.7,0.228,13.0053559906044,-0.276293037330813,0.178631078841418
2025-06-03,8,"C","compost",19.1,0.188,17.0733420248937,-0.523334506764544,0.498189473592773
2025-06-03,9,"A","compost",16.8,0.282,10.8127228116651,-0.209983942144228,0.283860712544796
2025-06-03,9,"B","compost",17,0.279,9.58782928428717,-0.209592707366762,0.268994078291968
2025-06-03,9,"C","compost",17.5,0.196,11.2275081573441,-0.284962037959621,0.582917086067805
2025-06-03,10,"A","control",17.8,0.255,11.834507494408,-0.176347756343662,0.42460812199321
2025-06-03,10,"B","control",18.5,0.234,9.11535617794502,-0.173067981846793,0.0751414047177621
2025-06-03,10,"C","control",18.8,0.197,9.27464525336015,-0.169062474461816,0.375990600308448
2025-06-03,11,"A","slurry",17.5,0.203,12.2617080800835,-0.178634737755108,0.207735594707652
2025-06-03,11,"B","slurry",17.1,0.235,14.8513435143629,-0.210140087688087,0.21293416551735
2025-06-03,11,"C","slurry",17.7,0.27,12.2804761836225,-0.112289892249347,0.268978801715782
2025-06-03,12,"A","slurry",16.2,0.269,8.92854819616276,-0.21125054383512,0.253243664147407
2025-06-03,12,"B","slurry",15.6,0.266,16.0689291685974,-0.21269190784103,0.620994056655711
2025-06-03,12,"C","slurry",16.6,0.244,11.3187889236352,-0.0652376765952038,0.597270266385448
2025-06-03,13,"A","slurry",18.4,0.18,11.8074102598048,-0.229944049292007,0.351860201763959
2025-06-03,13,"B","slurry",18.2,0.217,19.5433632297237,0.521463221792449,1.08575582858922
2025-06-03,13,"C","slurry",19.1,0.207,14.4615909723106,-0.151342403883966,0.426113109046947
2025-06-03,14,"A","compost",18,0.244,11.6566941816588,0.318596229884831,0.183948373888262
2025-06-03,14,"B","compost",18.8,0.215,10.5587520745794,-0.198443374314539,0.280459889222477
2025-06-03,14,"C","compost",19.5,0.214,13.0985928377418,-0.086241434163026,0.156450674663383
2025-06-03,15,"A","control",16.4,0.249,10.5263773174979,-0.181652621296066,0.22004152257654
2025-06-03,15,"B","control",17.1,0.269,10.140872938065,-0.210318059987751,0.188979000120342
2025-06-03,15,"C","control",17,0.294,11.7561223019139,-0.167364153459826,0.24362430735575
2025-06-19,1,"A","slurry",22.1,0.324,16.45378219704,-0.199395949618315,-0.081145808713071
2025-06-19,1,"B","slurry",22.6,0.259,17.7843865480804,-0.237346629132026,0.359543084311982
2025-06-19,1,"C","slurry",22.8,0.234,15.3971375410448,-0.305365171141538,0.0586830123194955
2025-06-19,2,"A","control",23.6,0.279,14.3348080622033,-0.17251332051071,0.197349276808635
2025-06-19,2,"B","control",22.8,0.228,19.400552414446,-0.284019163010682,0.142876324148628
2025-06-19,2,"C","control",23.3,0.259,17.9395930048801,-0.178967285890772,0.195020421648249
2025-06-19,3,"A","compost",23.5,0.305,21.5948664898093,-0.0744753674792726,0.228963913739121
2025-06-19,3,"B","compost",22.7,0.338,21.9404602298238,0.470912810708237,0.214624953317111
2025-06-19,3,"C","compost",22.3,0.309,15.2812724652447,-0.161748847243245,0.237344958532696
2025-06-19,4,"A","compost",22.3,0.283,14.0352944039358,-0.233791257898928,0.197807504174568
2025-06-19,4,"B","compost",22.9,0.234,14.1136369929926,-0.28030623332671,0.178917034037346
2025-06-19,4,"C","compost",23,0.284,17.3952423951818,-0.261101567578629,0.374444607981384
2025-06-19,5,"A","control",23.1,0.272,19.0989620218692,-0.35172179789228,0.16800256268299
2025-06-19,5,"B","control",21.7,0.261,14.9652300105701,-0.354389223464647,0.172108540283446
2025-06-19,5,"C","control",23.1,0.251,15.3771721962965,-0.32436765622302,0.183328762579455
2025-06-19,6,"A","slurry",22.6,0.263,18.2291987524389,-0.29764175366069,0.38005600461137
2025-06-19,6,"B","slurry",22.7,0.32,18.2124374583457,-0.15962937421763,0.306544048248912
2025-06-19,6,"C","slurry",22.3,0.257,24.0057919702917,-0.381087254449554,0.696088126860974
2025-06-19,7,"A","control",20.8,0.236,19.8869373168961,-0.172096305444425,0.545173583768421
2025-06-19,7,"B","control",21.3,0.297,17.9277684671363,-0.238191827614801,0.854037284183161
2025-06-19,7,"C","control",21.1,0.255,15.7128445209872,-0.195428123832515,0.309518901504345
2025-06-19,8,"A","compost",21.3,0.289,15.5494863160251,-0.208387517849886,0.161822391966763
2025-06-19,8,"B","compost",21.8,0.278,19.1744545782828,-0.184947448373526,0.111016513926576
2025-06-19,8,"C","compost",21.8,0.312,22.40261531703,-0.515159848100485,0.222685815697442
2025-06-19,9,"A","compost",21.8,0.302,16.8005875907376,-0.129765226695265,0.184628303911592
2025-06-19,9,"B","compost",21.9,0.303,15.2842597395742,-0.0595212844175527,0.403231794391645
2025-06-19,9,"C","compost",21.5,0.254,16.9001360218846,-0.2870960933121,0.503863629961819
2025-06-19,10,"A","control",21.7,0.246,16.0424638078593,-0.130971148949164,0.655612979663583
2025-06-19,10,"B","control",22.3,0.251,13.7876292484528,-0.170215471111968,0.255820564834942
2025-06-19,10,"C","control",21.6,0.282,13.8005018483603,-0.141508208339412,0.36622125737425
2025-06-19,11,"A","slurry",21.5,0.338,16.8119425031985,-0.202135800695904,0.286736920290914
2025-06-19,11,"B","slurry",21.5,0.279,18.0179682632293,-0.146098694791678,0.150994739820655
2025-06-19,11,"C","slurry",22,0.303,16.3794813096927,-0.125176336445944,0.0778268667379488
2025-06-19,12,"A","slurry",21.3,0.291,17.484967995333,-0.16096106952816,0.324101938586286
2025-06-19,12,"B","slurry",20.6,0.257,24.3128162762126,-0.214372647600323,0.547166701112521
2025-06-19,12,"C","slurry",21.5,0.317,15.932292931443,-0.199993551788916,0.15326340114416
2025-06-19,13,"A","slurry",22.7,0.246,18.117385491083,-0.217993945839777,0.489552242888269
2025-06-19,13,"B","slurry",22,0.251,19.4658168935291,0.177639766037381,0.67121052466368
2025-06-19,13,"C","slurry",22.4,0.219,23.6287765655435,-0.226783797026344,1.86357752995649
2025-06-19,14,"A","compost",23.8,0.303,11.6590945965171,-0.149600163993507,0.135519713083233
2025-06-19,14,"B","compost",23.7,0.308,16.3375224438258,-0.17404132952833,0.294936719068987
2025-06-19,14,"C","compost",23.9,0.285,12.7247550875634,-0.158738144165785,0.361960580936198
2025-06-19,15,"A","control",22.5,0.3,14.0595238952408,-0.186391551536856,0.451447713370632
2025-06-19,15,"B","control",23.2,0.323,15.4193703360759,-0.214966845719193,0.527240975114738
2025-06-19,15,"C","control",24.1,0.279,24.4542977190054,-0.40137247909567,0.595173380003977
2025-07-09,1,"A","slurry",25.3,0.097,18.4088866152315,-0.67249182139284,-0.022222865919886
2025-07-09,1,"B","slurry",25.5,0.113,15.5355424380495,-0.684482982941217,0.0865762107262101
2025-07-09,1,"C","slurry",26.1,0.14,14.278309234145,-0.612894260226404,0.0985217417357544
2025-07-09,2,"A","control",28.3,0.094,13.9849585350971,-0.713505058488388,0.0226112879523018
2025-07-09,2,"B","control",27.3,0.128,17.5603986711947,-0.757854724092053,0.108757320304151
2025-07-09,2,"C","control",26.8,0.087,14.6754101957771,-0.60262664905612,0.14174108893339
2025-07-09,3,"A","compost",24.2,0.16,19.9732263396447,-0.906477515242086,0.775761550820726
2025-07-09,3,"B","compost",25,0.107,20.9878964053959,-0.712504026297857,2.53482816779683
2025-07-09,3,"C","compost",24.2,0.136,15.6838090558885,-0.739447219083376,0.24430038142424
2025-07-09,4,"A","compost",26.3,0.065,11.884090723386,-0.680145683090695,0.16991360627003
2025-07-09,4,"B","compost",26.3,0.074,14.310146560422,-0.682714797618744,0.148251142451568
2025-07-09,4,"C","compost",26.3,0.089,14.271306148551,-0.562030834405526,0.0670860488657611
2025-07-09,5,"A","control",26.4,0.097,16.133037626239,-0.759818769438162,0.0465327287459001
2025-07-09,5,"B","control",25,0.124,14.4892462164429,-0.819465719774234,0.0837320149952123
2025-07-09,5,"C","control",27.3,0.131,14.330019279682,-0.727699531854328,0.0681601454317807
2025-07-09,6,"A","slurry",24.6,0.172,14.150302990497,-0.757153454769636,0.112881734276037
2025-07-09,6,"B","slurry",24.4,0.095,25.993924397393,-0.741364191395176,0.133617893505108
2025-07-09,6,"C","slurry",24.3,0.13,23.7245825244486,-0.685913073696099,0.202061506183435
2025-07-09,7,"A","control",26.1,0.062,15.6680412199684,-0.596686740965075,0.160146544772693
2025-07-09,7,"B","control",24.8,0.097,13.3360285369725,-0.616017881324416,0.179808393129454
2025-07-09,7,"C","control",25.8,0.116,13.8269229374798,-0.555538584690119,0.144624756970124
2025-07-09,8,"A","compost",25.4,0.138,13.6171906972396,-0.706797624937925,-0.0272871727667671
2025-07-09,8,"B","compost",25.7,0.162,12.8445375027783,-0.64707438770591,0.136412859135344
2025-07-09,8,"C","compost",26,0.063,19.3586674609946,-1.03036112760308,0.0204463461265636
2025-07-09,9,"A","compost",24.5,0.083,16.8826478448303,-0.681813888768268,0.115993669142852
2025-07-09,9,"B","compost",25.3,0.107,19.7242334765465,-0.590355785816734,0.254200405885502
2025-07-09,9,"C","compost",24.6,0.099,15.0700017808458,-0.718192426943874,0.187500249236002
2025-07-09,10,"A","control",25.6,0.139,14.0794809433194,-0.508377059046909,0.0900362675450951
2025-07-09,10,"B","control",25.7,0.142,13.0965915832013,-0.595755259194208,0.0140263106559606
2025-07-09,10,"C","control",24.8,0.082,11.4614331635942,-0.450134947452041,0.156772598334803
2025-07-09,11,"A","slurry",25.1,0.141,10.8337346607887,-0.484983256673011,-0.00666655294815665
2025-07-09,11,"B","slurry",24.6,0.137,12.9776544752267,-0.486666103100422,0.0310728565069368
2025-07-09,11,"C","slurry",26.3,0.107,17.705338847334,-0.56902866317528,0.0874179846643403
2025-07-09,12,"A","slurry",24,0.078,18.3963809775942,-0.699633251288588,0.0586987208297502
2025-07-09,12,"B","slurry",24.4,0.112,17.2605955862877,-0.632131596137408,0.167842298468691
2025-07-09,12,"C","slurry",24.4,0.12,11.0867138519721,-0.451537605884186,-0.0700983759386681
2025-07-09,13,"A","slurry",25.7,0.079,15.3566643413254,-0.618927153703357,0.0691549157503084
2025-07-09,13,"B","slurry",26,0.078,24.5084475232411,-0.583350762617276,0.62475743848754
2025-07-09,13,"C","slurry",25.8,0.112,17.1518517724767,-0.564219761978431,0.149647292952762
2025-07-09,14,"A","compost",26.5,0.145,13.6097666196222,-0.40487580626802,-0.0367384211607939
2025-07-09,14,"B","compost",25.4,0.122,15.5285345228448,-0.497656812743725,0.0533256530264534
2025-07-09,14,"C","compost",26.1,0.102,13.4949809358165,-0.29353012168424,0.0431319353579317
2025-07-09,15,"A","control",26.4,0.141,12.8368638431979,-0.484960375164056,0.153106532579624
2025-07-09,15,"B","control",25.3,0.136,10.4070125753546,-0.513396212342676,0.102863983813172
2025-07-09,15,"C","control",25.8,0.136,20.5936663846451,-0.570177225376699,0.141053099276109
2025-07-23,1,"A","slurry",21.5,0.068,8.52200843826785,-0.498132902552055,0.139814676671746
2025-07-23,1,"B","slurry",22,0.039,7.95747400457359,-0.57078905956396,0.074580017064846
2025-07-23,1,"C","slurry",21.7,0.041,10.8271516599604,-0.664293047962958,0.152545170964072
2025-07-23,2,"A","control",22.8,0.062,8.96054556688292,-0.72607119122789,0.0493123796767111
2025-07-23,2,"B","control",21.9,0.057,12.4526065275045,-0.809020730658045,0.0812159229460822
2025-07-23,2,"C","control",22.3,0.06,12.2010773391931,-0.681727875224518,0.0830655826751388
2025-07-23,3,"B","compost",22.34,0.096,12.8453322693574,-0.688756720333984,0.245247399742074
2025-07-23,3,"C","compost",22.38,0.079,11.4761310317028,-0.792381907945949,0.456484983591353
2025-07-23,4,"A","compost",22.1,0.049,7.66153323113618,-0.55458463160973,0.107353042879182
2025-07-23,4,"B","compost",22,0.068,10.3543533481655,-0.786520626802186,0.0670984691459009
2025-07-23,4,"C","compost",21.9,0.058,11.1951790165939,-0.536538111424828,0.129456897918976
2025-07-23,5,"A","control",22.5,0.037,8.86650959433004,-0.768482597169174,0.0715691004019062
2025-07-23,5,"B","control",22.6,0.069,8.29810385651537,-0.696082452499601,0.00304108774281723
2025-07-23,5,"C","control",23.2,0.044,11.1110198677305,-0.716903925752452,0.0882692372544946
2025-07-23,6,"A","slurry",22.66,0.052,12.3685060398192,-0.83080548828764,0.150205299917572
2025-07-23,6,"B","slurry",22.61,0.055,7.19285023557919,-0.715929872192462,0.0864912076970536
2025-07-23,6,"C","slurry",22.54,0.078,11.3751326975767,-0.761209253314731,0.109159050661912
2025-07-23,7,"A","control",21.9,0.048,11.1328536709159,-0.575998663621992,0.103341372364687
2025-07-23,7,"B","control",20.8,0.059,9.93920861879901,-0.66790583187148,0.0273126977215954
2025-07-23,7,"C","control",21.1,0.068,9.94570314076304,-0.613124424607354,0.079704523363431
2025-07-23,8,"A","compost",22.7,0.063,13.4778547067311,-0.779571541077719,-0.00625472427061925
2025-07-23,8,"B","compost",22.3,0.066,11.0396819618618,-0.718353357457739,0.0559185684003654
2025-07-23,8,"C","compost",22.4,0.054,12.3780794936826,-1.01562266507215,0.165450122985616
2025-07-23,9,"A","compost",23.7,0.053,7.67560548219421,-0.615354437509604,0.0611533128673069
2025-07-23,9,"B","compost",22.7,0.047,8.86857413185461,-0.735791870819898,0.0862918311921033
2025-07-23,9,"C","compost",22.36,0.074,11.681333408193,-0.801467608881594,0.0916378755200814
2025-07-23,10,"A","control",22.5,0.048,10.834591748593,-0.510377793781958,0.231803446205256
2025-07-23,10,"B","control",21.8,0.084,10.4776426876508,-0.538143673721571,0.0778187435369789
2025-07-23,10,"C","control",21.4,0.069,9.64835847716991,-0.486137916439144,0.229925739571087
2025-07-23,11,"A","slurry",22.7,0.061,10.9864383280783,-0.546728161826827,0.122942203844296
2025-07-23,11,"B","slurry",21.9,0.065,11.6624362913066,-0.490766580147949,-0.143654984459288
2025-07-23,11,"C","slurry",22.1,0.062,8.96326754620532,-0.496932359331038,0.0807549234907686
2025-07-23,12,"A","slurry",21.8,0.065,8.65072978341912,-0.675242829351256,0.0945600353183529
2025-07-23,12,"B","slurry",21.8,0.068,8.88390812585787,-0.661422308262921,0.138178410642674
2025-07-23,12,"C","slurry",23.1,0.081,9.46747960517332,-0.635271074985103,0.177392030128928
2025-07-23,13,"A","slurry",21.3,0.088,11.6589858190621,-0.681927148372843,0.186064759330004
2025-07-23,13,"B","slurry",22.8,0.073,10.3624217703427,-0.536035049314045,0.197696878693371
2025-07-23,13,"C","slurry",22.3,0.081,11.5908744241614,-0.63805348214976,0.250259955520296
2025-07-23,14,"A","compost",23.2,0.065,12.4166119435032,-0.489236841320147,0.0721771230698346
2025-07-23,14,"B","compost",21.8,0.047,10.7759384202198,-0.484231307811804,0.0586517836636781
2025-07-23,14,"C","compost",22.5,0.06,10.4903862330605,-0.283840324401738,0.144695475830432
2025-07-23,15,"A","control",22.8,0.085,10.7652891043284,-0.534670878764803,0.199154477566518
2025-07-23,15,"B","control",24.1,0.066,9.88840553263702,-0.567978197451378,0.295274779351668
2025-07-23,15,"C","control",23.1,0.083,16.7852440489904,-0.708269377563942,0.313618336210418
2025-08-22,1,"A","slurry",22.56,0.117,11.3256640133785,-0.518187977500506,0.0912127786577082
2025-08-22,1,"B","slurry",22.39,0.138,12.9590099395205,-0.399603366460454,0.0671825627425637
2025-08-22,1,"C","slurry",22.27,0.103,13.2376138684894,-0.459163910141951,0.0861893063826907
2025-08-22,2,"A","control",22.09,0.127,11.0208238968685,-0.442102422289625,0.24654349204754
2025-08-22,2,"B","control",22.2,0.167,11.649638062666,-0.55043684094025,0.108303486522087
2025-08-22,2,"C","control",22.16,0.117,14.5452620204668,-0.455837866362929,0.20172983755055
2025-08-22,3,"A","compost",22.07,0.179,14.4842105875382,-0.602714628463209,1.62761064702547
2025-08-22,3,"B","compost",21.95,0.23,15.6115172025451,-0.530770326936042,1.91488188620934
2025-08-22,3,"C","compost",22,0.168,11.2638346860077,-0.428680089167569,0.72686603424468
2025-08-22,4,"A","compost",21.92,0.116,10.1397198534287,-0.452209184401074,0.130732934830884
2025-08-22,4,"B","compost",21.84,0.149,9.91353662965586,-0.491618787053817,0.0412960804781751
2025-08-22,4,"C","compost",21.79,0.146,11.1752198732517,-0.391113747499669,0.0560635809793245
2025-08-22,5,"A","control",21.75,0.116,12.549381888919,-0.608433062046399,0.25346275396116
2025-08-22,5,"B","control",21.75,0.121,10.7220870669249,-0.607613344577461,0.114057630840653
2025-08-22,5,"C","control",21.81,0.137,14.3142981739034,-0.635531820278983,-0.00660733012431057
2025-08-22,6,"A","slurry",21.91,0.176,12.250115189316,-0.680945022480551,0.196514063818529
2025-08-22,6,"B","slurry",21.81,0.168,13.3451125148556,-0.613967670380172,0.339047719464084
2025-08-22,6,"C","slurry",21.72,0.214,10.183431613687,-0.41990286779026,0.261532501825748
2025-08-22,7,"A","control",21.8,0.127,11.9677211698164,-0.434910850268212,0.126425764367152
2025-08-22,7,"B","control",21.79,0.109,12.5073897209444,-0.5405664298904,0.0898535485952806
2025-08-22,7,"C","control",21.72,0.148,11.795788964682,-0.415899758776892,0.142227256025286
2025-08-22,8,"A","compost",21.75,0.136,12.2009402993513,-0.605985998789364,0.0865307749609719
2025-08-22,8,"B","compost",21.77,0.137,12.6935750806842,-0.560401215488951,0.100179209881387
2025-08-22,8,"C","compost",21.75,0.121,12.449720330844,-0.716633574553594,0.168198390459473
2025-08-22,9,"A","compost",21.77,0.118,11.090741588707,-0.528472837605443,0.307377221256834
2025-08-22,9,"B","compost",21.81,0.13,15.2200141494718,-0.612266689716758,1.27375074646289
2025-08-22,9,"C","compost",21.86,0.105,12.4111514558934,-0.60579546485244,0.533825388357828
2025-08-22,10,"A","control",21.45,0.127,9.23190819498625,-0.347809323173747,0.345079601775246
2025-08-22,10,"B","control",21.4,0.139,9.222472207656,-0.396173826326642,-0.0684272501583106
2025-08-22,10,"C","control",21.38,0.179,8.40782187795475,-0.348990683572206,0.206443702750379
2025-08-22,11,"A","slurry",21.61,0.172,11.421547095728,-0.486409383308669,0.256046804573111
2025-08-22,11,"B","slurry",21.58,0.12,10.8049581916717,-0.447291150837111,0.249953372333044
2025-08-22,11,"C","slurry",21.52,0.189,9.00995121170408,-0.343536377355582,0.088184791433088
2025-08-22,12,"A","slurry",21.84,0.163,12.2596770217212,-0.518145120958867,0.158991620592703
2025-08-22,12,"B","slurry",21.75,0.167,13.9465443976665,-0.588685564823361,0.159352937903986
2025-08-22,12,"C","slurry",21.65,0.16,10.1666928683477,-0.436630033816639,0.178344216453616
2025-08-22,13,"A","slurry",21.4,0.148,10.485422818758,-0.56187194838789,0.803703721795526
2025-08-22,13,"B","slurry",21.42,0.156,13.5925724712212,-0.462355905330631,0.255342831734111
2025-08-22,13,"C","slurry",21.42,0.117,11.087790543472,-0.364565635217068,7.21717540916069
2025-08-22,14,"A","compost",21.45,0.136,11.6452704164978,-0.357244599368642,0.24473943603527
2025-08-22,14,"B","compost",21.45,0.15,9.85968094785693,-0.415926092454992,0.039870349383158
2025-08-22,14,"C","compost",21.45,0.115,10.056944123188,-0.218998513389733,0.122650676278905
2025-08-22,15,"A","control",21.42,0.167,9.59396448857992,-0.404472327421233,0.181900060734807
2025-08-22,15,"B","control",21.38,0.145,10.9270840001949,-0.505527380681011,0.128890969640996
2025-08-22,15,"C","control",21.37,0.151,11.8054020469667,-0.428922232522806,-0.0303989394116964
2025-09-10,1,"A","slurry",17,0.107,6.9447489911198,-0.576457385614693,0.0595591431685013
2025-09-10,1,"B","slurry",17.7,0.151,8.43497142437096,-0.473854656022929,0.0579313615488877
2025-09-10,1,"C","slurry",18.5,0.104,9.52236367489398,-0.528711573274779,0.130198120612088
2025-09-10,2,"A","control",18.3,0.131,7.45436272555125,-0.476053603065821,0.0188248184451327
2025-09-10,2,"B","control",17.5,0.135,8.23693865279113,-0.590950391066295,0.0903144317729543
2025-09-10,2,"C","control",17.3,0.118,10.5034690179445,-0.534902977009773,0.116375007861434
2025-09-10,3,"A","compost",17.6,0.162,10.1063020104351,-0.59097168431329,0.12094484952063
2025-09-10,3,"B","compost",17.1,0.179,10.5645112969443,-0.523754039799116,0.0215803563675727
2025-09-10,3,"C","compost",16.9,0.169,8.25076203118277,-0.433943890494264,0.0382439353462328
2025-09-10,4,"A","compost",18.4,0.084,6.78930114097579,-0.426434991606374,0.0327345742997349
2025-09-10,4,"B","compost",17.6,0.154,8.56321593446479,-0.554166375283853,0.161445187032062
2025-09-10,4,"C","compost",18.2,0.135,7.07270891556806,-0.358594128982172,0.291322971655244
2025-09-10,5,"A","control",17.8,0.127,9.88028178556274,-0.579929764086585,0.0519068479432753
2025-09-10,5,"B","control",17.6,0.145,8.7354545129155,-0.616106242868899,0.054215748330715
2025-09-10,5,"C","control",17.5,0.109,10.0868210272728,-0.616655276267328,0.0691894616713776
2025-09-10,6,"A","slurry",17.8,0.169,7.50842829488317,-0.614233692785814,0.0988344026461498
2025-09-10,6,"B","slurry",17.4,0.141,8.11094300198011,-0.480098767424965,0.0909290935477046
2025-09-10,6,"C","slurry",16.7,0.129,9.38743188803867,-0.522466984958386,0.237414300419945
2025-09-10,7,"A","control",19.1,0.107,10.2621459506947,-0.43896421773585,0.04041283576217
2025-09-10,7,"B","control",17.9,0.127,9.58960916934492,-0.490609532792074,0.176904636442008
2025-09-10,7,"C","control",19.2,0.094,8.51537901910223,-0.342724391522543,0.163709702564409
2025-09-10,8,"A","compost",16.8,0.109,6.84569570361215,-0.592980090719217,0.108099100031219
2025-09-10,8,"B","compost",16.8,0.125,7.3002117207904,-0.740747271320349,0.1505527723602
2025-09-10,8,"C","compost",15.8,0.109,7.51477523945744,-0.800556679614114,0.0405411686960856
2025-09-10,9,"A","compost",16.3,0.097,8.84233452228451,-0.633833829421378,0.151558160987533
2025-09-10,9,"B","compost",16.5,0.105,9.6360439027353,-0.574077805033472,-0.054064830068625
2025-09-10,9,"C","compost",18.4,0.105,8.46490313308389,-0.579673581455172,0.119283176698066
2025-09-10,10,"A","control",17,0.095,7.72155034850301,-0.357929602365488,0.055345513223519
2025-09-10,10,"B","control",16.7,0.136,7.50956764746853,-0.475606955451645,0.0250293396219705
2025-09-10,10,"C","control",15.8,0.133,6.25867692363547,-0.351317400894117,0.0608502277746331
2025-09-10,11,"A","slurry",16.8,0.094,8.39206800633674,-0.463066383225505,-0.00358898211182302
2025-09-10,11,"B","slurry",17.5,0.103,6.34868767627593,-0.386558803883835,0.0928042822560999
2025-09-10,11,"C","slurry",16.5,0.123,6.42580610073183,-0.368599978768965,0.0938454277568047
2025-09-10,12,"A","slurry",16.5,0.125,6.13953184283991,-0.390650565963973,0.0291450302294398
2025-09-10,12,"B","slurry",16.3,0.103,9.20468932431014,-0.563984042886297,0.0997563929906333
2025-09-10,12,"C","slurry",15.9,0.094,6.20287832404455,-0.347585850138218,0.0521626525215449
2025-09-10,13,"A","slurry",16.5,0.109,9.4574396455638,-0.07545834034104,0.002548442276461
2025-09-10,13,"B","slurry",17.5,0.095,8.60932385174992,-0.447584571662478,-0.038103259763981
2025-09-10,13,"C","slurry",17.8,0.125,6.97462251295643,-0.378860079953071,0.421842090009321
2025-09-10,14,"A","compost",16.7,0.101,7.66513418536486,-0.262396925373415,0.106808677699034
2025-09-10,14,"B","compost",16.8,0.129,12.8468633124117,-0.478396701925029,0.399670710351839
2025-09-10,14,"C","compost",17.2,0.114,5.7919003976359,-0.159944315940999,0.0221134731394136
2025-09-10,15,"A","control",16.7,0.101,7.43591950484803,-0.43893617822238,0.118564688321999
2025-09-10,15,"B","control",16.7,0.123,10.063507388887,-0.52795460320578,0.129445127018421
2025-09-10,15,"C","control",17.7,0.106,12.3859226212759,-0.47990359843448,0.100623659132191
2025-09-30,1,"A","slurry",17.1,0.19,7.21522507414349,-0.416286768516956,0.110100156411967
2025-09-30,1,"B","slurry",17,0.159,7.79987881275889,-0.34232401980139,0.12880523670792
2025-09-30,1,"C","slurry",16.9,0.149,6.70041988151007,-0.335824840945697,0.113300500165709
2025-09-30,2,"A","control",17.4,0.178,6.01750361767697,-0.396860773237598,-0.0442557698961018
2025-09-30,2,"B","control",16.9,0.156,7.41095162651374,-0.536254711182649,0.20082313910499
2025-09-30,2,"C","control",17.3,0.147,7.85685938185366,-0.35924164884223,0.148862413066886
2025-09-30,3,"A","compost",17.3,0.169,9.303275472718,-0.465008729561719,0.157679116951152
2025-09-30,3,"B","compost",17,0.216,7.69074549542424,-0.371285550592484,0.0988406821725284
2025-09-30,3,"C","compost",16.8,0.194,7.32568066692878,-0.471699403261227,0.118931665498928
2025-09-30,4,"A","compost",17.4,0.171,7.20745348112049,-0.360741716510296,0.0246225569309657
2025-09-30,4,"B","compost",17.3,0.154,7.12108243091189,-0.433819160866296,0.190123204790299
2025-09-30,4,"C","compost",17.5,0.144,8.46938594995777,-0.318371476527285,0.097433071658999
2025-09-30,5,"A","control",17.3,0.175,7.38952424504834,-0.486170413261353,-0.0780914190480484
2025-09-30,5,"B","control",17.3,0.18,6.76084076772727,-0.494256051181574,0.124226772112285
2025-09-30,5,"C","control",17.7,0.169,9.07215778961847,-0.517758826675105,0.243138066145232
2025-09-30,6,"A","slurry",17,0.209,6.04533482554981,-0.519603231390098,0.0696834969164806
2025-09-30,6,"B","slurry",17,0.214,7.52811141851497,-0.419890079122414,0.0691980048904787
2025-09-30,6,"C","slurry",16.7,0.199,8.26442498125861,-0.365232449275096,0.432468526195008
2025-09-30,7,"A","control",17.8,0.171,9.02192159663913,-0.385809088923159,0.149780647130397
2025-09-30,7,"B","control",17.5,0.148,8.6120286077777,-0.475671895342992,0.248845281974748
2025-09-30,7,"C","control",17.7,0.149,9.35500273444663,-0.335616036364106,0.200439701142469
2025-09-30,8,"A","compost",17.4,0.139,7.31412271384362,-0.430703371216925,0.0656676868484891
2025-09-30,8,"B","compost",17.7,0.172,9.91573304495944,-0.929484985716129,0.227192353576395
2025-09-30,8,"C","compost",17.5,0.199,8.54331694552639,-0.629397041364966,-0.06643518530778
2025-09-30,9,"A","compost",18,0.235,10.5712882616913,-0.563664315994665,0.213482387046765
2025-09-30,9,"B","compost",17.9,0.179,8.70619125792519,-0.362235627319148,0.185331645724371
2025-09-30,9,"C","compost",18,0.193,8.7080032803803,-0.383326104313806,0.175208034137352
2025-09-30,10,"A","control",18.1,0.178,7.64239322881581,-0.281248230727737,0.190409822836546
2025-09-30,10,"B","control",18.1,0.197,7.70067833432059,-0.285257759399404,0.108895907745332
2025-09-30,10,"C","control",17.4,0.173,6.30431953904274,-0.245615081487397,0.155302966674637
2025-09-30,11,"A","slurry",18.7,0.147,10.6577034597437,-0.338258560284321,0.189157938021726
2025-09-30,11,"B","slurry",17.9,0.206,6.96698213245108,-0.256533249341206,-0.0316662688792879
2025-09-30,11,"C","slurry",18,0.194,6.60432234284155,-0.186499895696903,-0.00236645300214116
2025-09-30,12,"A","slurry",17.8,0.218,7.95501092424674,-0.376163255550452,0.139323007264881
2025-09-30,12,"B","slurry",17.7,0.169,13.9722893568141,-0.512589106474856,0.146370627988616
2025-09-30,12,"C","slurry",17.7,0.164,7.27486536207187,-0.261210147374369,0.47209701026678
2025-09-30,14,"A","compost",18.1,0.183,9.03985181597903,-0.297563837120081,-0.0123213406002859
2025-09-30,14,"B","compost",18.5,0.153,15.9164384801276,-0.523613868593056,0.240111320345959
2025-09-30,14,"C","compost",18,0.16,7.85152708280076,-0.22378797790388,0.150476121719524
2025-09-30,15,"A","control",17.7,0.177,7.39816874252629,-0.285340526294838,0.102362098039834
2025-09-30,15,"B","control",18.3,0.183,9.11185073601884,-0.384307129826222,0.0647755779917832
2025-09-30,15,"C","control",18,0.197,12.4443019077005,-0.374373894312382,0.241383207135878
2025-10-14,1,"A","slurry",13.4,0.185,4.59982965450961,-0.229495194888452,0.0806494980459471
2025-10-14,1,"B","slurry",13.4,0.238,4.04836043695763,-0.137468150292809,0.0890942585106457
2025-10-14,1,"C","slurry",13.2,0.201,4.24291738222838,-0.215588039855977,-0.0424095583483942
2025-10-14,2,"A","control",13.2,0.194,3.5835524682219,-0.162351463997454,0.0274107560919359
2025-10-14,2,"B","control",13.5,0.222,4.19947997908616,-0.255658654930936,0.0348323374672839
2025-10-14,2,"C","control",13.3,0.249,5.77666788445867,-0.188725313720331,0.038488085759574
2025-10-14,3,"A","compost",13.5,0.26,5.47214089639209,-0.182960186629877,0.0179626055627945
2025-10-14,3,"B","compost",12.9,0.309,4.90342428719901,-0.145341618724417,-0.0191717542121712
2025-10-14,3,"C","compost",13.2,0.259,4.4592012338229,-0.186816186746318,-0.0266127153921831
2025-10-14,4,"A","compost",13.5,0.167,4.8718331671111,-0.264650361996256,0.0438053467680673
2025-10-14,4,"B","compost",13.4,0.202,4.47711552283469,-0.356242601233497,0.0838453797836292
2025-10-14,4,"C","compost",13.5,0.211,4.04142880926285,-0.22286277388234,0.00457435102827296
2025-10-14,5,"A","control",13.2,0.141,5.11344500379283,-0.339594056338421,0.048380449359248
2025-10-14,5,"B","control",13.2,0.273,4.19926557762628,-0.353042462703838,0.0744570182674328
2025-10-14,5,"C","control",13.3,0.182,4.6634215309446,-0.284314174670177,0.0616365718492632
2025-10-14,6,"A","slurry",13.1,0.282,3.04204386516713,-0.194539632467758,0.104309696776514
2025-10-14,6,"B","slurry",12.9,0.257,4.20593598742799,-0.140206225354007,0.0186451471058301
2025-10-14,6,"C","slurry",12.9,0.298,5.21023814948108,-0.227597020685448,-0.201493709599997
2025-10-14,7,"A","control",13.4,0.226,5.02540687508675,-0.230270269238003,0.186697666807631
2025-10-14,7,"B","control",13.5,0.207,4.98340513982544,-0.276524744392063,0.215334310416195
2025-10-14,7,"C","control",13.4,0.236,4.72275592941821,-0.189115583453851,0.107803009830894
2025-10-14,8,"A","compost",13.4,0.239,3.951886639635,-0.288779639304227,-0.00222708308150818
2025-10-14,8,"B","compost",13.4,0.278,4.9466685503456,-0.348257919797674,0.0434741929332728
2025-10-14,8,"C","compost",13.4,0.197,5.26531823719427,-0.388237693912315,0.041144248373748
2025-10-14,9,"A","compost",13.5,0.178,5.6672674996133,-0.284224244058815,0.103893877164146
2025-10-14,9,"B","compost",13.6,0.285,5.10678728244861,-0.212929453492145,0.0973192870613822
2025-10-14,9,"C","compost",13.4,0.237,4.09431974244897,-0.234619951616236,-0.073946596219347
2025-10-14,10,"A","control",13.4,0.167,4.04066642780039,-0.165018561867412,0.100115522692414
2025-10-14,10,"B","control",13.3,0.251,3.54227071897072,-0.20080034366171,-0.0197437680847367
2025-10-14,10,"C","control",13.2,0.224,3.41163053922939,-0.158025045813328,0.042361510328027
2025-10-14,11,"A","slurry",13.8,0.219,5.43839029604554,-0.0811949515485444,0.2049732206153
2025-10-14,11,"B","slurry",13.4,0.208,3.75283988464356,-0.148835435950837,0.00720070922652496
2025-10-14,11,"C","slurry",13.5,0.202,3.04189286402686,-0.0899882351937218,0.00663504458468584
2025-10-14,12,"A","slurry",13.5,0.256,4.26681531283901,-0.252268311977095,0.136148259113872
2025-10-14,12,"B","slurry",13.4,0.266,6.55853475352928,-0.302527400538918,-0.0320858509028024
2025-10-14,12,"C","slurry",13.3,0.26,3.74498810035972,-0.177463642402675,0.0411224534256131
2025-10-14,13,"A","slurry",13.4,0.187,5.99376823324755,-0.385318928071651,0.192082087432661
2025-10-14,13,"B","slurry",13.5,0.209,7.03490289977424,-0.271663814181908,0.101578401770563
2025-10-14,13,"C","slurry",13.6,0.241,5.91842211085677,-0.210591892499155,2.67649210251844
2025-10-14,14,"A","compost",13.5,0.288,5.31248618684302,-0.225850073741275,0.0785937638735208
2025-10-14,14,"B","compost",13.7,0.26,7.43626824966619,-0.264803235392866,0.135129894186122
2025-10-14,14,"C","compost",13.5,0.209,5.05108670761527,-0.129086415584998,0.0605791519707268
2025-10-14,15,"A","control",13.4,0.207,6.81219495853801,-0.587156605889056,0.176479176340122
2025-10-14,15,"B","control",13.4,0.237,4.44640989816688,-0.294072627640723,0.071242259133741
2025-10-14,15,"C","control",13.4,0.26,5.13309128071839,-0.289723070233821,0.0684865649505098
