"gas","driver","treatment","Ts","W","fit","lo","hi"
"CO2","Ts","control",13.2,0.158666666666667,5.86800511169592,5.32305287588604,6.46874731357199
"CO2","Ts","control",13.4220338983051,0.158666666666667,5.98169448842467,5.43502988117021,6.58334355746838
"CO2","Ts","control",13.6440677966102,0.158666666666667,6.09758653439703,5.54918693782487,6.70018183943786
"CO2","Ts","control",13.8661016949153,0.158666666666667,6.21572392512007,5.66555327283995,6.81932055930408
"CO2","Ts","control",14.0881355932203,0.158666666666667,6.33615016291532,5.78415748709887,6.94082050437876
"CO2","Ts","control",14.3101694915254,0.158666666666667,6.45890959293793,5.90502747788718,7.06474496282482
"CO2","Ts","control",14.5322033898305,0.158666666666667,6.58404741950608,6.02819036228984,7.19115983686986
"CO2","Ts","control",14.7542372881356,0.158666666666667,6.71160972274678,6.15367240298148,7.32013375438124
"CO2","Ts","control",14.9762711864407,0.158666666666667,6.8416434755642,6.28149893818634,7.45173817704173
"CO2","Ts","control",15.1983050847458,0.158666666666667,6.97419656093675,6.41169431786606,7.58604750308342
"CO2","Ts","control",15.4203389830508,0.158666666666667,7.10931778954923,6.54428184847219,7.72313916225974
"CO2","Ts","control",15.6423728813559,0.158666666666667,7.24705691776666,6.67928374886097,7.86309370047437
"CO2","Ts","control",15.864406779661,0.158666666666667,7.38746466595631,6.81672112019287,8.00599485126199
"CO2","Ts","control",16.0864406779661,0.158666666666667,7.53059273716473,6.95661393280485,8.15192959114999
"CO2","Ts","control",16.3084745762712,0.158666666666667,7.67649383615659,7.09898103312424,8.30098817585033
"CO2","Ts","control",16.5305084745763,0.158666666666667,7.82522168882242,7.24384017366095,8.45326415426279
"CO2","Ts","control",16.7525423728814,0.158666666666667,7.97683106196241,7.39120806894133,8.60885435744502
"CO2","Ts","control",16.9745762711864,0.158666666666667,8.1313777834534,7.54110047990572,8.76785886004614
"CO2","Ts","control",17.1966101694915,0.158666666666667,8.2889187628067,7.69353232876257,8.93038091223043
"CO2","Ts","control",17.4186440677966,0.158666666666667,8.44951201212416,7.84851784556289,9.09652684084712
"CO2","Ts","control",17.6406779661017,0.158666666666667,8.61321666746022,8.00607074683186,9.26640591952948
"CO2","Ts","control",17.8627118644068,0.158666666666667,8.78009301059793,8.16620444548909,9.44013020851249
"CO2","Ts","control",18.0847457627119,0.158666666666667,8.95020249124675,8.32893229004254,9.61781436620497
"CO2","Ts","control",18.306779661017,0.158666666666667,9.12360774967057,8.4942678297139,9.79957543587986
"CO2","Ts","control",18.528813559322,0.158666666666667,9.30037263975394,8.6622251008211,9.98553261217889
"CO2","Ts","control",18.7508474576271,0.158666666666667,9.48056225251538,8.83281892850057,10.1758069933714
"CO2","Ts","control",18.9728813559322,0.158666666666667,9.66424294007617,9.00606523679432,10.3705213263652
"CO2","Ts","control",19.1949152542373,0.158666666666667,9.85148234009348,9.18198135935252,10.5697997522419
"CO2","Ts","control",19.4169491525424,0.158666666666667,10.0423494006669,9.36058634259214,10.7737675604997
"CO2","Ts","control",19.6389830508475,0.158666666666667,10.2369144057278,9.54190123316203,10.982550960179
"CO2","Ts","control",19.8610169491525,0.158666666666667,10.4352490009197,9.72594934201957,11.1962768755883
"CO2","Ts","control",20.0830508474576,0.158666666666667,10.6374262199817,9.9127564783062,11.4150727734702
"CO2","Ts","control",20.3050847457627,0.158666666666667,10.8435205116409,10.1023511474647,11.6390665271901
"CO2","Ts","control",20.5271186440678,0.158666666666667,11.053607767028,10.2947647095812,11.8683863219904
"CO2","Ts","control",20.7491525423729,0.158666666666667,11.2677653476226,10.4900314956466,12.103160603643
"CO2","Ts","control",20.971186440678,0.158666666666667,11.4860721137404,10.6881888811901,12.3435180710761
"CO2","Ts","control",21.193220338983,0.158666666666667,11.7086084535724,10.8892773184182,12.5895877118668
"CO2","Ts","control",21.4152542372881,0.158666666666667,11.9354563127868,11.0933403294932,12.8414988779985
"CO2","Ts","control",21.6372881355932,0.158666666666667,12.1666992247041,11.3004244648153,13.0993813980451
"CO2","Ts","control",21.8593220338983,0.158666666666667,12.4024223410568,11.5105792310831,13.3633657210378
"CO2","Ts","control",22.0813559322034,0.158666666666667,12.6427124633457,11.7238569944872,13.6335830866921
"CO2","Ts","control",22.3033898305085,0.158666666666667,12.887658074803,11.9403128646289,13.9101657164321
"CO2","Ts","control",22.5254237288136,0.158666666666667,13.1373493729747,12.1600045647115,14.1932470196973
"CO2","Ts","control",22.7474576271186,0.158666666666667,13.3918783029349,12.3829922932494,14.4829618103201
"CO2","Ts","control",22.9694915254237,0.158666666666667,13.6513385911431,12.6093385820607,14.7794465282394
"CO2","Ts","control",23.1915254237288,0.158666666666667,13.9158257799574,12.8391081546982,15.0828394624329
"CO2","Ts","control",23.4135593220339,0.158666666666667,14.1854372628165,13.0723677887967,15.3932809716199
"CO2","Ts","control",23.635593220339,0.158666666666667,14.4602723201036,13.3091861851217,15.7109136999907
"CO2","Ts","control",23.8576271186441,0.158666666666667,14.740432155705,13.5496338454288,16.0358827858838
"CO2","Ts","control",24.0796610169492,0.158666666666667,15.0260199342763,13.7937829606247,16.3683360619618
"CO2","Ts","control",24.3016949152542,0.158666666666667,15.317140819232,14.0417073101651,16.7084242459847
"CO2","Ts","control",24.5237288135593,0.158666666666667,15.6139020114699,14.2934821731578,17.0563011217526
"CO2","Ts","control",24.7457627118644,0.158666666666667,15.9164127888463,14.5491842512494,17.4121237101795
"CO2","Ts","control",24.9677966101695,0.158666666666667,16.2247845464159,14.8088916030683,17.7760524307622
"CO2","Ts","control",25.1898305084746,0.158666666666667,16.5391308374516,15.0726835897666,18.148251253948
"CO2","Ts","control",25.4118644067797,0.158666666666667,16.8595674152585,15.3406408310354,18.5288878450628
"CO2","Ts","control",25.6338983050847,0.158666666666667,17.1862122757983,15.6128451708633,18.918133700577
"CO2","Ts","control",25.8559322033898,0.158666666666667,17.5191857011399,15.889379652244,19.3161642775449
"CO2","Ts","control",26.0779661016949,0.158666666666667,17.8586103037511,16.1703285000137,19.7231591170813
"CO2","Ts","control",26.3,0.158666666666667,18.2046110716489,16.4557771110076,20.1393019627323
"CO2","Ts","compost",13.2,0.158666666666667,5.98055846270259,5.40759837816574,6.61422632091544
"CO2","Ts","compost",13.4220338983051,0.158666666666667,6.09699491336433,5.52263545542952,6.73108831346889
"CO2","Ts","compost",13.6440677966102,0.158666666666667,6.21569828393452,5.63993914642532,6.85023440038249
"CO2","Ts","compost",13.8661016949153,0.158666666666667,6.33671270943996,5.7595399459779,6.97172488403677
"CO2","Ts","compost",14.0881355932203,0.158666666666667,6.46008318417936,5.88146759581628,7.09562265992981
"CO2","Ts","compost",14.3101694915254,0.158666666666667,6.58585557845265,6.00575098530118,7.22199335376886
"CO2","Ts","compost",14.5322033898305,0.158666666666667,6.71407665561596,6.13241805125793,7.35090546024341
"CO2","Ts","compost",14.7542372881356,0.158666666666667,6.84479408946871,6.2614956785491,7.48243048186245
"CO2","Ts","compost",14.9762711864407,0.158666666666667,6.97805648197914,6.39300960338696,7.61664306587211
"CO2","Ts","compost",15.1983050847458,0.158666666666667,7.113913381355,6.52698432178123,7.75362113687608
"CO2","Ts","compost",15.4203389830508,0.158666666666667,7.25241530046604,6.66344300592888,7.89344602236931
"CO2","Ts","compost",15.6423728813559,0.158666666666667,7.39361373562516,6.80240743176583,8.03620256798326
"CO2","Ts","compost",15.864406779661,0.158666666666667,7.53756118573521,6.94389792129157,8.18197923885009
"CO2","Ts","compost",16.0864406779661,0.158666666666667,7.68431117180861,7.08793330361807,8.33086820315323
"CO2","Ts","compost",16.3084745762712,0.158666666666667,7.83391825686693,7.23453089894841,8.48296539367792
"CO2","Ts","compost",16.5305084745763,0.158666666666667,7.98643806622795,7.38370652981683,8.63837054304989
"CO2","Ts","compost",16.7525423728814,0.158666666666667,8.14192730818767,7.53547456387419,8.79718718839789
"CO2","Ts","compost",16.9745762711864,0.158666666666667,8.300443795105,7.68984799223561,8.95952264144394
"CO2","Ts","compost",17.1966101694915,0.158666666666667,8.46204646489691,7.84683854687698,9.1254879205554
"CO2","Ts","compost",17.4186440677966,0.158666666666667,8.62679540295213,8.0064568597409,9.2951976421196
"CO2","Ts","compost",17.6406779661017,0.158666666666667,8.79475186447142,8.16871266507402,9.46876986974088
"CO2","Ts","compost",17.8627118644068,0.158666666666667,8.9659782972429,8.33361504507286,9.64632592120505
"CO2","Ts","compost",18.0847457627119,0.158666666666667,9.14053836486064,8.50117271720171,9.82799013487057
"CO2","Ts","compost",18.306779661017,0.158666666666667,9.31849697039544,8.67139435963346,10.0138895990586
"CO2","Ts","compost",18.528813559322,0.158666666666667,9.49992028052638,8.84428896926047,10.2041538500186
"CO2","Ts","compost",18.7508474576271,0.158666666666667,9.6848757501422,9.01986624476136,10.3989145460077
"CO2","Ts","compost",18.9728813559322,0.158666666666667,9.87343214742169,9.19813698545098,10.5983051267811
"CO2","Ts","compost",19.1949152542373,0.158666666666667,10.0656595794023,9.37911349524512,10.8024604691881
"CO2","Ts","compost",19.4169491525424,0.158666666666667,10.2616295180467,9.56280998019062,11.0115165504469
"CO2","Ts","compost",19.6389830508475,0.158666666666667,10.4614148268166,9.74924292775915,11.2256101309286
"CO2","Ts","compost",19.8610169491525,0.158666666666667,10.665089787764,9.93843145654486,11.4448784678353
"CO2","Ts","compost",20.0830508474576,0.158666666666667,10.8727301291502,10.1303976261408,11.6694590700253
"CO2","Ts","compost",20.3050847457627,0.158666666666667,11.0844130536023,10.3251666987275,11.8994895024805
"CO2","Ts","compost",20.5271186440678,0.158666666666667,11.3002172668173,10.5227673461583,12.1351072466594
"CO2","Ts","compost",20.7491525423729,0.158666666666667,11.5202230068265,10.7232317988881,12.3764496204191
"CO2","Ts","compost",20.971186440678,0.158666666666667,11.7445120738278,10.9265959357622,12.6236537585176
"CO2","Ts","compost",21.193220338983,0.158666666666667,11.9731678606007,11.1328993162524,12.876856652143
"CO2","Ts","compost",21.4152542372881,0.158666666666667,12.2062753835118,11.3421851590126,13.1361952436242
"CO2","Ts","compost",21.6372881355932,0.158666666666667,12.4439213141251,11.5545002724939,13.4018065706198
"CO2","Ts","compost",21.8593220338983,0.158666666666667,12.686194011427,11.7698949447073,13.6738279527243
"CO2","Ts","compost",22.0813559322034,0.158666666666667,12.9331835546794,11.988422800038,13.9523972126257
"CO2","Ts","compost",22.3033898305085,0.158666666666667,13.1849817769115,12.2101406313016,14.2376529236548
"CO2","Ts","compost",22.5254237288136,0.158666666666667,13.4416822990647,12.4351082150605,14.5297346757436
"CO2","Ts","compost",22.7474576271186,0.158666666666667,13.7033805648013,12.6633881176765,14.8287833523521
"CO2","Ts","compost",22.9694915254237,0.158666666666667,13.9701738759918,12.8950454987572,15.1349414117424
"CO2","Ts","compost",23.1915254237288,0.158666666666667,14.2421614288921,13.1301479176699,15.4483531669626
"CO2","Ts","compost",23.4135593220339,0.158666666666667,14.5194443510262,13.3687651477332,15.7691650599675
"CO2","Ts","compost",23.635593220339,0.158666666666667,14.8021257387858,13.6109690016389,16.0975259263644
"CO2","Ts","compost",23.8576271186441,0.158666666666667,15.0903106957629,13.8568331706528,16.4335872482709
"CO2","Ts","compost",24.0796610169492,0.158666666666667,15.3841063718282,14.106433079248,16.7775033936745
"CO2","Ts","compost",24.3016949152542,0.158666666666667,15.6836220029703,14.3598457560496,17.1294318414547
"CO2","Ts","compost",24.5237288135593,0.158666666666667,15.9889689519107,14.6171497213307,17.4895333918693
"CO2","Ts","compost",24.7457627118644,0.158666666666667,16.3002607495099,14.8784248907974,17.8579723628106
"CO2","Ts","compost",24.9677966101695,0.158666666666667,16.6176131369784,15.1437524950158,18.2349167725215
"CO2","Ts","compost",25.1898305084746,0.158666666666667,16.9411441089113,15.4132150135702,18.6205385097279
"CO2","Ts","compost",25.4118644067797,0.158666666666667,17.2709739571592,15.6868961228602,19.0150134923241
"CO2","Ts","compost",25.6338983050847,0.158666666666667,17.607225315554,15.9648806563511,19.4185218158431
"CO2","Ts","compost",25.8559322033898,0.158666666666667,17.9500232055053,16.2472545760551,19.8312478929847
"CO2","Ts","compost",26.0779661016949,0.158666666666667,18.2994950824846,16.5341049540286,20.2533805854598
"CO2","Ts","compost",26.3,0.158666666666667,18.6557708834143,16.8255199627202,20.6851133293704
"CO2","Ts","slurry",13.2,0.158666666666667,6.72185275370563,6.07572399993457,7.4366946956423
"CO2","Ts","slurry",13.4220338983051,0.158666666666667,6.84638689305873,6.19949700936419,7.56077685312952
"CO2","Ts","slurry",13.6440677966102,0.158666666666667,6.97322824627573,6.32557917855398,7.68718733922695
"CO2","Ts","slurry",13.8661016949153,0.158666666666667,7.10241955854957,6.45399686365393,7.81598823974457
"CO2","Ts","slurry",14.0881355932203,0.158666666666667,7.23400436700301,6.58477532901131,7.94724444906399
"CO2","Ts","slurry",14.3101694915254,0.158666666666667,7.36802701536059,6.71793863068261,8.08102382048216
"CO2","Ts","slurry",14.5322033898305,0.158666666666667,7.50453266889228,6.85350949994283,8.21739731723451
"CO2","Ts","slurry",14.7542372881356,0.158666666666667,7.64356732963407,6.9915092289452,8.35643916205824
"CO2","Ts","slurry",14.9762711864407,0.158666666666667,7.78517785189056,7.13195756114618,8.49822698269489
"CO2","Ts","slurry",15.1983050847458,0.158666666666667,7.9294119580247,7.27487258960304,8.64284195023901
"CO2","Ts","slurry",15.4203389830508,0.158666666666667,8.07631825454011,7.42027066675815,8.79036890673355
"CO2","Ts","slurry",15.6423728813559,0.158666666666667,8.22594624846134,7.5681663298209,8.94089647791562
"CO2","Ts","slurry",15.864406779661,0.158666666666667,8.37834636401762,7.71857224631419,9.09451716656121
"CO2","Ts","slurry",16.0864406779661,0.158666666666667,8.53356995963566,7.87149918472542,9.25132742150393
"CO2","Ts","slurry",16.3084745762712,0.158666666666667,8.69166934524729,8.02695601544451,9.41142767716136
"CO2","Ts","slurry",16.5305084745763,0.158666666666667,8.85269779991783,8.18494974722631,9.57492235834774
"CO2","Ts","slurry",16.7525423728814,0.158666666666667,9.01670958980092,8.34548560422277,9.7419198453437
"CO2","Ts","slurry",16.9745762711864,0.158666666666667,9.18375998642613,8.50856714813323,9.91253239469186
"CO2","Ts","slurry",17.1966101694915,0.158666666666667,9.35390528532523,8.67419644916791,10.0868760120401
"CO2","Ts","slurry",17.4186440677966,0.158666666666667,9.52720282500374,8.84237430827675,10.2650702745978
"CO2","Ts","slurry",17.6406779661017,0.158666666666667,9.70371100626378,9.01310053145627,10.4472381024103
"CO2","Ts","slurry",17.8627118644068,0.158666666666667,9.88348931188496,9.18637425493758,10.6335054796663
"CO2","Ts","slurry",18.0847457627119,0.158666666666667,10.06659832667,9.36219431775171,10.8240011295611
"CO2","Ts","slurry",18.306779661017,0.158666666666667,10.2530997578616,9.54055967568094,11.0188561487257
"CO2","Ts","slurry",18.528813559322,0.158666666666667,10.4430564559376,9.72146984809858,11.2182036097381
"CO2","Ts","slurry",18.7508474576271,0.158666666666667,10.6365324357914,9.90492538687158,11.422178142563
"CO2","Ts","slurry",18.9728813559322,0.158666666666667,10.8335928983048,10.0909283545625,11.630915507703
"CO2","Ts","slurry",19.1949152542373,0.158666666666667,11.0343042523208,10.2794827978268,11.8445521751858
"CO2","Ts","slurry",19.4169491525424,0.158666666666667,11.2387341370227,10.4705952013292,12.063224924085
"CO2","Ts","slurry",19.6389830508475,0.158666666666667,11.4469514447286,10.6642749078075,12.2870704769664
"CO2","Ts","slurry",19.8610169491525,0.158666666666667,11.6590263441082,10.8605344911271,12.5162251824404
"CO2","Ts","slurry",20.0830508474576,0.158666666666667,11.8750303038287,11.0593900712231,12.7508247569437
"CO2","Ts","slurry",20.3050847457627,0.158666666666667,12.0950361166403,11.2608615625755,12.9910040941286
"CO2","Ts","slurry",20.5271186440678,0.158666666666667,12.319117923907,11.4649728510772,13.2368971470235
"CO2","Ts","slurry",20.7491525423729,0.158666666666667,12.5473512405915,11.6717518975688,13.4886368847136
"CO2","Ts","slurry",20.971186440678,0.158666666666667,12.7798129807042,11.8812307696509,13.7463553219559
"CO2","Ts","slurry",21.193220338983,0.158666666666667,13.0165814832229,12.0934456063924,14.010183617134
"CO2","Ts","slurry",21.4152542372881,0.158666666666667,13.2577365384923,12.3084365230302,14.2802522314833
"CO2","Ts","slurry",21.6372881355932,0.158666666666667,13.5033594151138,12.5262474645724,14.5566911406988
"CO2","Ts","slurry",21.8593220338983,0.158666666666667,13.7535328873324,12.7469260183224,14.8396300889356
"CO2","Ts","slurry",22.0813559322034,0.158666666666667,14.0083412629316,12.9705231957548,15.1291988747977
"CO2","Ts","slurry",22.3033898305085,0.158666666666667,14.2678704116446,13.197093193966,15.4255276591183
"CO2","Ts","slurry",22.5254237288136,0.158666666666667,14.5322077940927,13.4266931462238,15.7287472850367
"CO2","Ts","slurry",22.7474576271186,0.158666666666667,14.8014424912586,13.6593828700675,16.0389896019477
"CO2","Ts","slurry",22.9694915254237,0.158666666666667,15.075665234507,13.8952246201228,16.3563877861886
"CO2","Ts","slurry",23.1915254237288,0.158666666666667,15.3549684361608,14.1342828514002,16.6810766527243
"CO2","Ts","slurry",23.4135593220339,0.158666666666667,15.6394462206432,14.376623997462,17.0131929534757
"CO2","Ts","slurry",23.635593220339,0.158666666666667,15.9291944561982,14.6223162665445,17.3528756592364
"CO2","Ts","slurry",23.8576271186441,0.158666666666667,16.2243107871975,14.871429457557,17.7002662232857
"CO2","Ts","slurry",24.0796610169492,0.158666666666667,16.5248946670462,15.1240347968968,18.0555088257932
"CO2","Ts","slurry",24.3016949152542,0.158666666666667,16.831047391699,15.3802047962046,18.4187505989207
"CO2","Ts","slurry",24.5237288135593,0.158666666666667,17.1428721337957,15.6400131305604,18.7901418331571
"CO2","Ts","slurry",24.7457627118644,0.158666666666667,17.4604739774311,15.9035345361501,19.1698361658886
"CO2","Ts","slurry",24.9677966101695,0.158666666666667,17.7839599535673,16.1708447261159,19.5579907535265
"CO2","Ts","slurry",25.1898305084746,0.158666666666667,18.1134390761034,16.4420203231017,19.9547664287168
"CO2","Ts","slurry",25.4118644067797,0.158666666666667,18.4490223786124,16.7171388069065,20.3603278442554
"CO2","Ts","slurry",25.6338983050847,0.158666666666667,18.7908229517594,16.9962784756339,20.7748436053558
"CO2","Ts","slurry",25.8559322033898,0.158666666666667,19.1389559814131,17.2795184187614,21.1984863918867
"CO2","Ts","slurry",26.0779661016949,0.158666666666667,19.4935387874629,17.5669385006272,21.6314330721174
"CO2","Ts","slurry",26.3,0.158666666666667,19.8546908633552,17.8586193529334,22.073864809412
"CH4","W","control",18.6,0.05164,-0.523489565786757,-0.659361651015058,-0.387617480558457
"CH4","W","control",18.6,0.0559871186440678,-0.517921211751073,-0.651550569058292,-0.384291854443854
"CH4","W","control",18.6,0.0603342372881356,-0.512352857715389,-0.643790900964805,-0.380914814465973
"CH4","W","control",18.6,0.0646813559322034,-0.506784503679705,-0.636085260757811,-0.377483746601598
"CH4","W","control",18.6,0.0690284745762712,-0.501216149644021,-0.628436371454662,-0.373995927833379
"CH4","W","control",18.6,0.073375593220339,-0.495647795608336,-0.62084706231133,-0.370448528905342
"CH4","W","control",18.6,0.0777227118644068,-0.490079441572652,-0.613320264424608,-0.366838618720697
"CH4","W","control",18.6,0.0820698305084746,-0.484511087536968,-0.605859004454927,-0.363163170619009
"CH4","W","control",18.6,0.0864169491525424,-0.478942733501284,-0.598466396230762,-0.359419070771806
"CH4","W","control",18.6,0.0907640677966102,-0.4733743794656,-0.591145630002618,-0.355603128928581
"CH4","W","control",18.6,0.095111186440678,-0.467806025429915,-0.583899959133092,-0.351712091726739
"CH4","W","control",18.6,0.0994583050847458,-0.462237671394231,-0.576732684041696,-0.347742658746767
"CH4","W","control",18.6,0.103805423728814,-0.456669317358547,-0.56964713327145,-0.343691501445644
"CH4","W","control",18.6,0.108152542372881,-0.451100963322863,-0.562646641610269,-0.339555285035456
"CH4","W","control",18.6,0.112499661016949,-0.445532609287179,-0.555734525284981,-0.335330693289377
"CH4","W","control",18.6,0.116846779661017,-0.439964255251494,-0.548914054349138,-0.331014456153851
"CH4","W","control",18.6,0.121193898305085,-0.43439590121581,-0.542188422505964,-0.326603379925657
"CH4","W","control",18.6,0.125541016949153,-0.428827547180126,-0.535560714741108,-0.322094379619144
"CH4","W","control",18.6,0.12988813559322,-0.423259193144442,-0.529033873280826,-0.317484513008058
"CH4","W","control",18.6,0.134235254237288,-0.417690839108758,-0.522610662531928,-0.312771015685587
"CH4","W","control",18.6,0.138582372881356,-0.412122485073073,-0.51629363379087,-0.307951336355277
"CH4","W","control",18.6,0.142929491525424,-0.406554131037389,-0.510085090619837,-0.303023171454941
"CH4","W","control",18.6,0.147276610169492,-0.400985777001705,-0.503987055866488,-0.297984498136922
"CH4","W","control",18.6,0.151623728813559,-0.395417422966021,-0.498001241340755,-0.292833604591287
"CH4","W","control",18.6,0.155970847457627,-0.389849068930337,-0.492129021148457,-0.287569116712216
"CH4","W","control",18.6,0.160317966101695,-0.384280714894652,-0.48637140961255,-0.282190020176755
"CH4","W","control",18.6,0.164665084745763,-0.378712360858968,-0.480729044587984,-0.276695677129953
"CH4","W","control",18.6,0.16901220338983,-0.373144006823284,-0.47520217679997,-0.271085836846598
"CH4","W","control",18.6,0.173359322033898,-0.3675756527876,-0.469790665617201,-0.265360639957998
"CH4","W","control",18.6,0.177706440677966,-0.362007298751916,-0.46449398142514,-0.259520616078691
"CH4","W","control",18.6,0.182053559322034,-0.356438944716231,-0.459311214506539,-0.253566674925924
"CH4","W","control",18.6,0.186400677966102,-0.350870590680547,-0.454241090084868,-0.247500091276226
"CH4","W","control",18.6,0.19074779661017,-0.345302236644863,-0.449281988958613,-0.241322484331113
"CH4","W","control",18.6,0.195094915254237,-0.339733882609179,-0.444431972965211,-0.235035792253146
"CH4","W","control",18.6,0.199442033898305,-0.334165528573495,-0.439688814373418,-0.228642242773571
"CH4","W","control",18.6,0.203789152542373,-0.32859717453781,-0.435050028218047,-0.222144320857573
"CH4","W","control",18.6,0.208136271186441,-0.323028820502126,-0.430512906562159,-0.215544734442093
"CH4","W","control",18.6,0.212483389830508,-0.317460466466442,-0.426074553695017,-0.208846379237867
"CH4","W","control",18.6,0.216830508474576,-0.311892112430758,-0.42173192134207,-0.202052303519446
"CH4","W","control",18.6,0.221177627118644,-0.306323758395074,-0.417481843065923,-0.195165673724224
"CH4","W","control",18.6,0.225524745762712,-0.300755404359389,-0.4133210671636,-0.188189741555179
"CH4","W","control",18.6,0.22987186440678,-0.295187050323705,-0.409246287504443,-0.181127813142968
"CH4","W","control",18.6,0.234218983050847,-0.289618696288021,-0.405254171894746,-0.173983220681296
"CH4","W","control",18.6,0.238566101694915,-0.284050342252337,-0.401341387691349,-0.166759296813325
"CH4","W","control",18.6,0.242913220338983,-0.278481988216653,-0.397504624510764,-0.159459351922541
"CH4","W","control",18.6,0.247260338983051,-0.272913634180968,-0.393740613988732,-0.152086654373205
"CH4","W","control",18.6,0.251607457627119,-0.267345280145284,-0.390046146635183,-0.144644413655385
"CH4","W","control",18.6,0.255954576271186,-0.2617769261096,-0.386418085900897,-0.137135766318303
"CH4","W","control",18.6,0.260301694915254,-0.256208572073916,-0.382853379625226,-0.129563764522606
"CH4","W","control",18.6,0.264648813559322,-0.250640218038232,-0.379349069070856,-0.121931367005607
"CH4","W","control",18.6,0.26899593220339,-0.245071864002547,-0.375902295773635,-0.11424143223146
"CH4","W","control",18.6,0.273343050847458,-0.239503509966863,-0.372510306445545,-0.106496713488181
"CH4","W","control",18.6,0.277690169491525,-0.233935155931179,-0.369170456169227,-0.0986998556931312
"CH4","W","control",18.6,0.282037288135593,-0.228366801895495,-0.365880210115455,-0.0908533936755343
"CH4","W","control",18.6,0.286384406779661,-0.222798447859811,-0.362637144002564,-0.0829597517170575
"CH4","W","control",18.6,0.290731525423729,-0.217230093824126,-0.359438943500868,-0.0750212441473846
"CH4","W","control",18.6,0.295078644067797,-0.211661739788442,-0.356283402767058,-0.0670400768098268
"CH4","W","control",18.6,0.299425762711864,-0.206093385752758,-0.353168422274458,-0.0590183492310578
"CH4","W","control",18.6,0.303772881355932,-0.200525031717074,-0.350092006085949,-0.0509580573481983
"CH4","W","control",18.6,0.30812,-0.19495667768139,-0.347052258697741,-0.0428610966650384
"CH4","W","compost",18.6,0.05164,-0.575734809210266,-0.711224814513995,-0.440244803906537
"CH4","W","compost",18.6,0.0559871186440678,-0.568805298530138,-0.702247761526686,-0.43536283553359
"CH4","W","compost",18.6,0.0603342372881356,-0.561875787850009,-0.693313801056769,-0.43043777464325
"CH4","W","compost",18.6,0.0646813559322034,-0.554946277169881,-0.684424934456209,-0.425467619883553
"CH4","W","compost",18.6,0.0690284745762712,-0.548016766489753,-0.675583239598384,-0.420450293381121
"CH4","W","compost",18.6,0.073375593220339,-0.541087255809624,-0.666790869209776,-0.415383642409472
"CH4","W","compost",18.6,0.0777227118644068,-0.534157745129496,-0.658050048256483,-0.410265442002509
"CH4","W","compost",18.6,0.0820698305084746,-0.527228234449367,-0.64936307025856,-0.405093398640175
"CH4","W","compost",18.6,0.0864169491525424,-0.520298723769239,-0.64073229240333,-0.399865155135148
"CH4","W","compost",18.6,0.0907640677966102,-0.513369213089111,-0.63216012933072,-0.394578296847502
"CH4","W","compost",18.6,0.095111186440678,-0.506439702408982,-0.623649045470337,-0.389230359347627
"CH4","W","compost",18.6,0.0994583050847458,-0.499510191728854,-0.615201545822419,-0.383818837635289
"CH4","W","compost",18.6,0.103805423728814,-0.492580681048725,-0.606820165093891,-0.37834119700356
"CH4","W","compost",18.6,0.108152542372881,-0.485651170368597,-0.598507455127503,-0.37279488560969
"CH4","W","compost",18.6,0.112499661016949,-0.478721659688468,-0.590265970596896,-0.367177348780041
"CH4","W","compost",18.6,0.116846779661017,-0.47179214900834,-0.582098252983883,-0.361486045032797
"CH4","W","compost",18.6,0.121193898305085,-0.464862638328212,-0.574006812905994,-0.35571846375043
"CH4","W","compost",18.6,0.125541016949153,-0.457933127648083,-0.565994110921613,-0.349872144374553
"CH4","W","compost",18.6,0.12988813559322,-0.451003616967955,-0.558062537005446,-0.343944696930464
"CH4","W","compost",18.6,0.134235254237288,-0.444074106287826,-0.55021438895619,-0.337933823619462
"CH4","W","compost",18.6,0.138582372881356,-0.437144595607698,-0.542451850068259,-0.331837341147137
"CH4","W","compost",18.6,0.142929491525424,-0.43021508492757,-0.534776966466194,-0.325653203388945
"CH4","W","compost",18.6,0.147276610169492,-0.423285574247441,-0.527191624559962,-0.31937952393492
"CH4","W","compost",18.6,0.151623728813559,-0.416356063567313,-0.519697529126756,-0.31301459800787
"CH4","W","compost",18.6,0.155970847457627,-0.409426552887184,-0.512296182555876,-0.306556923218492
"CH4","W","compost",18.6,0.160317966101695,-0.402497042207056,-0.504988865803618,-0.300005218610494
"CH4","W","compost",18.6,0.164665084745763,-0.395567531526928,-0.497776621591846,-0.293358441462009
"CH4","W","compost",18.6,0.16901220338983,-0.388638020846799,-0.490660240345412,-0.286615801348186
"CH4","W","compost",18.6,0.173359322033898,-0.381708510166671,-0.483640249299889,-0.279776771033452
"CH4","W","compost",18.6,0.177706440677966,-0.374778999486542,-0.476716905124223,-0.272841093848862
"CH4","W","compost",18.6,0.182053559322034,-0.367849488806414,-0.469890190296778,-0.26580878731605
"CH4","W","compost",18.6,0.186400677966102,-0.360919978126285,-0.463159813353408,-0.258680142899163
"CH4","W","compost",18.6,0.19074779661017,-0.353990467446157,-0.456525212999397,-0.251455721892917
"CH4","W","compost",18.6,0.195094915254237,-0.347060956766029,-0.449985565950814,-0.244136347581243
"CH4","W","compost",18.6,0.199442033898305,-0.3401314460859,-0.44353979825239,-0.23672309391941
"CH4","W","compost",18.6,0.203789152542373,-0.333201935405772,-0.437186599715042,-0.229217271096502
"CH4","W","compost",18.6,0.208136271186441,-0.326272424725643,-0.43092444103211,-0.221620408419176
"CH4","W","compost",18.6,0.212483389830508,-0.319342914045515,-0.42475159307282,-0.21393423501821
"CH4","W","compost",18.6,0.216830508474576,-0.312413403365387,-0.418666147816193,-0.20616065891458
"CH4","W","compost",18.6,0.221177627118644,-0.305483892685258,-0.412666040378567,-0.198301744991949
"CH4","W","compost",18.6,0.225524745762712,-0.29855438200513,-0.406749071601001,-0.190359692409259
"CH4","W","compost",18.6,0.22987186440678,-0.291624871325001,-0.40091293069618,-0.182336811953823
"CH4","W","compost",18.6,0.234218983050847,-0.284695360644873,-0.395155217503663,-0.174235503786083
"CH4","W","compost",18.6,0.238566101694915,-0.277765849964745,-0.389473463963009,-0.16605823596648
"CH4","W","compost",18.6,0.242913220338983,-0.270836339284616,-0.383865154481808,-0.157807524087424
"CH4","W","compost",18.6,0.247260338983051,-0.263906828604488,-0.378327744945651,-0.149485912263325
"CH4","W","compost",18.6,0.251607457627119,-0.256977317924359,-0.372858680185927,-0.141095955662792
"CH4","W","compost",18.6,0.255954576271186,-0.250047807244231,-0.367455409786045,-0.132640204702416
"CH4","W","compost",18.6,0.260301694915254,-0.243118296564102,-0.362115402165085,-0.12412119096312
"CH4","W","compost",18.6,0.264648813559322,-0.236188785883974,-0.356836156928605,-0.115541414839343
"CH4","W","compost",18.6,0.26899593220339,-0.229259275203846,-0.351615215518672,-0.10690333488902
"CH4","W","compost",18.6,0.273343050847458,-0.222329764523717,-0.346450170229001,-0.0982093588184329
"CH4","W","compost",18.6,0.277690169491525,-0.215400253843589,-0.341338671676823,-0.0894618360103549
"CH4","W","compost",18.6,0.282037288135593,-0.20847074316346,-0.336278434841258,-0.0806630514856634
"CH4","W","compost",18.6,0.286384406779661,-0.201541232483332,-0.331267243789663,-0.0718152211770013
"CH4","W","compost",18.6,0.290731525423729,-0.194611721803204,-0.326302955219359,-0.0629204883870478
"CH4","W","compost",18.6,0.295078644067797,-0.187682211123075,-0.32138350094356,-0.05398092130259
"CH4","W","compost",18.6,0.299425762711864,-0.180752700442947,-0.316506889448035,-0.0449985114378591
"CH4","W","compost",18.6,0.303772881355932,-0.173823189762818,-0.311671206639999,-0.0359751728856375
"CH4","W","compost",18.6,0.30812,-0.16689367908269,-0.306874615903704,-0.0269127422616755
"CH4","W","slurry",18.6,0.05164,-0.448378005830309,-0.58403344370874,-0.312722567951878
"CH4","W","slurry",18.6,0.0559871186440678,-0.442155257619506,-0.575758749475098,-0.308551765763914
"CH4","W","slurry",18.6,0.0603342372881356,-0.435932509408703,-0.5675274123759,-0.304337606441506
"CH4","W","slurry",18.6,0.0646813559322034,-0.4297097611979,-0.559341447828928,-0.300078074566872
"CH4","W","slurry",18.6,0.0690284745762712,-0.423487012987097,-0.551202948216749,-0.295771077757445
"CH4","W","slurry",18.6,0.073375593220339,-0.417264264776294,-0.543114081165848,-0.29141444838674
"CH4","W","slurry",18.6,0.0777227118644068,-0.411041516565491,-0.535077086866532,-0.28700594626445
"CH4","W","slurry",18.6,0.0820698305084746,-0.404818768354688,-0.527094274305165,-0.282543262404211
"CH4","W","slurry",18.6,0.0864169491525424,-0.398596020143885,-0.519168016278584,-0.278024024009185
"CH4","W","slurry",18.6,0.0907640677966102,-0.392373271933082,-0.511300743062705,-0.273445800803459
"CH4","W","slurry",18.6,0.095111186440678,-0.386150523722279,-0.503494934614272,-0.268806112830286
"CH4","W","slurry",18.6,0.0994583050847458,-0.379927775511476,-0.495753111197632,-0.26410243982532
"CH4","W","slurry",18.6,0.103805423728814,-0.373705027300673,-0.488077822348066,-0.259332232253279
"CH4","W","slurry",18.6,0.108152542372881,-0.36748227908987,-0.480471634110667,-0.254492924069073
"CH4","W","slurry",18.6,0.112499661016949,-0.361259530879067,-0.472937114529496,-0.249581947228637
"CH4","W","slurry",18.6,0.116846779661017,-0.355036782668264,-0.465476817406134,-0.244596747930393
"CH4","W","slurry",18.6,0.121193898305085,-0.348814034457461,-0.458093264399503,-0.239534804515419
"CH4","W","slurry",18.6,0.125541016949153,-0.342591286246658,-0.450788925599232,-0.234393646894083
"CH4","W","slurry",18.6,0.12988813559322,-0.336368538035855,-0.443566198771219,-0.229170877300491
"CH4","W","slurry",18.6,0.134235254237288,-0.330145789825052,-0.436427387544125,-0.223864192105978
"CH4","W","slurry",18.6,0.138582372881356,-0.323923041614249,-0.42937467887619,-0.218471404352307
"CH4","W","slurry",18.6,0.142929491525424,-0.317700293403446,-0.422410120209001,-0.21299046659789
"CH4","W","slurry",18.6,0.147276610169492,-0.311477545192643,-0.415535596774417,-0.207419493610868
"CH4","W","slurry",18.6,0.151623728813559,-0.30525479698184,-0.408752809567886,-0.201756784395793
"CH4","W","slurry",18.6,0.155970847457627,-0.299032048771037,-0.402063254531466,-0.196000843010607
"CH4","W","slurry",18.6,0.160317966101695,-0.292809300560234,-0.395468203498823,-0.190150397621644
"CH4","W","slurry",18.6,0.164665084745763,-0.286586552349431,-0.388968687439406,-0.184204417259455
"CH4","W","slurry",18.6,0.16901220338983,-0.280363804138628,-0.382565482498279,-0.178162125778977
"CH4","W","slurry",18.6,0.173359322033898,-0.274141055927824,-0.376259099261985,-0.172023012593664
"CH4","W","slurry",18.6,0.177706440677966,-0.267918307717022,-0.370049775591451,-0.165786839842592
"CH4","W","slurry",18.6,0.182053559322034,-0.261695559506219,-0.363937473254418,-0.159453645758019
"CH4","W","slurry",18.6,0.186400677966102,-0.255472811295415,-0.357921878467954,-0.153023744122877
"CH4","W","slurry",18.6,0.19074779661017,-0.249250063084612,-0.352002406333186,-0.146497719836039
"CH4","W","slurry",18.6,0.195094915254237,-0.243027314873809,-0.346178209017012,-0.139876420730606
"CH4","W","slurry",18.6,0.199442033898305,-0.236804566663006,-0.340448187416685,-0.133160945909328
"CH4","W","slurry",18.6,0.203789152542373,-0.230581818452203,-0.334811005939407,-0.126352630965
"CH4","W","slurry",18.6,0.208136271186441,-0.2243590702414,-0.329265109945859,-0.119453030536942
"CH4","W","slurry",18.6,0.212483389830508,-0.218136322030597,-0.3238087453473,-0.112463898713895
"CH4","W","slurry",18.6,0.216830508474576,-0.211913573819794,-0.318439979812374,-0.105387167827215
"CH4","W","slurry",18.6,0.221177627118644,-0.205690825608991,-0.313156725031495,-0.098224926186488
"CH4","W","slurry",18.6,0.225524745762712,-0.199468077398188,-0.307956759501898,-0.0909793952944789
"CH4","W","slurry",18.6,0.22987186440678,-0.193245329187385,-0.302837751331584,-0.0836529070431869
"CH4","W","slurry",18.6,0.234218983050847,-0.187022580976582,-0.297797280611404,-0.0762478813417605
"CH4","W","slurry",18.6,0.238566101694915,-0.180799832765779,-0.292832860966655,-0.0687668045649037
"CH4","W","slurry",18.6,0.242913220338983,-0.174577084554976,-0.287941959968182,-0.0612122091417703
"CH4","W","slurry",18.6,0.247260338983051,-0.168354336344173,-0.283122018153843,-0.0535866545345036
"CH4","W","slurry",18.6,0.251607457627119,-0.16213158813337,-0.278370466480504,-0.0458927097862363
"CH4","W","slurry",18.6,0.255954576271186,-0.155908839922567,-0.273684742091705,-0.0381329377534291
"CH4","W","slurry",18.6,0.260301694915254,-0.149686091711764,-0.269062302344491,-0.0303098810790368
"CH4","W","slurry",18.6,0.264648813559322,-0.143463343500961,-0.264500637089444,-0.0224260499124784
"CH4","W","slurry",18.6,0.26899593220339,-0.137240595290158,-0.259997279239914,-0.0144839113404025
"CH4","W","slurry",18.6,0.273343050847458,-0.131017847079355,-0.255549813699883,-0.0064858804588276
"CH4","W","slurry",18.6,0.277690169491525,-0.124795098868552,-0.251155884745075,0.00156568700797097
"CH4","W","slurry",18.6,0.282037288135593,-0.118572350657749,-0.246813201969682,0.00966850065418341
"CH4","W","slurry",18.6,0.286384406779661,-0.112349602446946,-0.242519544922182,0.0178203400282897
"CH4","W","slurry",18.6,0.290731525423729,-0.106126854236143,-0.238272766559316,0.0260190580870295
"CH4","W","slurry",18.6,0.295078644067797,-0.09990410602534,-0.234070795648217,0.0342625835975367
"CH4","W","slurry",18.6,0.299425762711864,-0.093681357814537,-0.229911638244108,0.0425489226150335
"CH4","W","slurry",18.6,0.303772881355932,-0.087458609603734,-0.225793378365596,0.0508761591581281
"CH4","W","slurry",18.6,0.30812,-0.081235861392931,-0.221714177982349,0.0592424551964867
"N2O","W","control",18.6,0.05164,0.0620069612336787,-0.136276512805075,0.260290435272433
"N2O","W","control",18.6,0.0559871186440678,0.0657816072746979,-0.129622635189874,0.26118584973927
"N2O","W","control",18.6,0.0603342372881356,0.0695562533157172,-0.123046564960474,0.262159071591909
"N2O","W","control",18.6,0.0646813559322034,0.0733308993567365,-0.116551745930326,0.263213544643799
"N2O","W","control",18.6,0.0690284745762712,0.0771055453977558,-0.110141719183052,0.264352809978564
"N2O","W","control",18.6,0.073375593220339,0.080880191438775,-0.103820114308888,0.265580497186438
"N2O","W","control",18.6,0.0777227118644068,0.0846548374797943,-0.0975906385465462,0.266900313506135
"N2O","W","control",18.6,0.0820698305084746,0.0884294835208136,-0.0914570636675657,0.268316030709193
"N2O","W","control",18.6,0.0864169491525424,0.0922041295618329,-0.085423210465396,0.269831469589062
"N2O","W","control",18.6,0.0907640677966102,0.0959787756028521,-0.0794929307473251,0.271450481953029
"N2O","W","control",18.6,0.095111186440678,0.0997534216438714,-0.0736700867747946,0.273176930062537
"N2O","W","control",18.6,0.0994583050847458,0.103528067684891,-0.0679585281572848,0.275014663527066
"N2O","W","control",18.6,0.103805423728814,0.10730271372591,-0.062362066276713,0.276967493728533
"N2O","W","control",18.6,0.108152542372881,0.111077359766929,-0.0568844464023349,0.279039165936193
"N2O","W","control",18.6,0.112499661016949,0.114852005807948,-0.0515293177486536,0.281233329364551
"N2O","W","control",18.6,0.116846779661017,0.118626651848968,-0.0463002018279099,0.283553505525845
"N2O","W","control",18.6,0.121193898305085,0.122401297889987,-0.0412004595503411,0.286003055330315
"N2O","W","control",18.6,0.125541016949153,0.126175943931006,-0.036233257624435,0.288585145486448
"N2O","W","control",18.6,0.12988813559322,0.129950589972026,-0.0314015348999146,0.291302714843966
"N2O","W","control",18.6,0.134235254237288,0.133725236013045,-0.0267079693716468,0.294158441397737
"N2O","W","control",18.6,0.138582372881356,0.137499882054064,-0.0221549466164944,0.297154710724623
"N2O","W","control",18.6,0.142929491525424,0.141274528095083,-0.0177445304612618,0.300293586651429
"N2O","W","control",18.6,0.147276610169492,0.145049174136103,-0.0134784366734013,0.303576784945607
"N2O","W","control",18.6,0.151623728813559,0.148823820177122,-0.00935801042391457,0.307005650778158
"N2O","W","control",18.6,0.155970847457627,0.152598466218141,-0.00538420819308247,0.310581140629365
"N2O","W","control",18.6,0.160317966101695,0.15637311225916,-0.00155758467608594,0.314303809194407
"N2O","W","control",18.6,0.164665084745763,0.16014775830018,0.0021217148981986,0.318173801702161
"N2O","W","control",18.6,0.16901220338983,0.163922404341199,0.005653956788886,0.322190851893512
"N2O","W","control",18.6,0.173359322033898,0.167697050382218,0.00903981503993737,0.326354285724499
"N2O","W","control",18.6,0.177706440677966,0.171471696423238,0.0122803621716683,0.330663030674807
"N2O","W","control",18.6,0.182053559322034,0.175246342464257,0.0153770545643102,0.335115630364203
"N2O","W","control",18.6,0.186400677966102,0.179020988505276,0.0183317129920067,0.339710264018546
"N2O","W","control",18.6,0.19074779661017,0.182795634546295,0.0211464989011425,0.344444770191448
"N2O","W","control",18.6,0.195094915254237,0.186570280587315,0.0238238871305841,0.349316674044045
"N2O","W","control",18.6,0.199442033898305,0.190344926628334,0.0263666358395131,0.354323217417155
"N2O","W","control",18.6,0.203789152542373,0.194119572669353,0.0287777544400394,0.359461390898667
"N2O","W","control",18.6,0.208136271186441,0.197894218710372,0.0310604703282479,0.364727967092497
"N2O","W","control",18.6,0.212483389830508,0.201668864751392,0.0332181951724704,0.370119534330313
"N2O","W","control",18.6,0.216830508474576,0.205443510792411,0.0352544914567146,0.375632530128107
"N2O","W","control",18.6,0.221177627118644,0.20921815683343,0.0371730398966006,0.38126327377026
"N2O","W","control",18.6,0.225524745762712,0.21299280287445,0.0389776082514771,0.387007997497422
"N2O","W","control",18.6,0.22987186440678,0.216767448915469,0.0406720219560023,0.392862875874935
"N2O","W","control",18.6,0.234218983050847,0.220542094956488,0.0422601368931302,0.398824053019846
"N2O","W","control",18.6,0.238566101694915,0.224316740997507,0.0437458145329316,0.404887667462083
"N2O","W","control",18.6,0.242913220338983,0.228091387038527,0.0451328995717032,0.41104987450535
"N2O","W","control",18.6,0.247260338983051,0.231866033079546,0.0464252001259523,0.41730686603314
"N2O","W","control",18.6,0.251607457627119,0.235640679120565,0.0476264704676028,0.423654887773528
"N2O","W","control",18.6,0.255954576271186,0.239415325161585,0.0487403962307495,0.43009025409242
"N2O","W","control",18.6,0.260301694915254,0.243189971202604,0.049770581976341,0.436609360428866
"N2O","W","control",18.6,0.264648813559322,0.246964617243623,0.0507205409685815,0.443208693518665
"N2O","W","control",18.6,0.26899593220339,0.250739263284642,0.0515936869945064,0.449884839574778
"N2O","W","control",18.6,0.273343050847458,0.254513909325662,0.052393328044787,0.456634490606536
"N2O","W","control",18.6,0.277690169491525,0.258288555366681,0.0531226616679252,0.463454449065437
"N2O","W","control",18.6,0.282037288135593,0.2620632014077,0.0537847718101974,0.470341631005203
"N2O","W","control",18.6,0.286384406779661,0.265837847448719,0.0543826269586665,0.477293067938772
"N2O","W","control",18.6,0.290731525423729,0.269612493489739,0.0549190794130742,0.484305907566403
"N2O","W","control",18.6,0.295078644067797,0.273387139530758,0.0553968655234215,0.491377413538094
"N2O","W","control",18.6,0.299425762711864,0.277161785571777,0.0558186067426221,0.498504964400932
"N2O","W","control",18.6,0.303772881355932,0.280936431612796,0.0561868113570565,0.505686051868536
"N2O","W","control",18.6,0.30812,0.284711077653816,0.056503876771579,0.512918278536053
"N2O","W","compost",18.6,0.05164,0.209621193055279,0.0119716211744981,0.40727076493606
"N2O","W","compost",18.6,0.0559871186440678,0.209335056091497,0.0142903875538666,0.404379724629128
"N2O","W","compost",18.6,0.0603342372881356,0.209048919127716,0.0165445266038169,0.401553311651615
"N2O","W","compost",18.6,0.0646813559322034,0.208762782163934,0.0187314465564108,0.398794117771458
"N2O","W","compost",18.6,0.0690284745762712,0.208476645200153,0.0208484894230788,0.396104800977227
"N2O","W","compost",18.6,0.073375593220339,0.208190508236371,0.0228929364131674,0.393488080059575
"N2O","W","compost",18.6,0.0777227118644068,0.20790437127259,0.024862014528071,0.390946728017108
"N2O","W","compost",18.6,0.0820698305084746,0.207618234308808,0.0267529044157003,0.388483564201916
"N2O","W","compost",18.6,0.0864169491525424,0.207332097345027,0.0285627495590021,0.386101445131051
"N2O","W","compost",18.6,0.0907640677966102,0.207045960381245,0.0302886668568159,0.383803253905674
"N2O","W","compost",18.6,0.095111186440678,0.206759823417463,0.0319277586350997,0.381591888199827
"N2O","W","compost",18.6,0.0994583050847458,0.206473686453682,0.0334771261011973,0.379470246806167
"N2O","W","compost",18.6,0.103805423728814,0.2061875494899,0.034933884223256,0.377441214756545
"N2O","W","compost",18.6,0.108152542372881,0.205901412526119,0.0362951779813011,0.375507647070937
"N2O","W","compost",18.6,0.112499661016949,0.205615275562337,0.0375581998962818,0.373672351228393
"N2O","W","compost",18.6,0.116846779661017,0.205329138598556,0.0387202086994543,0.371938068497657
"N2O","W","compost",18.6,0.121193898305085,0.205043001634774,0.0397785489579692,0.370307454311579
"N2O","W","compost",18.6,0.125541016949153,0.204756864670993,0.0407306714250757,0.36878305791691
"N2O","W","compost",18.6,0.12988813559322,0.204470727707211,0.0415741538369401,0.367367301577482
"N2O","W","compost",18.6,0.134235254237288,0.20418459074343,0.0423067218349798,0.366062459651879
"N2O","W","compost",18.6,0.138582372881356,0.203898453779648,0.0429262696553323,0.364870637903964
"N2O","W","compost",18.6,0.142929491525424,0.203612316815867,0.0434308801981774,0.363793753433556
"N2O","W","compost",18.6,0.147276610169492,0.203326179852085,0.0438188440715519,0.362833515632618
"N2O","W","compost",18.6,0.151623728813559,0.203040042888303,0.0440886771991611,0.361991408577446
"N2O","W","compost",18.6,0.155970847457627,0.202753905924522,0.0442391365911061,0.361268675257937
"N2O","W","compost",18.6,0.160317966101695,0.20246776896074,0.0442692339013052,0.360666304020175
"N2O","W","compost",18.6,0.164665084745763,0.202181631996959,0.0441782464357011,0.360185017558216
"N2O","W","compost",18.6,0.16901220338983,0.201895495033177,0.0439657253302161,0.359825264736138
"N2O","W","compost",18.6,0.173359322033898,0.201609358069396,0.043631500684938,0.359587215453853
"N2O","W","compost",18.6,0.177706440677966,0.201323221105614,0.0431756835184593,0.359470758692769
"N2O","W","compost",18.6,0.182053559322034,0.201037084141833,0.042598664490159,0.359475503793506
"N2O","W","compost",18.6,0.186400677966102,0.200750947178051,0.0419011094245868,0.359600784931515
"N2O","W","compost",18.6,0.19074779661017,0.200464810214269,0.0410839517568412,0.359845668671698
"N2O","W","compost",18.6,0.195094915254237,0.200178673250488,0.040148382096924,0.360208964404052
"N2O","W","compost",18.6,0.199442033898305,0.199892536286706,0.039095835180916,0.360689237392497
"N2O","W","compost",18.6,0.203789152542373,0.199606399322925,0.0379279745345253,0.361284824111324
"N2O","W","compost",18.6,0.208136271186441,0.199320262359143,0.0366466752180397,0.361993849500247
"N2O","W","compost",18.6,0.212483389830508,0.199034125395362,0.0352540050498416,0.362814245740882
"N2O","W","compost",18.6,0.216830508474576,0.19874798843158,0.0337522047182542,0.363743772144906
"N2O","W","compost",18.6,0.221177627118644,0.198461851467799,0.0321436671892926,0.364780035746305
"N2O","W","compost",18.6,0.225524745762712,0.198175714504017,0.0304309168023706,0.365920512205664
"N2O","W","compost",18.6,0.22987186440678,0.197889577540236,0.028616588419182,0.367162566661289
"N2O","W","compost",18.6,0.234218983050847,0.197603440576454,0.0267034069552486,0.368503474197659
"N2O","W","compost",18.6,0.238566101694915,0.197317303612672,0.0246941675815346,0.36994043964381
"N2O","W","compost",18.6,0.242913220338983,0.197031166648891,0.022591716837608,0.371470616460174
"N2O","W","compost",18.6,0.247260338983051,0.196745029685109,0.0203989348504228,0.373091124519796
"N2O","W","compost",18.6,0.251607457627119,0.196458892721328,0.0181187188059471,0.374799066636709
"N2O","W","compost",18.6,0.255954576271186,0.196172755757546,0.0157539677762636,0.376591543738829
"N2O","W","compost",18.6,0.260301694915254,0.195886618793765,0.0133075689637129,0.378465668623817
"N2O","W","compost",18.6,0.264648813559322,0.195600481829983,0.0107823853870296,0.380418578272937
"N2O","W","compost",18.6,0.26899593220339,0.195314344866202,0.00818124500278347,0.38244744472962
"N2O","W","compost",18.6,0.273343050847458,0.19502820790242,0.00550693122898166,0.384549484575859
"N2O","W","compost",18.6,0.277690169491525,0.194742070938639,0.00276217481638649,0.386721967060891
"N2O","W","compost",18.6,0.282037288135593,0.194455933974857,-5.03530033130473e-05,0.388962220953027
"N2O","W","compost",18.6,0.286384406779661,0.194169797011075,-0.002928046175248,0.391267640197399
"N2O","W","compost",18.6,0.290731525423729,0.193883660047294,-0.00586836837572274,0.393635688470311
"N2O","W","compost",18.6,0.295078644067797,0.193597523083512,-0.00886885655829767,0.396063902725322
"N2O","W","compost",18.6,0.299425762711864,0.193311386119731,-0.011927123588258,0.39854989582772
"N2O","W","compost",18.6,0.303772881355932,0.193025249155949,-0.0150408600612745,0.401091358373173
"N2O","W","compost",18.6,0.30812,0.192739112192168,-0.0182078353993393,0.403686059783675
"N2O","W","slurry",18.6,0.05164,0.284589171773428,0.0845068794463181,0.484671464100538
"N2O","W","slurry",18.6,0.0559871186440678,0.287444927688352,0.0900912188138006,0.484798636562902
"N2O","W","slurry",18.6,0.0603342372881356,0.290300683603275,0.0956094635353368,0.484991903671214
"N2O","W","slurry",18.6,0.0646813559322034,0.293156439518199,0.101058865358931,0.485254013677467
"N2O","W","slurry",18.6,0.0690284745762712,0.296012195433123,0.106436598676737,0.485587792189508
"N2O","W","slurry",18.6,0.073375593220339,0.298867951348047,0.111739765778541,0.485996136917553
"N2O","W","slurry",18.6,0.0777227118644068,0.30172370726297,0.116965403403948,0.486482011121993
"N2O","W","slurry",18.6,0.0820698305084746,0.304579463177894,0.122110490701691,0.487048435654098
"N2O","W","slurry",18.6,0.0864169491525424,0.307435219092818,0.127171958694279,0.487698479491357
"N2O","W","slurry",18.6,0.0907640677966102,0.310290975007742,0.132146701330946,0.488435248684538
"N2O","W","slurry",18.6,0.095111186440678,0.313146730922666,0.137031588190741,0.48926187365459
"N2O","W","slurry",18.6,0.0994583050847458,0.316002486837589,0.141823478870295,0.490181494804883
"N2O","W","slurry",18.6,0.103805423728814,0.318858242752513,0.146519239056929,0.491197246448097
"N2O","W","slurry",18.6,0.108152542372881,0.321713998667437,0.151115758247338,0.492312239087536
"N2O","W","slurry",18.6,0.112499661016949,0.324569754582361,0.155609969025523,0.493529540139199
"N2O","W","slurry",18.6,0.116846779661017,0.327425510497284,0.159998867761659,0.49485215323291
"N2O","W","slurry",18.6,0.121193898305085,0.330281266412208,0.164279536537593,0.496282996286823
"N2O","W","slurry",18.6,0.125541016949153,0.333137022327132,0.168449166046416,0.497824878607848
"N2O","W","slurry",18.6,0.12988813559322,0.335992778242056,0.17250507915542,0.499480477328691
"N2O","W","slurry",18.6,0.134235254237288,0.33884853415698,0.176444754766602,0.501252313547357
"N2O","W","slurry",18.6,0.138582372881356,0.341704290071903,0.180265851559739,0.503142728584068
"N2O","W","slurry",18.6,0.142929491525424,0.344560045986827,0.183966231163389,0.505153860810265
"N2O","W","slurry",18.6,0.147276610169492,0.347415801901751,0.187543980272124,0.507287623531377
"N2O","W","slurry",18.6,0.151623728813559,0.350271557816675,0.19099743121685,0.509545684416499
"N2O","W","slurry",18.6,0.155970847457627,0.353127313731598,0.194325180501499,0.511929446961697
"N2O","W","slurry",18.6,0.160317966101695,0.355983069646522,0.197526104845177,0.514440034447868
"N2O","W","slurry",18.6,0.164665084745763,0.358838825561446,0.200599374314259,0.517078276808633
"N2O","W","slurry",18.6,0.16901220338983,0.36169458147637,0.203544462193144,0.519844700759595
"N2O","W","slurry",18.6,0.173359322033898,0.364550337391294,0.2063611513231,0.522739523459487
"N2O","W","slurry",18.6,0.177706440677966,0.367406093306217,0.209049536732553,0.525762649879881
"N2O","W","slurry",18.6,0.182053559322034,0.370261849221141,0.211610024484865,0.528913673957417
"N2O","W","slurry",18.6,0.186400677966102,0.373117605136065,0.214043326776038,0.532191883496092
"N2O","W","slurry",18.6,0.19074779661017,0.375973361050989,0.216350453419571,0.535596268682406
"N2O","W","slurry",18.6,0.195094915254237,0.378829116965912,0.218532699953603,0.539125533978222
"N2O","W","slurry",18.6,0.199442033898305,0.381684872880836,0.220591632691833,0.54277811306984
"N2O","W","slurry",18.6,0.203789152542373,0.38454062879576,0.222529071110726,0.546552186480794
"N2O","W","slurry",18.6,0.208136271186441,0.387396384710684,0.224347068018458,0.550445701402909
"N2O","W","slurry",18.6,0.212483389830508,0.390252140625607,0.226047887984564,0.554456393266651
"N2O","W","slurry",18.6,0.216830508474576,0.393107896540531,0.227633984523147,0.558581808557916
"N2O","W","slurry",18.6,0.221177627118644,0.395963652455455,0.229107976517829,0.562819328393081
"N2O","W","slurry",18.6,0.225524745762712,0.398819408370379,0.230472624355363,0.567166192385395
"N2O","W","slurry",18.6,0.22987186440678,0.401675164285303,0.231730806199704,0.571619522370902
"N2O","W","slurry",18.6,0.234218983050847,0.404530920200226,0.23288549479254,0.576176345607912
"N2O","W","slurry",18.6,0.238566101694915,0.40738667611515,0.233939735113078,0.580833617117222
"N2O","W","slurry",18.6,0.242913220338983,0.410242432030074,0.234896623172553,0.585588240887595
"N2O","W","slurry",18.6,0.247260338983051,0.413098187944998,0.235759286160443,0.590437089729552
"N2O","W","slurry",18.6,0.251607457627119,0.415953943859921,0.236530864102224,0.595377023617619
"N2O","W","slurry",18.6,0.255954576271186,0.418809699774845,0.237214493134765,0.600404906414925
"N2O","W","slurry",18.6,0.260301694915254,0.421665455689769,0.237813290456663,0.605517620922875
"N2O","W","slurry",18.6,0.264648813559322,0.424521211604693,0.238330340967917,0.610712082241469
"N2O","W","slurry",18.6,0.26899593220339,0.427376967519617,0.238768685576878,0.615985249462355
"N2O","W","slurry",18.6,0.273343050847458,0.43023272343454,0.239131311122559,0.621334135746521
"N2O","W","slurry",18.6,0.277690169491525,0.433088479349464,0.239421141836895,0.626755816862034
"N2O","W","slurry",18.6,0.282037288135593,0.435944235264388,0.239641032254064,0.632247438274712
"N2O","W","slurry",18.6,0.286384406779661,0.438799991179312,0.239793761461875,0.637806220896748
"N2O","W","slurry",18.6,0.290731525423729,0.441655747094235,0.239882028582837,0.643429465605634
"N2O","W","slurry",18.6,0.295078644067797,0.444511503009159,0.23990844936915,0.649114556649169
"N2O","W","slurry",18.6,0.299425762711864,0.447367258924083,0.239875553795788,0.654858964052379
"N2O","W","slurry",18.6,0.303772881355932,0.450223014839007,0.239785784538354,0.660660245139659
"N2O","W","slurry",18.6,0.30812,0.453078770753931,0.239641496226955,0.666516045280907
