"plot","treatment","period","CO2_C_g_m2","CH4_C_mg_m2","N2O_N_mg_m2"
1,"slurry","season",1581.74238806194,-61.7758594030758,37.1650415605325
2,"control","season",1648.66290133273,-68.7587118059027,40.1934573714902
3,"compost","season",1862.51181894324,-63.955878719984,173.707642016208
4,"compost","season",1460.58274908656,-62.7178095303863,42.6198748052771
5,"control","season",1613.76721285642,-80.1178257640975,33.615494180844
6,"slurry","season",1777.79178450221,-72.7065863634191,80.2535690249097
7,"control","season",1700.57265972904,-60.9896302405694,68.9602888342648
8,"compost","season",1711.73769844225,-87.9650072509305,35.3780375844089
9,"compost","season",1651.76683777645,-70.3229356306786,90.8081425366635
10,"control","season",1374.70345685934,-49.1642765530843,58.2302741184873
11,"slurry","season",1541.35377899084,-49.9900970996136,35.3614293533353
12,"slurry","season",1649.70533293762,-61.4458371066095,64.5097156665234
13,"slurry","season",1798.79975482811,-48.4049540518677,300.606912761284
14,"compost","season",1573.77605823207,-41.4998076741307,45.6303248968911
15,"control","season",1688.13991438308,-60.2615535264847,66.7302503613363
1,"slurry","first_week",59.2976067985015,-1.31440962965731,3.6787976449287
2,"control","first_week",58.1738426548142,-1.87076802318844,1.9278647081675
3,"compost","first_week",61.8879622077606,-1.43507583547755,4.70514819850223
4,"compost","first_week",52.9234672458244,-1.84526641081997,1.49683995058002
5,"control","first_week",58.0134937204451,-2.38293098228732,1.66231769578476
6,"slurry","first_week",71.533799594963,-1.45944444623531,7.1951044441079
7,"control","first_week",74.2355116351937,-1.86750141515364,3.02513698757155
8,"compost","first_week",65.0551792710435,-2.68398003250466,2.47936731667646
9,"compost","first_week",49.9682176987675,-1.8414312965616,3.01567069899805
10,"control","first_week",46.7590850521309,-1.45670856224777,2.86285516456607
11,"slurry","first_week",67.6930225367732,-1.12127765029015,3.23907413211759
12,"slurry","first_week",68.7552003433351,-1.37458894658178,7.55318242678345
13,"slurry","first_week",82.0853727527137,1.8985322007157,12.9023099126347
14,"compost","first_week",53.2551276532883,-0.36581455174745,1.84055048267053
15,"control","first_week",54.6663262280304,-1.36056349102922,2.26124356329933
