"plot","treatment","val","row"
1,"slurry",5872.20154296802,"rs"
2,"control",6120.60861065914,"rs"
3,"compost",6914.91016692205,"rs"
4,"compost",5422.57309650998,"rs"
5,"control",5990.9055219732,"rs"
6,"slurry",6598.25789864633,"rs"
7,"control",6312.36266895901,"rs"
8,"compost",6353.18655942014,"rs"
9,"compost",6131.70549856696,"rs"
10,"control",5104.0690015069,"rs"
11,"slurry",5722.64859479632,"rs"
12,"slurry",6125.32687280529,"rs"
13,"slurry",6677.30773213673,"rs"
14,"compost",5841.60848771152,"rs"
15,"control",6266.69143086389,"rs"
1,"slurry",-268.84,"anpp"
2,"control",-296.413333333333,"anpp"
3,"compost",-341.22,"anpp"
4,"compost",-296.413333333333,"anpp"
5,"control",-334.326666666667,"anpp"
6,"slurry",-437.726666666667,"anpp"
7,"control",-534.233333333333,"anpp"
8,"compost",-410.153333333333,"anpp"
9,"compost",-485.98,"anpp"
10,"control",-451.513333333333,"anpp"
11,"slurry",-413.6,"anpp"
12,"slurry",-399.813333333333,"anpp"
13,"slurry",-479.086666666667,"anpp"
14,"compost",-430.833333333333,"anpp"
15,"control",-351.56,"anpp"
1,"slurry",16.1428127872647,"n2o"
2,"control",17.4582613814992,"n2o"
3,"compost",75.4623919643043,"n2o"
4,"compost",18.5131505323502,"n2o"
5,"control",14.6009974404006,"n2o"
6,"slurry",34.848949225565,"n2o"
7,"control",29.9483849692548,"n2o"
8,"compost",15.3612745644338,"n2o"
9,"compost",39.4404573228905,"n2o"
10,"control",25.2931386607605,"n2o"
11,"slurry",15.3604066726238,"n2o"
12,"slurry",28.0249097542297,"n2o"
13,"slurry",130.59306033621,"n2o"
14,"compost",19.8153845234191,"n2o"
15,"control",28.9831679585566,"n2o"
1,"slurry",-2.2517259539515,"ch4"
2,"control",-2.50625450598581,"ch4"
3,"compost",-2.33116642469739,"ch4"
4,"compost",-2.28609470841413,"ch4"
5,"control",-2.92018583060482,"ch4"
6,"slurry",-2.64966950687274,"ch4"
7,"control",-2.22268086085342,"ch4"
8,"compost",-3.20527344003295,"ch4"
9,"compost",-2.56307676742922,"ch4"
10,"control",-1.79224778240973,"ch4"
11,"slurry",-1.82224875945815,"ch4"
12,"slurry",-2.23997203110212,"ch4"
13,"slurry",-1.76427882242919,"ch4"
14,"compost",-1.51241078430773,"ch4"
15,"control",-2.19635207067943,"ch4"
