"period","gas","treatment","sd_control","sd_amended","sd_ratio","fligner_p","n_above_control_max","n_below_control_min","top_plot","top_plot_share_of_attributable"
"first_week","CO2","compost",10.1,6.56,0.648,0.725,0,0,8,NA
"first_week","CO2","slurry",10.1,8.31,0.821,0.725,1,0,13,0.412
"first_week","CH4","compost",0.411,0.853,2.07,0.531,1,1,14,1.85
"first_week","CH4","slurry",0.411,1.46,3.55,0.914,3,0,13,0.662
"first_week","N2O","compost",0.594,1.28,2.15,0.314,1,1,3,1.31
"first_week","N2O","slurry",0.594,3.93,6.61,0.214,5,0,13,0.462
"season","CO2","compost",135,152,1.13,0.543,2,0,3,1.1
"season","CO2","slurry",135,116,0.863,0.543,2,0,13,0.598
"season","CH4","compost",11.6,16.9,1.46,0.531,1,1,14,NA
"season","CH4","slurry",11.6,10.1,0.867,0.743,1,0,13,0.619
"season","N2O","compost",16.1,58.7,3.65,0.638,2,0,3,0.998
"season","N2O","slurry",16.1,113,7.04,0.159,2,0,13,0.988
