"period","gas","treatment","median_within_plot_sd","max_within_plot_sd","n_plot_dates","median_ratio","wilcox_p"
"19 Jun-14 Oct","CH4","compost",0.0875,0.343,35,NA,NA
"19 Jun-14 Oct","CH4","control",0.0466,0.17,35,NA,NA
"19 Jun-14 Oct","CH4","slurry",0.0611,0.231,34,NA,NA
"19 Jun-14 Oct","CO2","compost",1.22,4.35,35,NA,NA
"19 Jun-14 Oct","CO2","control",1.22,5.65,35,NA,NA
"19 Jun-14 Oct","CO2","slurry",1.45,6.29,34,NA,NA
"19 Jun-14 Oct","N2O","compost",0.0691,1.2,35,NA,NA
"19 Jun-14 Oct","N2O","control",0.0557,0.273,35,NA,NA
"19 Jun-14 Oct","N2O","slurry",0.0898,3.87,34,NA,NA
"before application","CH4","compost",0.0676,0.161,10,NA,NA
"before application","CH4","control",0.0658,0.168,10,NA,NA
"before application","CH4","slurry",0.0958,0.371,10,NA,NA
"before application","CO2","compost",1.91,3.65,10,NA,NA
"before application","CO2","control",1.65,4.03,10,NA,NA
"before application","CO2","slurry",1.3,3.25,10,NA,NA
"before application","N2O","compost",0.118,0.439,10,NA,NA
"before application","N2O","control",0.141,0.697,10,NA,NA
"before application","N2O","slurry",0.0939,0.431,10,NA,NA
"day 6","CH4","compost",0.0839,0.272,5,NA,NA
"day 6","CH4","control",0.0517,0.0803,5,NA,NA
"day 6","CH4","slurry",0.0523,0.413,5,NA,NA
"day 6","CO2","compost",3.29,3.7,5,NA,NA
"day 6","CO2","control",1.99,2.45,5,NA,NA
"day 6","CO2","slurry",3.07,3.93,5,NA,NA
"day 6","N2O","compost",0.177,0.2,5,NA,NA
"day 6","N2O","control",0.105,0.189,5,NA,NA
"day 6","N2O","slurry",0.0871,0.404,5,NA,NA
"days 1-2","CH4","compost",0.0887,0.252,10,NA,NA
"days 1-2","CH4","control",0.0401,0.0969,10,NA,NA
"days 1-2","CH4","slurry",0.127,3.18,10,NA,NA
"days 1-2","CO2","compost",1.33,3.28,10,NA,NA
"days 1-2","CO2","control",1.28,2.62,10,NA,NA
"days 1-2","CO2","slurry",4.77,6.95,10,NA,NA
"days 1-2","N2O","compost",0.0579,0.611,10,NA,NA
"days 1-2","N2O","control",0.093,0.217,10,NA,NA
"days 1-2","N2O","slurry",0.363,2,10,NA,NA
"before application","CO2","compost vs control",NA,NA,NA,1.16,0.739
"before application","CO2","slurry vs control",NA,NA,NA,0.791,0.19
"days 1-2","CO2","compost vs control",NA,NA,NA,1.04,0.739
"days 1-2","CO2","slurry vs control",NA,NA,NA,3.72,0.00389
"before application","CH4","compost vs control",NA,NA,NA,1.03,0.796
"before application","CH4","slurry vs control",NA,NA,NA,1.45,0.218
"days 1-2","CH4","compost vs control",NA,NA,NA,2.21,0.0232
"days 1-2","CH4","slurry vs control",NA,NA,NA,3.17,0.00288
"before application","N2O","compost vs control",NA,NA,NA,0.835,0.529
"before application","N2O","slurry vs control",NA,NA,NA,0.667,0.436
"days 1-2","N2O","compost vs control",NA,NA,NA,0.623,0.28
"days 1-2","N2O","slurry vs control",NA,NA,NA,3.91,0.000487
