"item","value"
"Net N mineralization, lab potential (mg N kg-1 d-1, mean)","0.468"
"Season N supply from mineralization at lab potential (kg N ha-1, 0-15 cm)","82"
"Applied N, slurry / compost (kg N ha-1)","27.5 / 38.7"
"Applied NH4-N, slurry / compost (kg N ha-1)","2.8 / 0.5"
"Initial mineral N, 29 May (kg N ha-1, 0-15 cm)","11"
"Season N supply, no coarse-fragment correction (kg N ha-1, 0-15 cm; upper bound)","121"
"Soil organic C stock, 0-15 cm (g C m-2; LOI OM x 0.5, first sampling)","2200"
"Amendment C input, slurry / compost (g C m-2; assumed C fractions)","57 / 120"
"Amendment C as % of 0-15 cm soil C stock, slurry / compost","2.5 / 5.4"
"Plant N uptake (Oct harvest),  compost  (kg N ha-1; N %)","36; 1.59%"
"Plant N uptake (Oct harvest),  control  (kg N ha-1; N %)","34; 1.47%"
"Plant N uptake (Oct harvest),  slurry  (kg N ha-1; N %)","35; 1.51%"
