"gas","date","contrast","estimate","SE","p_dunnett"
"CO2","06 May","compost - control",-0.0655,0.0789,0.618
"CO2","06 May","slurry - control",0.0125,0.0789,0.974
"CO2","27 May","compost - control",-0.163,0.0781,0.0789
"CO2","27 May","slurry - control",-0.191,0.0781,0.0342
"CO2","29 May","compost - control",0.126,0.0789,0.207
"CO2","29 May","slurry - control",0.611,0.0789,5.99e-10
"CO2","30 May","compost - control",-0.0753,0.0781,0.532
"CO2","30 May","slurry - control",0.196,0.0781,0.0295
"CO2","03 Jun","compost - control",-0.00964,0.0781,0.983
"CO2","03 Jun","slurry - control",0.0368,0.0781,0.839
"CO2","19 Jun","compost - control",-0.00839,0.0781,0.986
"CO2","19 Jun","slurry - control",0.108,0.0781,0.297
"CO2","09 Jul","compost - control",0.0892,0.0781,0.424
"CO2","09 Jul","slurry - control",0.153,0.0781,0.103
"CO2","23 Jul","compost - control",0.0215,0.0781,0.934
"CO2","23 Jul","slurry - control",-0.0676,0.0781,0.595
"CO2","22 Aug","compost - control",0.0576,0.0781,0.678
"CO2","22 Aug","slurry - control",0.0375,0.0781,0.834
"CO2","10 Sep","compost - control",-0.0693,0.0781,0.581
"CO2","10 Sep","slurry - control",-0.132,0.0781,0.173
"CO2","30 Sep","compost - control",0.0846,0.0781,0.459
"CO2","30 Sep","slurry - control",0.00493,0.081,0.995
"CO2","14 Oct","compost - control",0.0793,0.0781,0.5
"CO2","14 Oct","slurry - control",0.00599,0.0781,0.992
"CH4","06 May","compost - control",-0.00289,0.116,0.999
"CH4","06 May","slurry - control",0.0388,0.116,0.908
"CH4","27 May","compost - control",0.037,0.114,0.913
"CH4","27 May","slurry - control",0.0604,0.114,0.807
"CH4","29 May","compost - control",-0.0175,0.116,0.976
"CH4","29 May","slurry - control",0.516,0.116,5.67e-05
"CH4","30 May","compost - control",0.0129,0.114,0.985
"CH4","30 May","slurry - control",0.234,0.114,0.0822
"CH4","03 Jun","compost - control",0.0623,0.114,0.797
"CH4","03 Jun","slurry - control",0.12,0.114,0.477
"CH4","19 Jun","compost - control",0.074,0.114,0.734
"CH4","19 Jun","slurry - control",0.0414,0.114,0.896
"CH4","09 Jul","compost - control",-0.0388,0.114,0.906
"CH4","09 Jul","slurry - control",0.00182,0.114,0.999
"CH4","23 Jul","compost - control",-0.0284,0.114,0.944
"CH4","23 Jul","slurry - control",0.0132,0.114,0.985
"CH4","22 Aug","compost - control",-0.0264,0.114,0.951
"CH4","22 Aug","slurry - control",-0.0119,0.114,0.987
"CH4","10 Sep","compost - control",-0.0261,0.114,0.952
"CH4","10 Sep","slurry - control",0.0467,0.114,0.873
"CH4","30 Sep","compost - control",-0.0614,0.114,0.801
"CH4","30 Sep","slurry - control",0.0799,0.119,0.72
"CH4","14 Oct","compost - control",0.0159,0.114,0.979
"CH4","14 Oct","slurry - control",0.0606,0.114,0.805
"N2O","06 May","compost - control",-0.31,0.18,0.16
"N2O","06 May","slurry - control",-0.293,0.18,0.191
"N2O","27 May","compost - control",-0.101,0.178,0.782
"N2O","27 May","slurry - control",-0.0847,0.178,0.836
"N2O","29 May","compost - control",-0.0172,0.18,0.989
"N2O","29 May","slurry - control",0.491,0.18,0.0151
"N2O","30 May","compost - control",0.0567,0.178,0.915
"N2O","30 May","slurry - control",0.514,0.178,0.00959
"N2O","03 Jun","compost - control",0.0066,0.178,0.998
"N2O","03 Jun","slurry - control",0.187,0.178,0.476
"N2O","19 Jun","compost - control",-0.12,0.178,0.715
"N2O","19 Jun","slurry - control",0.0444,0.178,0.944
"N2O","09 Jul","compost - control",0.205,0.178,0.415
"N2O","09 Jul","slurry - control",0.00729,0.178,0.997
"N2O","23 Jul","compost - control",-0.00952,0.178,0.996
"N2O","23 Jul","slurry - control",-0.00783,0.178,0.997
"N2O","22 Aug","compost - control",0.356,0.178,0.0908
"N2O","22 Aug","slurry - control",0.558,0.178,0.0047
"N2O","10 Sep","compost - control",0.0293,0.178,0.972
"N2O","10 Sep","slurry - control",0.0102,0.178,0.995
"N2O","30 Sep","compost - control",-0.0127,0.178,0.993
"N2O","30 Sep","slurry - control",0.114,0.185,0.755
"N2O","14 Oct","compost - control",-0.043,0.178,0.947
"N2O","14 Oct","slurry - control",0.143,0.178,0.632
