"plot","treatment","round","sir_ug_co2c_hr_g","cmin_rate_ug_co2c_g_d","initial_nh4_ug_g","initial_no3_ug_g","net_min_rate_ug_g_d","net_nitr_rate_ug_g_d","round_lab"
1,"slurry",1,NA,23.3509775443597,7.60419606597119,4.2759527113666,0.475351136371876,0.699524636109079,"29 May"
2,"control",1,5.11919434321458,19.0862373032753,7.64175775166001,2.71823366302844,0.566253087463303,0.78982687234703,"29 May"
3,"compost",1,4.25222167732775,15.5880368137584,4.63554589213472,1.14669393198193,0.257357761968691,0.382121762879888,"29 May"
4,"compost",1,6.23603462569898,22.6375005242921,9.52887483660352,3.36518855200054,1.11673117995998,1.40103632464344,"29 May"
5,"control",1,4.63992974629211,15.9992890963952,6.49195900523921,2.52832003213671,0.861317252071748,1.04727860980034,"29 May"
6,"slurry",1,4.78963749757096,17.7625114535812,5.47321847134908,1.74215730374984,0.333563643870029,0.484520791260342,"29 May"
7,"control",1,6.02025788115281,22.5346801560574,8.24223047475858,0.168351217405795,0.77734009085705,1.02022674372193,"29 May"
8,"compost",1,4.99526784381032,16.0700216690812,5.47193223668678,1.93174602216707,0.702896127068122,0.853497303098946,"29 May"
9,"compost",1,4.94863390340617,20.8288620856736,3.26770980172318,3.01327952939565,0.459745040509792,0.526274112847024,"29 May"
10,"control",1,4.38583814778774,15.7253518020865,4.68053634599104,3.2845633724209,0.578533944166753,0.663674771425153,"29 May"
11,"slurry",1,6.37404797896707,21.4527491802516,8.11846041045946,1.29330420372168,0.542530810209505,0.719222903124562,"29 May"
12,"slurry",1,7.06290184255692,17.730260368274,2.82643816080605,3.81589259818873,0.22400991862018,0.243856371156484,"29 May"
13,"slurry",1,6.27356482852088,23.8742814926023,6.07150333242149,0.355264443693792,0.178236790170603,0.302961747089277,"29 May"
14,"compost",1,6.2161604941308,14.7045314294108,3.97736199876952,4.04607107327499,0.540386038321143,0.583882359374994,"29 May"
15,"control",1,5.05171060861135,16.162641973395,2.93749079209473,4.18970087600527,0.515673732948775,0.52924795881658,"29 May"
1,"slurry",2,4.88466485182808,23.5490022659131,7.79505769984884,7.12891392993591,0.619038826962513,0.857571340734133,"21 Jul"
2,"control",2,5.76088154901745,20.1061514862336,7.66702756432552,5.82942503435214,0.368076892397209,0.581691124773824,"21 Jul"
3,"compost",2,4.66269772404151,17.6949507902712,5.66275048985381,6.1485094437718,-0.105841327427225,0.0326695457740867,"21 Jul"
4,"compost",2,5.02274881091203,16.4744653629833,8.03696825404043,4.77655089983451,0.946500629144666,1.22405972990234,"21 Jul"
5,"control",2,4.68591181308407,21.2144764707826,5.17218318418402,8.60667918822395,0.447339155543443,0.602498855397475,"21 Jul"
6,"slurry",2,5.27050247357867,18.4495607106116,6.23263417615614,6.37315591904537,0.286578582848612,0.502441580023718,"21 Jul"
7,"control",2,5.55073763447923,19.56225017696,6.74776881562265,7.60901619185883,0.697317063135101,0.905554421803601,"21 Jul"
8,"compost",2,5.01933703206843,21.8995606652437,8.12154423745537,7.5702166205529,0.551144817348722,0.691453698891387,"21 Jul"
9,"compost",2,5.35709910976139,20.5592384887856,5.20722468873706,6.26582985021079,0.192840079232307,0.321686604807774,"21 Jul"
10,"control",2,5.72560504663507,34.7682644999856,6.72083335198162,11.8493307862947,0.273291381570066,0.465266080174195,"21 Jul"
11,"slurry",2,6.71692359755323,25.1688919020787,6.32642849644535,7.04132911977508,0.786866421111421,1.00333012192291,"21 Jul"
12,"slurry",2,6.24337547239162,27.5691545737962,4.81938881478469,6.83573520654332,0.256759796554668,0.390744465985801,"21 Jul"
13,"slurry",2,6.4818183028848,33.7639644529564,5.95036236525798,7.14943278539521,0.31421858215413,0.406022449746589,"21 Jul"
14,"compost",2,5.92492116478281,19.6426454410481,7.11986450927899,6.58769305378989,0.438864073168541,0.549954777094507,"21 Jul"
15,"control",2,5.83664495934835,24.9238059119436,17.232448034981,12.592200868158,0.133967594740081,0.651649490216565,"21 Jul"
1,"slurry",3,4.18925168605837,7.87924673139903,-1.37999376985715,9.01545480406133,0.781527575178704,0.37337676971638,"14 Oct"
2,"control",3,3.69276564745872,8.09047427717869,-0.240250728312644,19.5131418403739,0.487352705374711,0.400514098098512,"14 Oct"
3,"compost",3,4.1089905500795,9.38438695422219,-1.63543128507247,7.52961538813606,0.553982085364572,0.393057890978491,"14 Oct"
4,"compost",3,3.80566825649892,9.18385317055813,0.133264334178172,15.4507702110859,0.383582797753728,0.289810920159824,"14 Oct"
5,"control",3,4.70594472296676,12.8527426632337,3.24187181095423,10.1191559738906,0.236282543910856,0.289791760227088,"14 Oct"
6,"slurry",3,3.66619984640122,11.1573925256314,3.4246054265287,5.50764525002977,0.381153791435537,0.453686546603194,"14 Oct"
7,"control",3,3.01629509930862,11.2639149070525,2.15350445738124,11.232899151661,1.27626307740605,1.24501495890608,"14 Oct"
8,"compost",3,3.78813046701933,10.4713030189105,4.86739547919288,9.5065514959584,0.148811440054727,0.290084115050191,"14 Oct"
9,"compost",3,3.84312482118473,10.9573166113925,0.524278829986443,10.6129772977024,0.317850905293687,0.3119540499856,"14 Oct"
10,"control",3,4.39963496156108,10.3216194071048,2.18400260649437,20.8255798421823,0.275335474010121,0.329576699006151,"14 Oct"
11,"slurry",3,4.6635707217434,5.64591067945202,1.10203150483806,4.42668311269174,0.390511515386873,0.40771920470051,"14 Oct"
12,"slurry",3,4.37574993999591,8.01271117538873,-0.682960027419379,6.30139973389503,0.232366676800348,0.188753505445819,"14 Oct"
13,"slurry",3,3.95530917188833,12.9972011395603,0.88677508438792,8.45350092695956,0.412699528425769,0.435013254046957,"14 Oct"
14,"compost",3,4.55812897256965,12.2663514542598,-1.31432502043235,8.79500349490005,0.611627043095554,0.55287432584818,"14 Oct"
15,"control",3,3.54253518708339,10.7111989798161,0.522834494184099,8.36683707918375,0.24760988784912,0.247667952270966,"14 Oct"
