"plot","E","N","elev","x","y","treatment","along","across","row","col","edge","n_neigh","slurry_neigh","compost_neigh","CO2","CH4","N2O","CO2_wk","CH4_wk","N2O_wk","pre_CO2","pre_CH4","pre_N2O","vwc_pre","vwc_season","logN2O"
1,604800,4670000,0.6172,9.061,26.2,"slurry",-11.38,6.442,1,3,TRUE,2,0,1,1602,-62.55,37.63,60.02,-1.33,3.724,9.695,-0.2797,0.1974,14.77,16.01,3.628
2,604800,4670000,0.3935,14.94,24.38,"control",-12.12,0.3374,1,2,TRUE,3,1,1,1669,-69.62,40.7,58.89,-1.894,1.952,11.79,-0.3285,0.1186,15.03,15.44,3.706
3,604800,4670000,0.1922,20.52,22.52,"compost",-12.68,-5.521,1,1,TRUE,2,1,0,1886,-64.75,175.9,62.65,-1.452,4.765,10.51,-0.2315,0.1267,18.88,20.31,5.17
4,604800,4670000,0.4918,6.82,20.63,"compost",-5.377,6.218,2,3,TRUE,3,1,0,1479,-63.5,43.15,53.58,-1.868,1.516,9.65,-0.3201,0.129,14.72,14.77,3.765
5,604800,4670000,0.3112,12.58,18.82,"control",-6.076,0.2248,2,2,FALSE,4,1,2,1634,-81.12,34.03,58.73,-2.412,1.683,11.63,-0.4148,0.2487,14.12,15.32,3.527
6,604800,4670000,0.208,18.4,16.91,"slurry",-6.698,-5.868,2,1,TRUE,3,0,2,1800,-73.6,81.23,72.38,-1.477,7.28,10.15,-0.3081,0.1477,17.8,18.95,4.397
7,604800,4670000,0.4333,4.459,15.12,"control",0.6155,6.129,3,3,TRUE,3,0,2,1722,-61.74,69.81,75.14,-1.89,3.062,13.5,-0.2852,0.8149,14.97,14.92,4.246
8,604800,4670000,0.3315,10.33,13.12,"compost",0.0533,-0.04353,3,2,FALSE,4,1,1,1733,-89.04,35.81,65.84,-2.716,2.51,11.44,-0.4098,0.1974,14.42,16.51,3.578
9,604800,4670000,0.1797,16.12,11.29,"compost",-0.6368,-6.077,3,1,TRUE,3,2,1,1672,-71.2,91.94,50.58,-1.864,3.053,9.572,-0.3226,0.2471,16.51,16.5,4.521
10,604800,4670000,0.2967,2.358,9.572,"control",6.537,5.788,4,3,TRUE,3,2,0,1392,-49.78,58.96,47.35,-1.475,2.899,8.85,-0.2129,0.4075,17.09,16.22,4.077
11,604800,4670000,0.1412,8.032,7.554,"slurry",6.067,-0.2152,4,2,FALSE,4,1,2,1561,-50.62,35.81,68.53,-1.135,3.28,11.02,-0.2672,0.1459,18.44,17.23,3.578
12,604800,4670000,0,13.78,5.763,"slurry",5.361,-6.192,4,1,TRUE,3,1,1,1671,-62.22,65.33,69.61,-1.392,7.646,10.2,-0.2659,0.2026,17.86,17.62,4.179
13,604800,4670000,0.2933,0,3.904,"slurry",12.67,5.632,5,3,TRUE,2,0,1,1821,-49.01,304.4,83.08,1.92,13.06,10.38,-0.1496,0.3243,17.87,14.97,5.718
14,604800,4670000,0.1938,5.759,1.964,"compost",12.1,-0.4174,5,2,TRUE,3,2,0,1593,-42.01,46.19,53.9,-0.3698,1.863,9.004,-0.1457,0.2248,19.43,16.67,3.833
15,604800,4670000,0.05225,11.48,0,"control",11.56,-6.438,5,1,TRUE,2,1,1,1709,-61.01,67.56,55.34,-1.377,2.289,10.99,-0.2565,0.3746,18.97,17.83,4.213
