"metric","group","treatment","control_mean","diff","ci_lo","ci_hi","pct_of_control","welch_p","anova_p","hedges_g","g_lo","g_hi"
"season_total_CO2","29 May-14 Oct","compost",1610,46.9,-161,255,2.9,0.616,0.738,0.3,-0.95,1.54
"season_total_CO2","29 May-14 Oct","slurry",1610,64.7,-118,247,4,0.436,0.738,0.47,-0.79,1.73
"season_total_CH4","29 May-14 Oct","compost",-63.9,-1.43,-22.8,19.9,2.2,0.879,0.721,-0.09,-1.33,1.15
"season_total_CH4","29 May-14 Oct","slurry",-63.9,4.99,-10.7,20.7,-7.8,0.483,0.721,0.42,-0.83,1.67
"season_total_N2O","29 May-14 Oct","compost",53.5,24.1,-46.9,95,45,0.415,0.573,0.51,-0.75,1.77
"season_total_N2O","29 May-14 Oct","slurry",53.5,50,-88,188,93.4,0.376,0.573,0.57,-0.7,1.83
"first_week_total_CO2","29 May-3 Jun","compost",58.4,-1.75,-14.4,10.9,-3,0.752,0.056,-0.19,-1.43,1.05
"first_week_total_CO2","29 May-3 Jun","slurry",58.4,11.5,-1.93,24.9,19.7,0.083,0.056,1.14,-0.2,2.47
"first_week_total_CH4","29 May-3 Jun","compost",-1.79,0.153,-0.88,1.19,-8.6,0.727,0.2,0.21,-1.03,1.45
"first_week_total_CH4","29 May-3 Jun","slurry",-1.79,1.11,-0.653,2.88,-62.3,0.162,0.2,0.95,-0.36,2.26
"first_week_total_N2O","29 May-3 Jun","compost",2.35,0.36,-1.18,1.9,15.3,0.585,0.018,0.33,-0.92,1.58
"first_week_total_N2O","29 May-3 Jun","slurry",2.35,4.57,-0.228,9.36,194.5,0.057,0.018,1.49,0.08,2.89
"sir_ug_co2c_hr_g","29 May","compost",5.13,0.291,-0.852,1.43,5.7,0.568,0.176,0.34,-0.91,1.59
"sir_ug_co2c_hr_g","29 May","slurry",5.13,1.1,-0.352,2.55,21.4,0.109,0.176,1.23,-0.21,2.66
"sir_ug_co2c_hr_g","21 Jul","compost",5.51,-0.315,-1.01,0.377,-5.7,0.325,0.206,-0.6,-1.87,0.67
"sir_ug_co2c_hr_g","21 Jul","slurry",5.51,0.408,-0.589,1.4,7.4,0.361,0.206,0.56,-0.7,1.82
"sir_ug_co2c_hr_g","14 Oct","compost",3.87,0.149,-0.684,0.983,3.9,0.674,0.638,0.25,-0.99,1.5
"sir_ug_co2c_hr_g","14 Oct","slurry",3.87,0.299,-0.545,1.14,7.7,0.423,0.638,0.49,-0.77,1.75
"cmin_rate_ug_co2c_g_d","29 May","compost",18.3,0.0664,-4.79,4.92,0.4,0.975,0.282,0.02,-1.22,1.26
"cmin_rate_ug_co2c_g_d","29 May","slurry",18.3,2.99,-1.38,7.36,16.4,0.154,0.282,0.9,-0.4,2.2
"cmin_rate_ug_co2c_g_d","21 Jul","compost",24.1,-4.86,-12.6,2.84,-20.2,0.165,0.151,-0.93,-2.23,0.38
"cmin_rate_ug_co2c_g_d","21 Jul","slurry",24.1,1.59,-7.15,10.3,6.6,0.686,0.151,0.24,-1,1.48
"cmin_rate_ug_co2c_g_d","14 Oct","compost",10.6,-0.195,-2.43,2.04,-1.8,0.843,0.483,-0.12,-1.36,1.12
"cmin_rate_ug_co2c_g_d","14 Oct","slurry",10.6,-1.51,-5.15,2.13,-14.2,0.355,0.483,-0.57,-1.83,0.7
"net_min_rate_ug_g_d","29 May","compost",0.699,-0.0474,-0.464,0.369,-6.8,0.788,0.101,-0.16,-1.4,1.08
"net_min_rate_ug_g_d","29 May","slurry",0.699,-0.328,-0.565,-0.0903,-46.9,0.013,0.101,-1.82,-3.29,-0.35
"net_min_rate_ug_g_d","21 Jul","compost",0.471,0.0117,-0.529,0.552,2.5,0.959,0.943,0.03,-1.21,1.27
"net_min_rate_ug_g_d","21 Jul","slurry",0.471,0.0656,-0.29,0.421,13.9,0.68,0.943,0.24,-1,1.49
"net_min_rate_ug_g_d","14 Oct","compost",0.533,-0.106,-0.679,0.468,-19.8,0.661,0.871,-0.26,-1.51,0.98
"net_min_rate_ug_g_d","14 Oct","slurry",0.533,-0.0678,-0.643,0.507,-12.7,0.78,0.871,-0.17,-1.41,1.07
"net_nitr_rate_ug_g_d","29 May","compost",0.855,-0.0647,-0.589,0.46,-7.6,0.775,0.227,-0.17,-1.41,1.07
"net_nitr_rate_ug_g_d","29 May","slurry",0.855,-0.339,-0.679,0.0019,-39.6,0.051,0.227,-1.31,-2.68,0.06
"net_nitr_rate_ug_g_d","21 Jul","compost",0.734,-0.093,-0.694,0.508,-12.7,0.707,0.904,-0.23,-1.47,1.02
"net_nitr_rate_ug_g_d","21 Jul","slurry",0.734,-0.0149,-0.4,0.37,-2,0.928,0.904,-0.05,-1.29,1.19
"net_nitr_rate_ug_g_d","14 Oct","compost",0.531,-0.141,-0.684,0.402,-26.6,0.525,0.657,-0.39,-1.64,0.86
"net_nitr_rate_ug_g_d","14 Oct","slurry",0.531,-0.138,-0.681,0.406,-25.9,0.534,0.657,-0.38,-1.63,0.87
"initial_nh4_ug_g","29 May","compost",6.26,-0.66,-4.2,2.88,-10.5,0.678,0.871,-0.25,-1.49,1
"initial_nh4_ug_g","29 May","slurry",6.26,0.0356,-3.21,3.28,0.6,0.98,0.871,0.01,-1.23,1.25
"initial_nh4_ug_g","21 Jul","compost",8.98,-1.94,-8.09,4.21,-21.6,0.446,0.416,-0.48,-1.73,0.78
"initial_nh4_ug_g","21 Jul","slurry",8.98,-2.56,-8.73,3.62,-28.5,0.323,0.416,-0.64,-1.91,0.64
"initial_nh4_ug_g","14 Oct","compost",1.66,-1.12,-4.53,2.29,-67.3,0.454,0.678,-0.46,-1.71,0.8
"initial_nh4_ug_g","14 Oct","slurry",1.66,-0.957,-3.53,1.62,-57.5,0.413,0.678,-0.5,-1.75,0.76
"initial_no3_ug_g","29 May","compost",2.69,0.121,-1.94,2.18,4.5,0.894,0.909,0.08,-1.16,1.32
"initial_no3_ug_g","29 May","slurry",2.69,-0.29,-2.72,2.14,-10.8,0.79,0.909,-0.16,-1.4,1.08
"initial_no3_ug_g","21 Jul","compost",9.59,-3.12,-6.74,0.493,-32.6,0.077,0.045,-1.27,-2.63,0.09
"initial_no3_ug_g","21 Jul","slurry",9.59,-2.46,-6.12,1.21,-25.6,0.137,0.045,-1.05,-2.37,0.27
"initial_no3_ug_g","14 Oct","compost",14.8,-3.83,-11.4,3.69,-25.9,0.26,0.04,-0.71,-1.99,0.57
"initial_no3_ug_g","14 Oct","slurry",14.8,-7.68,-15.1,-0.24,-51.9,0.045,0.04,-1.53,-2.93,-0.12
"tin_ug_g","29 May","compost",8.95,-0.539,-4.15,3.07,-6,0.722,0.935,-0.21,-1.46,1.03
"tin_ug_g","29 May","slurry",8.95,-0.254,-3.24,2.73,-2.8,0.841,0.935,-0.12,-1.36,1.12
"tin_ug_g","21 Jul","compost",18.6,-5.07,-13.9,3.74,-27.3,0.193,0.146,-0.88,-2.17,0.42
"tin_ug_g","21 Jul","slurry",18.6,-5.01,-13.9,3.83,-27,0.195,0.146,-0.88,-2.18,0.42
"tin_ug_g","14 Oct","compost",16.5,-4.95,-12.7,2.79,-30,0.176,0.029,-0.85,-2.15,0.44
"tin_ug_g","14 Oct","slurry",16.5,-8.64,-15.9,-1.42,-52.4,0.028,0.029,-1.78,-3.24,-0.31
"biomass_g_m2","Oct harvest","compost",228,-0.4,-74.7,73.9,-0.2,0.99,0.99,-0.01,-1.25,1.23
"biomass_g_m2","Oct harvest","slurry",228,3.6,-72,79.2,1.6,0.915,0.99,0.06,-1.18,1.3
"crude_protein_pct","Oct harvest","compost",9.18,0.76,-0.897,2.42,8.3,0.319,0.697,0.61,-0.66,1.88
"crude_protein_pct","Oct harvest","slurry",9.18,0.26,-2.11,2.63,2.8,0.802,0.697,0.15,-1.09,1.39
"avail_protein_pct","Oct harvest","compost",7.58,0.72,-0.952,2.39,9.5,0.346,0.538,0.57,-0.69,1.84
"avail_protein_pct","Oct harvest","slurry",7.58,-0.06,-1.96,1.84,-0.8,0.944,0.538,-0.04,-1.28,1.2
"adicp_pct","Oct harvest","compost",1.62,0.02,-0.689,0.729,1.2,0.944,0.607,0.04,-1.2,1.28
"adicp_pct","Oct harvest","slurry",1.62,0.3,-0.613,1.21,18.5,0.469,0.607,0.43,-0.82,1.69
"ndicp_pct","Oct harvest","compost",4,0.08,-1.47,1.63,2,0.906,0.989,0.07,-1.17,1.31
"ndicp_pct","Oct harvest","slurry",4,0.06,-1.44,1.56,1.5,0.924,0.989,0.06,-1.18,1.3
"andf_pct","Oct harvest","compost",68.1,-3.24,-12.6,6.14,-4.8,0.42,0.598,-0.5,-1.76,0.76
"andf_pct","Oct harvest","slurry",68.1,-2.6,-7.6,2.4,-3.8,0.263,0.598,-0.69,-1.97,0.59
"adf_pct","Oct harvest","compost",44.2,1.1,-3,5.2,2.5,0.542,0.127,0.37,-0.88,1.62
"adf_pct","Oct harvest","slurry",44.2,3.94,-0.829,8.71,8.9,0.093,0.127,1.09,-0.24,2.42
"lignin_pct","Oct harvest","compost",8.92,1.62,-0.972,4.21,18.2,0.164,0.036,0.95,-0.36,2.26
"lignin_pct","Oct harvest","slurry",8.92,3.4,0.221,6.58,38.1,0.039,0.036,1.41,0.02,2.79
"nfc_pct","Oct harvest","compost",13.2,0.92,-5.39,7.23,7,0.731,0.888,0.21,-1.04,1.45
"nfc_pct","Oct harvest","slurry",13.2,0.98,-2.5,4.46,7.4,0.534,0.888,0.37,-0.88,1.62
"starch_pct","Oct harvest","compost",0.32,0.02,-0.381,0.421,6.3,0.91,0.165,0.07,-1.17,1.31
"starch_pct","Oct harvest","slurry",0.32,0.4,-0.171,0.971,125,0.135,0.165,0.99,-0.32,2.31
"water_sol_carbs_pct","Oct harvest","compost",6.4,-0.24,-2.73,2.25,-3.8,0.829,0.936,-0.13,-1.37,1.11
"water_sol_carbs_pct","Oct harvest","slurry",6.4,-0.34,-2.26,1.58,-5.3,0.689,0.936,-0.24,-1.48,1.01
"simple_sugars_pct","Oct harvest","compost",3.26,-0.6,-2.6,1.4,-18.4,0.494,0.556,-0.41,-1.67,0.84
"simple_sugars_pct","Oct harvest","slurry",3.26,-0.72,-1.84,0.396,-22.1,0.165,0.556,-0.91,-2.21,0.4
"crude_fat_pct","Oct harvest","compost",3.12,0.32,-0.388,1.03,10.3,0.32,0.34,0.61,-0.66,1.88
"crude_fat_pct","Oct harvest","slurry",3.12,0.56,-0.356,1.48,17.9,0.184,0.34,0.86,-0.43,2.16
"tdn_pct","Oct harvest","compost",52.6,-2.2,-5.56,1.16,-4.2,0.17,0.069,-0.86,-2.16,0.43
"tdn_pct","Oct harvest","slurry",52.6,-4,-7.74,-0.259,-7.6,0.039,0.069,-1.41,-2.8,-0.03
"ash_pct","Oct harvest","compost",6.5,1.23,-1.91,4.37,18.9,0.35,0.686,0.6,-0.67,1.86
"ash_pct","Oct harvest","slurry",6.5,0.768,-2.69,4.23,11.8,0.581,0.686,0.34,-0.91,1.59
"ca_pct","Oct harvest","compost",1.05,0.266,-0.281,0.813,25.3,0.295,0.41,0.64,-0.63,1.91
"ca_pct","Oct harvest","slurry",1.05,0.254,-0.217,0.725,24.2,0.245,0.41,0.72,-0.56,2
"p_pct","Oct harvest","compost",0.228,0.006,-0.0787,0.0907,2.6,0.872,0.46,0.1,-1.15,1.34
"p_pct","Oct harvest","slurry",0.228,-0.034,-0.118,0.0497,-14.9,0.368,0.46,-0.55,-1.81,0.71
"mg_pct","Oct harvest","compost",0.208,0.014,-0.0373,0.0653,6.7,0.514,0.496,0.4,-0.85,1.65
"mg_pct","Oct harvest","slurry",0.208,-0.012,-0.0582,0.0342,-5.8,0.537,0.496,-0.38,-1.63,0.87
"k_pct","Oct harvest","compost",0.776,-0.23,-0.514,0.0536,-29.6,0.095,0.349,-1.12,-2.45,0.22
"k_pct","Oct harvest","slurry",0.776,-0.128,-0.521,0.265,-16.5,0.446,0.349,-0.47,-1.73,0.79
"s_pct","Oct harvest","compost",0.178,0.068,0.000264,0.136,38.2,0.049,0.085,1.36,-0.02,2.73
"s_pct","Oct harvest","slurry",0.178,0.046,-0.0117,0.104,25.8,0.103,0.085,1.06,-0.27,2.38
"dairyone_ph","14 Oct","compost",5.94,0.008,-0.391,0.407,0.1,0.964,0.447,0.03,-1.21,1.27
"dairyone_ph","14 Oct","slurry",5.94,0.188,-0.189,0.565,3.2,0.28,0.447,0.66,-0.61,1.94
"dairyone_om_pct","14 Oct","compost",3.44,0.118,-0.0764,0.312,3.4,0.195,0.359,0.82,-0.47,2.11
"dairyone_om_pct","14 Oct","slurry",3.44,0.102,-0.0856,0.29,3,0.241,0.359,0.73,-0.55,2.01
"dairyone_cec_meq100g","14 Oct","compost",8.26,0.34,-1.2,1.88,4.1,0.603,0.553,0.31,-0.93,1.56
"dairyone_cec_meq100g","14 Oct","slurry",8.26,0.64,-0.937,2.22,7.7,0.365,0.553,0.56,-0.71,1.82
"dairyone_base_sat_total_pct","14 Oct","compost",73.2,2,-8.56,12.6,2.7,0.658,0.502,0.27,-0.98,1.51
"dairyone_base_sat_total_pct","14 Oct","slurry",73.2,4.44,-6.05,14.9,6.1,0.327,0.502,0.62,-0.65,1.89
"dairyone_p_ppm","14 Oct","compost",123,-12.4,-77.5,52.7,-10,0.672,0.55,-0.25,-1.5,0.99
"dairyone_p_ppm","14 Oct","slurry",123,-29.6,-89.7,30.5,-24,0.287,0.55,-0.65,-1.93,0.62
"dairyone_k_ppm","14 Oct","compost",103,-16.6,-101,67.5,-16.1,0.647,0.868,-0.28,-1.52,0.97
"dairyone_k_ppm","14 Oct","slurry",103,-9.6,-93.9,74.7,-9.3,0.791,0.868,-0.16,-1.4,1.08
"dairyone_ca_ppm","14 Oct","compost",937,79.8,-266,426,8.5,0.596,0.62,0.32,-0.93,1.57
"dairyone_ca_ppm","14 Oct","slurry",937,130,-218,478,13.9,0.402,0.62,0.51,-0.75,1.77
"dairyone_mg_ppm","14 Oct","compost",137,-0.6,-41.9,40.7,-0.4,0.971,0.333,-0.02,-1.26,1.22
"dairyone_mg_ppm","14 Oct","slurry",137,20.6,-22.8,64,15,0.3,0.333,0.64,-0.63,1.91
"dairyone_ph","21 Jul","compost",5.85,-0.036,-0.472,0.4,-0.6,0.853,0.834,-0.11,-1.35,1.13
"dairyone_ph","21 Jul","slurry",5.85,0.066,-0.332,0.464,1.1,0.705,0.834,0.23,-1.02,1.47
"dairyone_om_pct","21 Jul","compost",3.73,-0.218,-0.701,0.265,-5.8,0.304,0.491,-0.65,-1.92,0.62
"dairyone_om_pct","21 Jul","slurry",3.73,-0.06,-0.561,0.441,-1.6,0.785,0.491,-0.16,-1.4,1.08
"dairyone_cec_meq100g","21 Jul","compost",9.38,-0.22,-1.84,1.4,-2.3,0.755,0.626,-0.19,-1.43,1.06
"dairyone_cec_meq100g","21 Jul","slurry",9.38,0.36,-1.21,1.93,3.8,0.59,0.626,0.33,-0.92,1.57
"dairyone_base_sat_total_pct","21 Jul","compost",76.4,-1.56,-10.4,7.3,-2,0.695,0.577,-0.23,-1.48,1.01
"dairyone_base_sat_total_pct","21 Jul","slurry",76.4,2.1,-5.59,9.79,2.7,0.536,0.577,0.37,-0.88,1.62
"dairyone_p_ppm","21 Jul","compost",137,-23.4,-95.9,49.1,-17.1,0.478,0.538,-0.43,-1.68,0.83
"dairyone_p_ppm","21 Jul","slurry",137,-33.2,-102,35.3,-24.2,0.294,0.538,-0.64,-1.91,0.63
"dairyone_k_ppm","21 Jul","compost",104,-23.8,-110,62.4,-22.9,0.496,0.666,-0.42,-1.68,0.83
"dairyone_k_ppm","21 Jul","slurry",104,-1.8,-87.8,84.2,-1.7,0.96,0.666,-0.03,-1.27,1.21
"dairyone_ca_ppm","21 Jul","compost",1100,-12.4,-376,351,-1.1,0.938,0.816,-0.05,-1.29,1.19
"dairyone_ca_ppm","21 Jul","slurry",1100,71.2,-284,427,6.5,0.646,0.816,0.27,-0.97,1.52
"dairyone_mg_ppm","21 Jul","compost",170,-24.2,-69.5,21.1,-14.2,0.242,0.181,-0.74,-2.02,0.54
"dairyone_mg_ppm","21 Jul","slurry",170,9.2,-36.5,54.9,5.4,0.645,0.181,0.28,-0.97,1.52
"dairyone_ph","29 May","compost",5.84,-0.018,-0.362,0.326,-0.3,0.907,0.778,-0.07,-1.31,1.17
"dairyone_ph","29 May","slurry",5.84,0.076,-0.22,0.372,1.3,0.569,0.778,0.34,-0.91,1.59
"dairyone_om_pct","29 May","compost",3.56,-0.04,-0.447,0.367,-1.1,0.824,0.957,-0.13,-1.37,1.11
"dairyone_om_pct","29 May","slurry",3.56,-0.048,-0.414,0.318,-1.3,0.77,0.957,-0.17,-1.42,1.07
"dairyone_cec_meq100g","29 May","compost",9.06,0.2,-1.23,1.63,2.2,0.748,0.812,0.19,-1.05,1.43
"dairyone_cec_meq100g","29 May","slurry",9.06,0.34,-1.06,1.74,3.8,0.57,0.812,0.34,-0.9,1.59
"dairyone_base_sat_total_pct","29 May","compost",75.3,1.28,-5.8,8.36,1.7,0.683,0.449,0.24,-1,1.49
"dairyone_base_sat_total_pct","29 May","slurry",75.3,3.42,-3.34,10.2,4.5,0.259,0.449,0.71,-0.56,1.99
"dairyone_p_ppm","29 May","compost",118,4,-51.5,59.5,3.4,0.869,0.836,0.1,-1.14,1.34
"dairyone_p_ppm","29 May","slurry",118,-10.8,-68.6,47,-9.2,0.67,0.836,-0.25,-1.5,0.99
"dairyone_k_ppm","29 May","compost",75.8,18.6,-22.3,59.5,24.5,0.324,0.627,0.6,-0.67,1.87
"dairyone_k_ppm","29 May","slurry",75.8,18.6,-38.3,75.5,24.5,0.464,0.627,0.44,-0.81,1.7
"dairyone_ca_ppm","29 May","compost",1050,51,-266,368,4.9,0.71,0.764,0.22,-1.02,1.47
"dairyone_ca_ppm","29 May","slurry",1050,86,-228,400,8.2,0.526,0.764,0.39,-0.87,1.64
"dairyone_mg_ppm","29 May","compost",167,-9.4,-45.7,26.9,-5.6,0.565,0.688,-0.34,-1.59,0.91
"dairyone_mg_ppm","29 May","slurry",167,6.4,-40,52.8,3.8,0.757,0.688,0.18,-1.06,1.43
