"plot","collar","easting_m","northing_m","elevation_m"
1,"A",604829.967,4669939.348,50.05
1,"B",604829.541,4669938.498,50.016
1,"C",604830.323,4669937.889,50.007
2,"A",604835.621,4669937.414,49.97
2,"B",604835.795,4669936.558,49.923
2,"C",604836.614,4669937.209,49.951
3,"A",604841.265,4669935.673,49.645
3,"B",604842.099,4669934.989,49.708
3,"C",604841.031,4669934.487,49.704
4,"A",604827.731,4669933.051,50.182
4,"B",604827.948,4669932.404,50.029
4,"C",604827.058,4669932.898,50.021
5,"A",604833.541,4669932.104,49.875
5,"B",604833.08,4669931.528,49.9
5,"C",604833.661,4669931.215,50.028
6,"A",604839.137,4669930.018,49.705
6,"B",604839.822,4669929.209,49.83
6,"C",604838.781,4669928.978,49.74
7,"A",604825.406,4669928.264,49.886
7,"B",604826.154,4669927.894,49.92
7,"C",604825.757,4669927.213,49.905
8,"A",604830.694,4669926.226,49.841
8,"B",604831.723,4669925.638,49.848
8,"C",604831.442,4669924.949,49.791
9,"A",604837.062,4669924.149,49.631
9,"B",604836.459,4669923.783,49.669
9,"C",604837.355,4669923.097,49.715
10,"A",604822.606,4669922.518,49.71
10,"B",604823.885,4669922.107,49.794
10,"C",604822.827,4669921.661,49.745
11,"A",604829.234,4669920.676,49.682
11,"B",604828.745,4669919.548,49.625
11,"C",604829.669,4669919.548,49.624
12,"A",604834.527,4669918.553,49.361
12,"B",604835.292,4669918.167,49.488
12,"C",604833.824,4669917.724,49.477
13,"A",604820.798,4669916.83,49.778
13,"B",604821.46,4669916.376,49.812
13,"C",604821.112,4669915.894,49.769
14,"A",604826.554,4669915.266,49.702
14,"B",604827.263,4669914.121,49.679
14,"C",604826.211,4669914.055,49.715
15,"A",604832.928,4669913.129,49.55
15,"B",604831.813,4669912.635,49.581
15,"C",604832.723,4669912.091,49.485
