"plot","easting_m","northing_m","elevation_m"
1,604829.218,4669940.634,50.446
1,604832.066,4669939.841,50.266
1,604828.084,4669937.948,50.189
1,604830.794,4669936.818,50.081
2,604835.033,4669938.835,50.145
2,604837.974,4669937.894,49.974
2,604833.892,4669935.951,50
2,604836.765,4669935.306,49.968
3,604840.612,4669936.965,49.882
3,604843.422,4669936.031,49.792
3,604839.593,4669934.25,49.808
3,604842.361,4669933.262,49.8
4,604826.918,4669935.215,50.185
4,604829.788,4669934.019,50.082
4,604825.888,4669932.428,50.124
4,604828.604,4669931.293,50.089
5,604832.762,4669933.3,49.972
5,604835.544,4669932.412,49.913
5,604831.44,4669930.347,49.974
5,604834.484,4669929.679,49.899
6,604838.533,4669931.399,49.871
6,604841.34,4669930.493,49.802
6,604837.374,4669928.612,49.896
6,604840.253,4669927.576,49.776
7,604824.734,4669929.612,50.102
7,604827.384,4669928.526,50.079
7,604823.268,4669927.021,50.029
7,604826.37,4669925.759,50.036
8,604830.363,4669927.563,50.025
8,604833.38,4669926.765,49.995
8,604829.308,4669924.685,49.945
8,604832.169,4669923.898,49.874
9,604836.154,4669925.782,49.868
9,604839.064,4669924.72,49.833
9,604835.212,4669923.056,49.8
9,604837.954,4669922.04,49.731
10,604822.416,4669924.087,50.014
10,604825.392,4669922.999,49.901
10,604821.311,4669921.266,49.915
10,604824.231,4669920.382,49.87
11,604828.2,4669921.901,49.855
11,604831.09,4669921.063,49.754
11,604826.92,4669919.341,49.74
11,604829.836,4669918.36,49.729
12,604833.847,4669920.238,49.631
12,604836.893,4669919.309,49.626
12,604832.705,4669917.552,49.631
12,604835.583,4669916.402,49.625
13,604820.078,4669918.358,49.999
13,604823.056,4669917.5,49.937
13,604819.018,4669915.585,49.897
13,604821.766,4669914.62,49.853
14,604825.985,4669916.605,49.896
14,604828.734,4669915.541,49.804
14,604824.662,4669913.583,49.834
14,604827.573,4669912.575,49.754
15,604831.644,4669914.459,49.743
15,604834.503,4669913.652,49.695
15,604830.402,4669911.592,49.685
15,604833.271,4669910.745,49.599
