"plot","treatment","timepoint","replicate","sir_ug_co2c_hr_g","method"
1,"slurry",2,"A",5.85667359415277,"IRGA"
1,"slurry",2,"B",3.91265610950339,"IRGA"
2,"control",2,"A",5.8009107979838,"IRGA"
2,"control",2,"B",5.72085230005111,"IRGA"
3,"compost",2,"A",4.09741511239168,"IRGA"
3,"compost",2,"B",5.22798033569134,"IRGA"
4,"compost",2,"A",4.83576747781191,"IRGA"
4,"compost",2,"B",5.20973014401214,"IRGA"
5,"control",2,"A",5.24153714656611,"IRGA"
5,"control",2,"B",4.13028647960204,"IRGA"
6,"slurry",2,"A",4.89321950907677,"IRGA"
6,"slurry",2,"B",5.64778543808057,"IRGA"
7,"control",2,"A",5.65831597365223,"IRGA"
7,"control",2,"B",5.44315929530623,"IRGA"
8,"compost",2,"A",5.27025415195733,"IRGA"
8,"compost",2,"B",4.76841991217953,"IRGA"
9,"compost",2,"A",5.17698363096101,"IRGA"
9,"compost",2,"B",5.53721458856176,"IRGA"
10,"control",2,"A",5.07164664952766,"IRGA"
10,"control",2,"B",6.37956344374248,"IRGA"
11,"slurry",2,"A",7.4295314053615,"IRGA"
11,"slurry",2,"B",6.00431578974496,"IRGA"
12,"slurry",2,"A",5.98245675050949,"IRGA"
12,"slurry",2,"B",6.50429419427375,"IRGA"
13,"slurry",2,"A",6.25770136604984,"IRGA"
13,"slurry",2,"B",6.70593523971977,"IRGA"
14,"compost",2,"A",5.81427695177168,"IRGA"
14,"compost",2,"B",6.03556537779394,"IRGA"
15,"control",2,"A",6.14162381044973,"IRGA"
15,"control",2,"B",5.53166610824697,"IRGA"
1,"slurry",3,"A",4.57071580509549,"IRGA"
1,"slurry",3,"B",3.80778756702125,"IRGA"
2,"control",3,"A",3.76668122497715,"IRGA"
2,"control",3,"B",3.61885006994029,"IRGA"
3,"compost",3,"A",4.11346758686737,"IRGA"
3,"compost",3,"B",4.10451351329162,"IRGA"
4,"compost",3,"A",3.05046886804966,"IRGA"
4,"compost",3,"B",4.56086764494818,"IRGA"
5,"control",3,"A",4.8749583304584,"IRGA"
5,"control",3,"B",4.53693111547513,"IRGA"
6,"slurry",3,"A",3.5645403879328,"IRGA"
6,"slurry",3,"B",3.76785930486964,"IRGA"
7,"control",3,"A",2.79825162233527,"IRGA"
7,"control",3,"B",3.23433857628196,"IRGA"
8,"compost",3,"A",3.65940052918296,"IRGA"
8,"compost",3,"B",3.91686040485569,"IRGA"
9,"compost",3,"A",4.07824032088211,"IRGA"
9,"compost",3,"B",3.60800932148736,"IRGA"
10,"control",3,"A",4.68974304911135,"IRGA"
10,"control",3,"B",4.10952687401081,"IRGA"
11,"slurry",3,"A",4.04136645178793,"IRGA"
11,"slurry",3,"B",5.28577499169887,"IRGA"
12,"slurry",3,"A",4.61439494513009,"IRGA"
12,"slurry",3,"B",4.13710493486173,"IRGA"
13,"slurry",3,"A",3.8626213270057,"IRGA"
13,"slurry",3,"B",4.04799701677096,"IRGA"
14,"compost",3,"A",4.49596307027498,"IRGA"
14,"compost",3,"B",4.62029487486432,"IRGA"
15,"control",3,"A",3.99944797655857,"IRGA"
15,"control",3,"B",3.08562239760821,"IRGA"
2,"control",1,"A",5.20650790867961,"LGR"
3,"compost",1,"B",4.32474805763353,"LGR"
4,"compost",1,"A",6.25132393529585,"LGR"
4,"compost",1,"B",6.43347035876625,"LGR"
5,"control",1,"A",4.10009105840182,"LGR"
5,"control",1,"B",5.33804678131843,"LGR"
6,"slurry",1,"A",5.07071589097711,"LGR"
6,"slurry",1,"B",4.67194431643056,"LGR"
7,"control",1,"A",5.6125081881039,"LGR"
7,"control",1,"B",6.63337199109248,"LGR"
8,"compost",1,"A",4.7724454125362,"LGR"
8,"compost",1,"B",5.38848999685862,"LGR"
9,"compost",1,"A",4.14217128077074,"LGR"
9,"compost",1,"B",5.92390546015062,"LGR"
10,"control",1,"A",4.07733304804775,"LGR"
10,"control",1,"B",4.84395396380907,"LGR"
11,"slurry",1,"A",7.12382527850687,"LGR"
11,"slurry",1,"B",5.84170366523547,"LGR"
12,"slurry",1,"A",6.38162137598708,"LGR"
12,"slurry",1,"B",7.98511363583859,"LGR"
13,"slurry",1,"A",6.73132239991122,"LGR"
13,"slurry",1,"B",6.02981253867653,"LGR"
14,"compost",1,"A",6.0580337070912,"LGR"
14,"compost",1,"B",6.58633437290266,"LGR"
15,"control",1,"A",3.72192020424007,"LGR"
15,"control",1,"B",6.55382612328833,"LGR"
