"plot","timepoint","sampling_date","treatment","gwc","ph","sir_ug_co2c_hr_g","sir_method","cumulative_ug_co2c_g","cmin_rate_ug_co2c_g_d","cmin_method","initial_nh4_ug_g","initial_no3_ug_g","initial_tin_ug_g","incubated_nh4_ug_g","incubated_no3_ug_g","incubated_tin_ug_g","incubation_days","net_min_rate_ug_g_d","net_nitr_rate_ug_g_d"
1,1,"2025-05-29","slurry",0.2296795623,6.23,NA,NA,666.664660100063,23.8094521464308,"LGR",7.95579172955186,4.4737700988823,12.4295618284342,1.16438805164233,25.9237104451299,27.0880984967722,29,0.505466781666829,0.739653115387848
2,1,"2025-05-29","control",0.2013641791,6.285,5.20650790867961,"LGR",545.11778854418,19.4684924480065,"LGR",7.96861605404946,2.83446020133899,10.8030762553885,1.22080414503194,27.0156814174923,28.2364855625242,29,0.601152045073648,0.833835214350114
3,1,"2025-05-29","compost",0.2017555975,6.455,4.32474805763353,"LGR",445.199177431338,15.8999706225478,"LGR",4.82869991714925,1.19492092421486,6.02362084136412,1.07046414361,12.8660566826237,13.9365208262337,29,0.272858620167916,0.402452957186511
4,1,"2025-05-29","compost",0.2198236874,6.075,6.34239714703105,"LGR",646.451715820285,23.0875612792959,"LGR",9.93002904487508,3.50700894151423,13.4370379863893,1.35047296508291,46.2722120701104,47.6226850351933,29,1.178815415476,1.47466217684815
5,1,"2025-05-29","control",0.2042227255,6.165,4.71906891986012,"LGR",456.798488763491,16.3142317415533,"LGR",6.77140985720598,2.6375765149615,9.40898637216748,1.16030310915992,34.7308802115967,35.8911833207566,29,0.913179205123763,1.10666564471156
6,1,"2025-05-29","slurry",0.2140561075,6.245,4.87133010370384,"LGR",507.018458505701,18.1078020894893,"LGR",5.73062114397113,1.82412935162339,7.55475049559452,1.15020710573002,16.5764192800998,17.7266263858298,29,0.350754341042595,0.508699652706081
7,1,"2025-05-29","control",0.2140755272,6.085,6.12294008959819,"LGR",643.165639889207,22.9702014246145,"LGR",8.60156517946515,0.175661489916173,8.77722666938132,1.26141265052707,31.3066180754418,32.5680307259688,29,0.820372553675431,1.07348126156985
8,1,"2025-05-29","compost",0.2095281031,6.225,5.08046770469741,"LGR",458.827774353823,16.3867062269223,"LGR",5.70114734368213,2.01266551367416,7.71381285735629,1.16499027136788,28.1341433464365,29.2991336178044,29,0.744321405532693,0.90074061492284
9,1,"2025-05-29","compost",0.1965127636,6.45,5.03303837046068,"LGR",594.87014154134,21.245362197905,"LGR",3.39864517037685,3.1342289791465,6.53287414952334,1.41296322839346,19.2935653899343,20.7065286183278,29,0.488746705820844,0.557218496923719
10,1,"2025-05-29","control",0.2017644584,6.455,4.46064350592841,"LGR",449.155513950774,16.0412683553848,"LGR",4.8862482654903,3.42703610135639,8.31328436684669,2.32731726532242,23.7539296739503,26.0812469392728,29,0.612688364566416,0.700927364572205
11,1,"2025-05-29","slurry",0.2285641211,6.535,6.48276447187117,"LGR",612.592108831872,21.8782896011383,"LGR",8.47219554111945,1.34961192349576,9.82180746461521,3.15298568807279,23.314223431134,26.4672091192068,29,0.573979367399709,0.757400396815111
12,1,"2025-05-29","slurry",0.2139747592,6.47,7.18336750591283,"LGR",506.368710925236,18.0845968187584,"LGR",2.95482962814611,3.98986477615629,6.94469440430241,2.36853205480321,11.4533654336768,13.82189748848,29,0.237144933937158,0.257362091638638
13,1,"2025-05-29","slurry",0.2213222343,6.205,6.38056746929387,"LGR",681.262177185723,24.3307920423472,"LGR",6.36679478832417,0.372539263783163,6.73933405210734,2.57891159945494,9.60440579473283,12.1833173941878,29,0.187723563520015,0.318340225205161
14,1,"2025-05-29","compost",0.2095894903,6.46,6.32218403999693,"LGR",419.791425385038,14.9925509066085,"LGR",4.14529783619915,4.21715943530376,8.36245727150292,2.86087818318284,22.1050252235748,24.9659034067576,29,0.572532625353611,0.616822958216243
15,1,"2025-05-29","control",0.2054619016,6.63,5.1378731637642,"LGR",461.605443808683,16.485908707453,"LGR",3.07463949815245,4.38540088714609,7.46004038529854,2.68571790607839,20.6344814864861,23.3201993925645,29,0.546902034733308,0.560313124115172
1,2,"2025-07-21","slurry",0.11917874395,6.2,4.88466485182808,"IRGA",682.92106571148,23.5490022659131,"IRGA",8.04112280138559,7.35776343745578,15.3988862388414,0.706728531172569,36.3552773027654,37.062005833938,30,0.722103986503221,0.966583795510321
2,2,"2025-07-21","control",0.1081703957,6.29,5.76088154901745,"IRGA",583.078393100773,20.1061514862336,"IRGA",7.8915586557171,6.00052775205771,13.8920864077748,1.3909594403849,25.7282783325082,27.1192377728931,30,0.440905045503942,0.657591686015015
3,2,"2025-07-21","compost",0.13684027015,6.27,4.66269772404151,"IRGA",513.153572917864,17.6949507902712,"IRGA",5.8595102303938,6.36318171935672,12.2226919497505,1.68727941900849,7.92755648857498,9.61483590758346,30,-0.0869285347389017,0.0521458256406087
4,2,"2025-07-21","compost",0.11864871455,5.92,5.02274881091203,"IRGA",428.336099437566,16.4744653629833,"IRGA",8.28209175828458,4.92231304659284,13.2044048048774,0.600611055195471,41.8492567457026,42.449867800898,27,1.08316529614891,1.36766458144851
5,2,"2025-07-21","control",0.11562429235,6.1,4.68591181308407,"IRGA",615.219817652696,21.2144764707826,"IRGA",5.3276181252916,8.86550762526107,14.1931257505527,0.571033443073467,29.5372087019755,30.108242145049,30,0.530503879816545,0.689056702557149
6,2,"2025-07-21","slurry",0.1229241821,6.34,5.27050247357867,"IRGA",507.158325165607,18.4495607106116,"IRGA",6.42707426757798,6.5717270087258,12.9988012763038,0.0883366480276146,23.0076803604303,23.0960170084579,28.5,0.354288271303655,0.576700117603667
7,2,"2025-07-21","control",0.11403162055,6.03,5.55073763447923,"IRGA",567.305255131841,19.56225017696,"IRGA",6.95410250754839,7.84158777855652,14.7956902861049,0.553807889931643,38.4647003540436,39.0185082439752,30,0.807427265262343,1.0207704191829
8,2,"2025-07-21","compost",0.11772635815,6.22,5.01933703206843,"IRGA",635.087259292067,21.8995606652437,"IRGA",8.36993093066193,7.80319280986494,16.1731237405269,4.3446024012004,31.4298198056476,35.774422206848,30,0.653376615544037,0.787554233192755
9,2,"2025-07-21","compost",0.10664335665,6.305,5.35709910976139,"IRGA",596.217916174781,20.5592384887856,"IRGA",5.35747962169368,6.44711121654639,11.8045908382401,1.48523472704177,17.6162426973691,19.1014774244108,30,0.243229552872358,0.372304382694089
10,2,"2025-07-21","control",0.12296435165,6.37,5.72560504663507,"IRGA",1008.27967049958,34.7682644999856,"IRGA",6.92883376557146,12.216343292081,19.1451770576524,1.06847328522868,28.6563859827866,29.7248592680153,30,0.352656073678761,0.54800142302352
11,2,"2025-07-21","slurry",0.124776581,6.42,6.71692359755323,"IRGA",694.255474448211,25.1688919020787,"IRGA",6.52728179455927,7.2648056785066,13.7920874730659,0.174249406851339,39.4924648980387,39.66671430489,28.5,0.9078816432219,1.13079506033446
12,2,"2025-07-21","slurry",0.1376327839,6.4,6.24337547239162,"IRGA",762.200432855068,27.5691545737962,"IRGA",4.99453461937043,7.08533336464906,12.0798679840195,1.112743466068,19.9821377238557,21.0948811899237,28.5,0.316316252838745,0.452519451200234
13,2,"2025-07-21","slurry",0.1285163319,6.25,6.4818183028848,"IRGA",979.154969135735,33.7639644529564,"IRGA",6.14319903609645,7.3810353217883,13.5242343578847,3.55277215623696,21.4548592158772,25.0076313721142,30,0.382779900474313,0.469127463136296
14,2,"2025-07-21","compost",0.1157309152,6.44,5.92492116478281,"IRGA",569.636717790396,19.6426454410481,"IRGA",7.33811006831676,6.79242029486765,14.1305303631844,4.19211662737476,25.5637079967734,29.7558246241481,30,0.520843142032124,0.625709590063524
15,2,"2025-07-21","control",0.12531407035,6.515,5.83664495934835,"IRGA",722.790371446363,24.9238059119436,"IRGA",17.8204271412974,13.0140368840873,30.8344640253846,1.88806650645056,35.6617204296481,37.5497869360987,30,0.223844097023801,0.754922784852029
1,3,"2025-10-14","slurry",0.2524796579,6.435,4.18925168605837,"IRGA",212.739661747774,7.87924673139903,"IRGA",-1.45895759921627,9.52936974375082,8.07041214453454,10.627924756716,20.5898375437074,31.2177623004234,28,0.826691076996031,0.395016707141307
2,3,"2025-10-14","control",0.25086222045,6.2,3.69276564745872,"IRGA",218.442805483825,8.09047427717869,"IRGA",-0.255072078038457,20.6839944747917,20.4289223967533,2.32033330892646,32.5428166665171,34.8631499754436,28,0.515508127810369,0.423529363990193
3,3,"2025-10-14","compost",0.26945742355,6.285,4.1089905500795,"IRGA",253.378447764,9.38438695422219,"IRGA",-1.73525981296684,7.98925017567601,6.25399036270918,3.04740349891759,19.678774420055,22.7261779189726,28,0.588292412723695,0.417483008727822
4,3,"2025-10-14","compost",0.25520975375,6.145,3.80566825649892,"IRGA",247.96403560507,9.18385317055813,"IRGA",0.140180943854387,16.3585752310891,16.4987561749435,2.92403989581511,24.9759014702186,27.8999413660337,28,0.407185185396078,0.307761651397481
5,3,"2025-10-14","control",0.2601168557,6.155,4.70594472296676,"IRGA",347.024051907311,12.8527426632337,"IRGA",3.43799169178883,10.7309907854518,14.1689824772407,1.84838983658633,19.3292396457694,21.1776294823558,28,0.250308821611253,0.307080316439914
6,3,"2025-10-14","slurry",0.2436454172,6.465,3.66619984640122,"IRGA",301.249598192047,11.1573925256314,"IRGA",3.61682448775835,5.81736819977132,9.43419268752967,1.47078780582837,19.2165142943046,20.687302100133,28,0.401896764735833,0.478540931947618
7,3,"2025-10-14","control",0.25504321465,5.855,3.01629509930862,"IRGA",304.125702490418,11.2639149070525,"IRGA",2.28338274477329,11.9050659455641,14.1884486903374,3.20462033680314,48.7718078670286,51.9764282038318,28,1.34957069691051,1.31666935433802
8,3,"2025-10-14","compost",0.2643188188,6.19,3.78813046701933,"IRGA",282.725181510583,10.4713030189105,"IRGA",5.15490176989698,10.0672371163249,15.2221388862219,0.966488410433224,18.6890727667209,19.6555611771541,28,0.158336510390436,0.307922701799856
9,3,"2025-10-14","compost",0.2423828783,6.235,3.84312482118473,"IRGA",295.847548507596,10.9573166113925,"IRGA",0.553707860267247,11.2086195567899,11.7623274170572,0.728085244525303,20.4355194028295,21.1636046473548,28,0.335759901082057,0.329532137358556
10,3,"2025-10-14","control",0.2435710111,6.26,4.39963496156108,"IRGA",278.68372399183,10.3216194071048,"IRGA",2.31021717483408,22.021218633528,24.3314358083621,0.702566643944916,31.7430489383663,32.4456155823112,28,0.289792134783897,0.347208225172796
11,3,"2025-10-14","slurry",0.2523384354,6.56,4.6635707217434,"IRGA",152.439588345205,5.64591067945202,"IRGA",1.16744455188097,4.68939531364871,5.85683986552968,0.656850120532971,16.7786833156793,17.4355334362123,28,0.41352477038152,0.431760285786806
12,3,"2025-10-14","slurry",0.25527078985,6.7,4.37574993999591,"IRGA",216.343201735496,8.01271117538873,"IRGA",-0.72564571541245,6.67446711234339,5.94882139693094,0.56952484075587,12.2636058546202,12.8331306953761,28,0.245868189230184,0.199612097938458
13,3,"2025-10-14","slurry",0.25265653325,6.485,3.95530917188833,"IRGA",350.924430768129,12.9972011395603,"IRGA",0.938610001897819,8.94805534137864,9.88666534327646,0.277454608708579,21.829469186294,22.1069237950026,28,0.436437801847362,0.460050494461264
14,3,"2025-10-14","compost",0.24990129045,6.555,4.55812897256965,"IRGA",331.191489265015,12.2663514542598,"IRGA",-1.38841881215075,9.29046339738266,7.90204458523191,0.349359673312683,25.6425130115301,25.9918726848428,28,0.646065289271817,0.584001771933838
15,3,"2025-10-14","control",0.1780140759,6.57,3.54253518708339,"IRGA",289.202372455034,10.7111989798161,"IRGA",0.545461296693607,8.72389670684444,9.26935800353804,0.543404688928589,15.9533552424642,16.4967599313928,28,0.258121497423384,0.258194947700706
