"plot","treatment","timepoint","lab_no","replicate","method","incubation_start","date","day","cmin_rate_ug_co2c_hr_g","flag"
1,"slurry",1,"2","B","LGR","2025-06-03","2025-06-03",0,1.70593698605175,NA
1,"slurry",1,"4","B","LGR","2025-06-03","2025-06-03",0,1.87606315470153,NA
2,"control",1,"6","B","LGR","2025-06-03","2025-06-03",0,1.15175494259291,NA
2,"control",1,"8","B","LGR","2025-06-03","2025-06-03",0,1.47082699575827,NA
3,"compost",1,"10","B","LGR","2025-06-03","2025-06-03",0,1.38806584169446,NA
3,"compost",1,"12","B","LGR","2025-06-03","2025-06-03",0,1.13393256324034,NA
4,"compost",1,"14","B","LGR","2025-06-03","2025-06-03",0,2.05848773061192,NA
4,"compost",1,"16","B","LGR","2025-06-03","2025-06-03",0,1.26214684514097,NA
5,"control",1,"18","B","LGR","2025-06-03","2025-06-03",0,1.35853673428682,NA
5,"control",1,"20","B","LGR","2025-06-03","2025-06-03",0,1.2774522231653,NA
6,"slurry",1,"22","B","LGR","2025-06-03","2025-06-03",0,1.13629918726321,NA
6,"slurry",1,"24","B","LGR","2025-06-03","2025-06-03",0,1.17959318624423,NA
7,"control",1,"26","B","LGR","2025-06-03","2025-06-03",0,2.26847826987848,NA
7,"control",1,"28","B","LGR","2025-06-03","2025-06-03",0,2.12073450556523,NA
8,"compost",1,"30","B","LGR","2025-06-03","2025-06-03",0,1.13158325783083,NA
8,"compost",1,"32","B","LGR","2025-06-03","2025-06-03",0,0.838050542697619,NA
9,"compost",1,"34","B","LGR","2025-06-03","2025-06-03",0,1.2041402083564,NA
9,"compost",1,"36","B","LGR","2025-06-03","2025-06-03",0,1.21378148925282,NA
10,"control",1,"38","B","LGR","2025-06-03","2025-06-03",0,1.00887019919716,NA
10,"control",1,"40","B","LGR","2025-06-03","2025-06-03",0,1.02610284941653,NA
11,"slurry",1,"42","B","LGR","2025-06-03","2025-06-03",0,1.7706096553394,NA
11,"slurry",1,"44","B","LGR","2025-06-03","2025-06-03",0,1.58332730386229,NA
12,"slurry",1,"46","B","LGR","2025-06-03","2025-06-03",0,1.07142685534912,NA
12,"slurry",1,"48","B","LGR","2025-06-03","2025-06-03",0,0.750610343116646,NA
13,"slurry",1,"50","B","LGR","2025-06-03","2025-06-03",0,2.09247789098718,NA
13,"slurry",1,"52","B","LGR","2025-06-03","2025-06-03",0,1.83616428532666,NA
14,"compost",1,"54","B","LGR","2025-06-03","2025-06-03",0,1.13194555954034,NA
14,"compost",1,"56","B","LGR","2025-06-03","2025-06-03",0,1.20290866091166,NA
15,"control",1,"58","B","LGR","2025-06-03","2025-06-03",0,1.1326276516927,NA
15,"control",1,"60","B","LGR","2025-06-03","2025-06-03",0,0.829754128833613,NA
1,"slurry",1,"2","B","LGR","2025-06-03","2025-06-10",7,0.981190809568712,NA
1,"slurry",1,"4","B","LGR","2025-06-03","2025-06-10",7,1.17758387601346,NA
2,"control",1,"6","B","LGR","2025-06-03","2025-06-10",7,0.854138520877433,NA
2,"control",1,"8","B","LGR","2025-06-03","2025-06-10",7,0.7649565109586,NA
3,"compost",1,"10","B","LGR","2025-06-03","2025-06-10",7,0.805389373711308,NA
3,"compost",1,"12","B","LGR","2025-06-03","2025-06-10",7,0.507254869447621,NA
4,"compost",1,"14","B","LGR","2025-06-03","2025-06-10",7,1.10542812363719,NA
4,"compost",1,"16","B","LGR","2025-06-03","2025-06-10",7,0.629224612119684,NA
5,"control",1,"18","B","LGR","2025-06-03","2025-06-10",7,0.718718234755148,NA
5,"control",1,"20","B","LGR","2025-06-03","2025-06-10",7,0.403750085293689,NA
6,"slurry",1,"22","B","LGR","2025-06-03","2025-06-10",7,0.883584346779917,NA
6,"slurry",1,"24","B","LGR","2025-06-03","2025-06-10",7,0.845842492308374,NA
7,"control",1,"26","B","LGR","2025-06-03","2025-06-10",7,0.975111584891788,NA
7,"control",1,"28","B","LGR","2025-06-03","2025-06-10",7,0.87362499070437,NA
8,"compost",1,"30","B","LGR","2025-06-03","2025-06-10",7,0.707523730870222,NA
8,"compost",1,"32","B","LGR","2025-06-03","2025-06-10",7,0.723717683627318,NA
9,"compost",1,"34","B","LGR","2025-06-03","2025-06-10",7,0.929660357226151,NA
9,"compost",1,"36","B","LGR","2025-06-03","2025-06-10",7,1.00000884784069,NA
10,"control",1,"38","B","LGR","2025-06-03","2025-06-10",7,0.702239539662194,NA
10,"control",1,"40","B","LGR","2025-06-03","2025-06-10",7,0.761984950610848,NA
11,"slurry",1,"42","B","LGR","2025-06-03","2025-06-10",7,0.936525372228547,NA
11,"slurry",1,"44","B","LGR","2025-06-03","2025-06-10",7,1.01666853530845,NA
12,"slurry",1,"46","B","LGR","2025-06-03","2025-06-10",7,0.904839651914596,NA
12,"slurry",1,"48","B","LGR","2025-06-03","2025-06-10",7,0.769584936044201,NA
13,"slurry",1,"50","B","LGR","2025-06-03","2025-06-10",7,1.14543024703648,NA
13,"slurry",1,"52","B","LGR","2025-06-03","2025-06-10",7,1.07093778814819,NA
14,"compost",1,"54","B","LGR","2025-06-03","2025-06-10",7,0.734521230985377,NA
14,"compost",1,"56","B","LGR","2025-06-03","2025-06-10",7,0.685501506355528,NA
15,"control",1,"58","B","LGR","2025-06-03","2025-06-10",7,0.731687081808309,NA
15,"control",1,"60","B","LGR","2025-06-03","2025-06-10",7,0.814937688757378,NA
1,"slurry",1,"2","B","LGR","2025-06-03","2025-06-17",14,1.15271993686969,NA
1,"slurry",1,"4","B","LGR","2025-06-03","2025-06-17",14,1.05228149801432,NA
2,"control",1,"6","B","LGR","2025-06-03","2025-06-17",14,0.903089335887436,NA
2,"control",1,"8","B","LGR","2025-06-03","2025-06-17",14,0.767453362943066,NA
3,"compost",1,"10","B","LGR","2025-06-03","2025-06-17",14,0.731606083811771,NA
3,"compost",1,"12","B","LGR","2025-06-03","2025-06-17",14,0.6969075153449,NA
4,"compost",1,"14","B","LGR","2025-06-03","2025-06-17",14,1.01145582296866,NA
4,"compost",1,"16","B","LGR","2025-06-03","2025-06-17",14,1.28165522706338,NA
5,"control",1,"18","B","LGR","2025-06-03","2025-06-17",14,0.75686348605173,NA
5,"control",1,"20","B","LGR","2025-06-03","2025-06-17",14,0.719055505982027,NA
6,"slurry",1,"22","B","LGR","2025-06-03","2025-06-17",14,0.677071583611025,NA
6,"slurry",1,"24","B","LGR","2025-06-03","2025-06-17",14,0.856976920573454,NA
7,"control",1,"26","B","LGR","2025-06-03","2025-06-17",14,0.936748606101542,NA
7,"control",1,"28","B","LGR","2025-06-03","2025-06-17",14,0.856086171372604,NA
8,"compost",1,"30","B","LGR","2025-06-03","2025-06-17",14,0.730020256878992,NA
8,"compost",1,"32","B","LGR","2025-06-03","2025-06-17",14,0.759097758790713,NA
9,"compost",1,"34","B","LGR","2025-06-03","2025-06-17",14,0.814424550083399,NA
9,"compost",1,"36","B","LGR","2025-06-03","2025-06-17",14,1.20129582852804,NA
10,"control",1,"38","B","LGR","2025-06-03","2025-06-17",14,0.673292648488813,NA
10,"control",1,"40","B","LGR","2025-06-03","2025-06-17",14,0.815215228967713,NA
11,"slurry",1,"42","B","LGR","2025-06-03","2025-06-17",14,0.846811082650253,NA
11,"slurry",1,"44","B","LGR","2025-06-03","2025-06-17",14,0.93356766637464,NA
12,"slurry",1,"46","B","LGR","2025-06-03","2025-06-17",14,0.879645031647616,NA
12,"slurry",1,"48","B","LGR","2025-06-03","2025-06-17",14,0.851305021541653,NA
13,"slurry",1,"50","B","LGR","2025-06-03","2025-06-17",14,1.10418221856715,NA
13,"slurry",1,"52","B","LGR","2025-06-03","2025-06-17",14,1.03547543606638,NA
14,"compost",1,"54","B","LGR","2025-06-03","2025-06-17",14,0.634509511987281,NA
14,"compost",1,"56","B","LGR","2025-06-03","2025-06-17",14,0.681409673256267,NA
15,"control",1,"58","B","LGR","2025-06-03","2025-06-17",14,0.806794889129316,NA
15,"control",1,"60","B","LGR","2025-06-03","2025-06-17",14,0.770104650850329,NA
1,"slurry",1,"2","B","LGR","2025-06-03","2025-06-23",20,0.543086373529273,NA
1,"slurry",1,"4","B","LGR","2025-06-03","2025-06-23",20,0.734833166300016,NA
2,"control",1,"6","B","LGR","2025-06-03","2025-06-23",20,0.737562297035994,NA
2,"control",1,"8","B","LGR","2025-06-03","2025-06-23",20,0.639340484651112,NA
3,"compost",1,"10","B","LGR","2025-06-03","2025-06-23",20,0.367270423922081,NA
3,"compost",1,"12","B","LGR","2025-06-03","2025-06-23",20,0.491553339769716,NA
4,"compost",1,"14","B","LGR","2025-06-03","2025-06-23",20,0.725318743208097,NA
4,"compost",1,"16","B","LGR","2025-06-03","2025-06-23",20,0.732562003057126,NA
5,"control",1,"18","B","LGR","2025-06-03","2025-06-23",20,0.540764061965369,NA
5,"control",1,"20","B","LGR","2025-06-03","2025-06-23",20,0.587448363526857,NA
6,"slurry",1,"22","B","LGR","2025-06-03","2025-06-23",20,0.562063684211451,NA
6,"slurry",1,"24","B","LGR","2025-06-03","2025-06-23",20,0.647628377675045,NA
7,"control",1,"26","B","LGR","2025-06-03","2025-06-23",20,0.656540180787654,NA
7,"control",1,"28","B","LGR","2025-06-03","2025-06-23",20,0.70649794291408,NA
8,"compost",1,"30","B","LGR","2025-06-03","2025-06-23",20,0.601741092376546,NA
8,"compost",1,"32","B","LGR","2025-06-03","2025-06-23",20,0.554612082866846,NA
9,"compost",1,"34","B","LGR","2025-06-03","2025-06-23",20,0.677127485376733,NA
9,"compost",1,"36","B","LGR","2025-06-03","2025-06-23",20,0.728384698268347,NA
10,"control",1,"38","B","LGR","2025-06-03","2025-06-23",20,0.333676799873577,NA
10,"control",1,"40","B","LGR","2025-06-03","2025-06-23",20,0.600433684157717,NA
11,"slurry",1,"42","B","LGR","2025-06-03","2025-06-23",20,0.709650585951606,NA
11,"slurry",1,"44","B","LGR","2025-06-03","2025-06-23",20,0.637443955538344,NA
12,"slurry",1,"46","B","LGR","2025-06-03","2025-06-23",20,0.670193858339032,NA
12,"slurry",1,"48","B","LGR","2025-06-03","2025-06-23",20,0.576989081573006,NA
13,"slurry",1,"50","B","LGR","2025-06-03","2025-06-23",20,0.787631771027753,NA
13,"slurry",1,"52","B","LGR","2025-06-03","2025-06-23",20,0.587505201789042,NA
14,"compost",1,"54","B","LGR","2025-06-03","2025-06-23",20,0.456038182056753,NA
14,"compost",1,"56","B","LGR","2025-06-03","2025-06-23",20,0.27900597432272,NA
15,"control",1,"58","B","LGR","2025-06-03","2025-06-23",20,0.640879566935336,NA
15,"control",1,"60","B","LGR","2025-06-03","2025-06-23",20,0.319173955739265,NA
1,"slurry",1,"2","B","LGR","2025-06-03","2025-07-01",28,0.575460545634316,NA
1,"slurry",1,"4","B","LGR","2025-06-03","2025-07-01",28,0.581794190467977,NA
2,"control",1,"6","B","LGR","2025-06-03","2025-07-01",28,0.607268984730553,NA
2,"control",1,"8","B","LGR","2025-06-03","2025-07-01",28,0.496964354617518,NA
3,"compost",1,"10","B","LGR","2025-06-03","2025-07-01",28,0.471765835465903,NA
3,"compost",1,"12","B","LGR","2025-06-03","2025-07-01",28,0.475064812750652,NA
4,"compost",1,"14","B","LGR","2025-06-03","2025-07-01",28,0.632803045935939,NA
4,"compost",1,"16","B","LGR","2025-06-03","2025-07-01",28,0.616146730028819,NA
5,"control",1,"18","B","LGR","2025-06-03","2025-07-01",28,0.367456313085721,NA
5,"control",1,"20","B","LGR","2025-06-03","2025-07-01",28,0.505628864964682,NA
6,"slurry",1,"22","B","LGR","2025-06-03","2025-07-01",28,0.439990009949036,NA
6,"slurry",1,"24","B","LGR","2025-06-03","2025-07-01",28,0.460201819428399,NA
7,"control",1,"26","B","LGR","2025-06-03","2025-07-01",28,0.533800004412268,NA
7,"control",1,"28","B","LGR","2025-06-03","2025-07-01",28,0.490960744266155,NA
8,"compost",1,"30","B","LGR","2025-06-03","2025-07-01",28,0.436752399037389,NA
8,"compost",1,"32","B","LGR","2025-06-03","2025-07-01",28,0.450622683694953,NA
9,"compost",1,"34","B","LGR","2025-06-03","2025-07-01",28,0.508133437071265,NA
9,"compost",1,"36","B","LGR","2025-06-03","2025-07-01",28,0.657199980809123,NA
10,"control",1,"38","B","LGR","2025-06-03","2025-07-01",28,0.454710036232082,NA
10,"control",1,"40","B","LGR","2025-06-03","2025-07-01",28,0.50618358097262,NA
11,"slurry",1,"42","B","LGR","2025-06-03","2025-07-01",28,0.51118805488942,NA
11,"slurry",1,"44","B","LGR","2025-06-03","2025-07-01",28,0.647832453510486,NA
12,"slurry",1,"46","B","LGR","2025-06-03","2025-07-01",28,0.562467820071369,NA
12,"slurry",1,"48","B","LGR","2025-06-03","2025-07-01",28,0.466990765340304,NA
13,"slurry",1,"50","B","LGR","2025-06-03","2025-07-01",28,0.637688876121279,NA
13,"slurry",1,"52","B","LGR","2025-06-03","2025-07-01",28,0.355633791524633,NA
14,"compost",1,"54","B","LGR","2025-06-03","2025-07-01",28,0.451098478385308,NA
14,"compost",1,"56","B","LGR","2025-06-03","2025-07-01",28,0.341823034209384,NA
15,"control",1,"58","B","LGR","2025-06-03","2025-07-01",28,0.466211252348153,NA
15,"control",1,"60","B","LGR","2025-06-03","2025-07-01",28,0.484336003401449,NA
14,"compost",2,"62","B","IRGA","2025-08-04","2025-08-04",0,1.34452895008327,NA
15,"control",2,"64","B","IRGA","2025-08-04","2025-08-04",0,2.0588526116211,NA
13,"slurry",2,"66","A","IRGA","2025-08-04","2025-08-04",0,1.79184093267622,NA
11,"slurry",2,"68","A","IRGA","2025-08-04","2025-08-04",0,2.46351321932932,NA
15,"control",2,"70","B","IRGA","2025-08-04","2025-08-04",0,2.00432353128624,NA
12,"slurry",2,"72","B","IRGA","2025-08-04","2025-08-04",0,1.82748133760015,NA
10,"control",2,"74","B","IRGA","2025-08-04","2025-08-04",0,2.11298521859026,NA
5,"control",2,"76","B","IRGA","2025-08-04","2025-08-04",0,1.40795501229798,NA
8,"compost",2,"78","A","IRGA","2025-08-04","2025-08-04",0,1.51846391487626,NA
8,"compost",2,"80","A","IRGA","2025-08-04","2025-08-04",0,1.75758899094195,NA
5,"control",2,"82","A","IRGA","2025-08-04","2025-08-04",0,1.55309536660377,NA
2,"control",2,"84","B","IRGA","2025-08-04","2025-08-04",0,1.4696026066766,NA
5,"control",2,"86","B","IRGA","2025-08-04","2025-08-04",0,1.50631183141119,NA
1,"slurry",2,"88","A","IRGA","2025-08-04","2025-08-04",0,1.9960858300701,NA
2,"control",2,"90","A","IRGA","2025-08-04","2025-08-04",0,1.48739706027091,NA
14,"compost",2,"92","B","IRGA","2025-08-04","2025-08-04",0,1.40045878868657,NA
13,"slurry",2,"94","A","IRGA","2025-08-04","2025-08-04",0,2.0983190950848,NA
9,"compost",2,"96","B","IRGA","2025-08-04","2025-08-04",0,1.52290940664908,NA
14,"compost",2,"98","A","IRGA","2025-08-04","2025-08-04",0,1.26586399884647,NA
15,"control",2,"100","A","IRGA","2025-08-04","2025-08-04",0,2.17938248387975,NA
9,"compost",2,"102","A","IRGA","2025-08-04","2025-08-04",0,1.46947059476083,NA
7,"control",2,"104","A","IRGA","2025-08-04","2025-08-04",0,1.71884567547494,NA
7,"control",2,"106","B","IRGA","2025-08-04","2025-08-04",0,1.43039229415682,NA
10,"control",2,"108","A","IRGA","2025-08-04","2025-08-04",0,2.65282447502738,NA
6,"slurry",2,"110","A","IRGA","2025-08-04","2025-08-04",0,1.11518513986141,NA
9,"compost",2,"112","B","IRGA","2025-08-04","2025-08-04",0,1.07776771056036,NA
1,"slurry",2,"114","A","IRGA","2025-08-04","2025-08-04",0,1.76472635572416,NA
3,"compost",2,"116","B","IRGA","2025-08-04","2025-08-04",0,0.776112869910682,NA
1,"slurry",2,"118","B","IRGA","2025-08-04","2025-08-04",0,1.63839308603931,NA
3,"compost",2,"120","A","IRGA","2025-08-04","2025-08-04",0,1.43491282617759,NA
14,"compost",2,"62","B","IRGA","2025-08-04","2025-08-07",3,0.987780767416024,NA
15,"control",2,"64","B","IRGA","2025-08-04","2025-08-07",3,1.34439425274322,NA
13,"slurry",2,"66","A","IRGA","2025-08-04","2025-08-07",3,1.17404266030269,NA
11,"slurry",2,"68","A","IRGA","2025-08-04","2025-08-07",3,1.70707385498583,NA
15,"control",2,"70","B","IRGA","2025-08-04","2025-08-07",3,0.90528124252987,NA
12,"slurry",2,"72","B","IRGA","2025-08-04","2025-08-07",3,1.58327556844615,NA
10,"control",2,"74","B","IRGA","2025-08-04","2025-08-07",3,1.43993104030168,NA
5,"control",2,"76","B","IRGA","2025-08-04","2025-08-07",3,0.656430767777649,NA
8,"compost",2,"78","A","IRGA","2025-08-04","2025-08-07",3,1.08782893026499,NA
8,"compost",2,"80","A","IRGA","2025-08-04","2025-08-07",3,1.13725424567417,NA
5,"control",2,"82","A","IRGA","2025-08-04","2025-08-07",3,1.18652365895881,NA
2,"control",2,"84","B","IRGA","2025-08-04","2025-08-07",3,1.14599453055383,NA
5,"control",2,"86","B","IRGA","2025-08-04","2025-08-07",3,1.10766019582273,NA
1,"slurry",2,"88","A","IRGA","2025-08-04","2025-08-07",3,1.40431169473013,NA
2,"control",2,"90","A","IRGA","2025-08-04","2025-08-07",3,0.138698551343451,NA
14,"compost",2,"92","B","IRGA","2025-08-04","2025-08-07",3,0.893842031064109,NA
13,"slurry",2,"94","A","IRGA","2025-08-04","2025-08-07",3,1.18108606776819,NA
9,"compost",2,"96","B","IRGA","2025-08-04","2025-08-07",3,1.04436571990219,NA
14,"compost",2,"98","A","IRGA","2025-08-04","2025-08-07",3,0.956287402093641,NA
15,"control",2,"100","A","IRGA","2025-08-04","2025-08-07",3,1.44835658741584,NA
9,"compost",2,"102","A","IRGA","2025-08-04","2025-08-07",3,1.19002361473337,NA
7,"control",2,"104","A","IRGA","2025-08-04","2025-08-07",3,1.16586201218625,NA
7,"control",2,"106","B","IRGA","2025-08-04","2025-08-07",3,1.13619802468287,NA
10,"control",2,"108","A","IRGA","2025-08-04","2025-08-07",3,1.20660765736787,NA
6,"slurry",2,"110","A","IRGA","2025-08-04","2025-08-07",3,0.885177386862476,NA
9,"compost",2,"112","B","IRGA","2025-08-04","2025-08-07",3,1.12207878159151,NA
1,"slurry",2,"114","A","IRGA","2025-08-04","2025-08-07",3,1.26909745240051,NA
3,"compost",2,"116","B","IRGA","2025-08-04","2025-08-07",3,0.683449351363249,NA
1,"slurry",2,"118","B","IRGA","2025-08-04","2025-08-07",3,1.16891483219617,NA
3,"compost",2,"120","A","IRGA","2025-08-04","2025-08-07",3,1.09563561259384,NA
4,"compost",2,"x6","C","IRGA","2025-08-07","2025-08-07",3,1.14539243352794,NA
6,"slurry",2,"x7","C","IRGA","2025-08-07","2025-08-07",3,0.893063610306777,NA
11,"slurry",2,"x8","C","IRGA","2025-08-07","2025-08-07",3,1.32337536111182,NA
12,"slurry",2,"x9","C","IRGA","2025-08-07","2025-08-07",3,1.39897347773716,NA
14,"compost",2,"62","B","IRGA","2025-08-04","2025-08-10",6,0.68809639073389,NA
15,"control",2,"64","B","IRGA","2025-08-04","2025-08-10",6,1.01529258898216,NA
13,"slurry",2,"66","A","IRGA","2025-08-04","2025-08-10",6,1.63947818480405,NA
11,"slurry",2,"68","A","IRGA","2025-08-04","2025-08-10",6,1.53626290879767,NA
15,"control",2,"70","B","IRGA","2025-08-04","2025-08-10",6,1.0009112398279,NA
12,"slurry",2,"72","B","IRGA","2025-08-04","2025-08-10",6,1.24968079430841,NA
10,"control",2,"74","B","IRGA","2025-08-04","2025-08-10",6,1.18376421177716,NA
5,"control",2,"76","B","IRGA","2025-08-04","2025-08-10",6,0.788949432913316,NA
8,"compost",2,"78","A","IRGA","2025-08-04","2025-08-10",6,0.816711362475814,NA
8,"compost",2,"80","A","IRGA","2025-08-04","2025-08-10",6,0.977686522858447,NA
5,"control",2,"82","A","IRGA","2025-08-04","2025-08-10",6,0.937268652205431,NA
2,"control",2,"84","B","IRGA","2025-08-04","2025-08-10",6,0.969163589338315,NA
5,"control",2,"86","B","IRGA","2025-08-04","2025-08-10",6,0.917959186387053,NA
1,"slurry",2,"88","A","IRGA","2025-08-04","2025-08-10",6,1.13268781091439,NA
2,"control",2,"90","A","IRGA","2025-08-04","2025-08-10",6,0.888306201329484,NA
14,"compost",2,"92","B","IRGA","2025-08-04","2025-08-10",6,0.869262298243236,NA
13,"slurry",2,"94","A","IRGA","2025-08-04","2025-08-10",6,1.46805357571164,NA
9,"compost",2,"96","B","IRGA","2025-08-04","2025-08-10",6,0.883645120023139,NA
14,"compost",2,"98","A","IRGA","2025-08-04","2025-08-10",6,0.858344222079177,NA
15,"control",2,"100","A","IRGA","2025-08-04","2025-08-10",6,1.1918343277953,NA
9,"compost",2,"102","A","IRGA","2025-08-04","2025-08-10",6,1.00982124742374,NA
7,"control",2,"104","A","IRGA","2025-08-04","2025-08-10",6,0.772770294747882,NA
7,"control",2,"106","B","IRGA","2025-08-04","2025-08-10",6,0.976057608737852,NA
10,"control",2,"108","A","IRGA","2025-08-04","2025-08-10",6,1.44197667260664,NA
6,"slurry",2,"110","A","IRGA","2025-08-04","2025-08-10",6,0.725832714587625,NA
9,"compost",2,"112","B","IRGA","2025-08-04","2025-08-10",6,0.304781189078679,NA
1,"slurry",2,"114","A","IRGA","2025-08-04","2025-08-10",6,1.13340534888694,NA
3,"compost",2,"116","B","IRGA","2025-08-04","2025-08-10",6,0.569375426527075,NA
1,"slurry",2,"118","B","IRGA","2025-08-04","2025-08-10",6,0.837096158897105,NA
3,"compost",2,"120","A","IRGA","2025-08-04","2025-08-10",6,0.825150972458852,NA
4,"compost",2,"x6","C","IRGA","2025-08-07","2025-08-10",6,0.531317115292236,NA
6,"slurry",2,"x7","C","IRGA","2025-08-07","2025-08-10",6,0.862245204601735,NA
11,"slurry",2,"x8","C","IRGA","2025-08-07","2025-08-10",6,1.39890480855053,NA
12,"slurry",2,"x9","C","IRGA","2025-08-07","2025-08-10",6,1.23754686100053,NA
14,"compost",2,"62","B","IRGA","2025-08-04","2025-08-17",13,0.729160039501158,NA
15,"control",2,"64","B","IRGA","2025-08-04","2025-08-17",13,0.882186805272016,NA
11,"slurry",2,"68","A","IRGA","2025-08-04","2025-08-17",13,0.827214487365041,NA
13,"slurry",2,"66","A","IRGA","2025-08-04","2025-08-17",13,1.42806066128297,NA
15,"control",2,"70","B","IRGA","2025-08-04","2025-08-17",13,0.895332523179098,NA
12,"slurry",2,"72","B","IRGA","2025-08-04","2025-08-17",13,1.06691550528528,NA
10,"control",2,"74","B","IRGA","2025-08-04","2025-08-17",13,1.33966220068787,NA
5,"control",2,"76","B","IRGA","2025-08-04","2025-08-17",13,0.869393963898454,NA
8,"compost",2,"78","A","IRGA","2025-08-04","2025-08-17",13,0.890882092507727,NA
8,"compost",2,"80","A","IRGA","2025-08-04","2025-08-17",13,0.857766304115941,NA
5,"control",2,"82","A","IRGA","2025-08-04","2025-08-17",13,0.896619267407268,NA
2,"control",2,"84","B","IRGA","2025-08-04","2025-08-17",13,0.888799900635105,NA
5,"control",2,"86","B","IRGA","2025-08-04","2025-08-17",13,0.886778318905179,NA
1,"slurry",2,"88","A","IRGA","2025-08-04","2025-08-17",13,0.964930070536503,NA
2,"control",2,"90","A","IRGA","2025-08-04","2025-08-17",13,0.841795216674965,NA
14,"compost",2,"92","B","IRGA","2025-08-04","2025-08-17",13,0.855384741707252,NA
13,"slurry",2,"94","A","IRGA","2025-08-04","2025-08-17",13,1.12570813007593,NA
9,"compost",2,"96","B","IRGA","2025-08-04","2025-08-17",13,0.912591930072003,NA
14,"compost",2,"98","A","IRGA","2025-08-04","2025-08-17",13,0.991431103135287,NA
15,"control",2,"100","A","IRGA","2025-08-04","2025-08-17",13,1.03094327012895,NA
9,"compost",2,"102","A","IRGA","2025-08-04","2025-08-17",13,0.932743267520241,NA
7,"control",2,"104","A","IRGA","2025-08-04","2025-08-17",13,0.664079880613853,NA
7,"control",2,"106","B","IRGA","2025-08-04","2025-08-17",13,0.85231993750506,NA
10,"control",2,"108","A","IRGA","2025-08-04","2025-08-17",13,1.51559585851504,NA
6,"slurry",2,"110","A","IRGA","2025-08-04","2025-08-17",13,0.724207628897956,NA
9,"compost",2,"112","B","IRGA","2025-08-04","2025-08-17",13,0.522837676737837,NA
1,"slurry",2,"114","A","IRGA","2025-08-04","2025-08-17",13,0.976743351952518,NA
3,"compost",2,"116","B","IRGA","2025-08-04","2025-08-17",13,0.631737354093765,NA
1,"slurry",2,"118","B","IRGA","2025-08-04","2025-08-17",13,0.883813482059289,NA
3,"compost",2,"120","A","IRGA","2025-08-04","2025-08-17",13,0.845772964936944,NA
4,"compost",2,"x6","C","IRGA","2025-08-07","2025-08-17",13,0.795753677075239,NA
6,"slurry",2,"x7","C","IRGA","2025-08-07","2025-08-17",13,0.85036318695248,NA
11,"slurry",2,"x8","C","IRGA","2025-08-07","2025-08-17",13,0.860419216066635,NA
12,"slurry",2,"x9","C","IRGA","2025-08-07","2025-08-17",13,1.06769502930386,NA
14,"compost",2,"62","B","IRGA","2025-08-04","2025-08-25",21,0.505409826276231,NA
15,"control",2,"64","B","IRGA","2025-08-04","2025-08-25",21,0.904752744648314,NA
13,"slurry",2,"66","A","IRGA","2025-08-04","2025-08-25",21,1.43710850423416,NA
11,"slurry",2,"68","A","IRGA","2025-08-04","2025-08-25",21,0.769288234563479,NA
15,"control",2,"70","B","IRGA","2025-08-04","2025-08-25",21,0.845970113545347,NA
12,"slurry",2,"72","B","IRGA","2025-08-04","2025-08-25",21,1.19541908039341,NA
10,"control",2,"74","B","IRGA","2025-08-04","2025-08-25",21,1.68938938741616,NA
5,"control",2,"76","B","IRGA","2025-08-04","2025-08-25",21,0.694858356542657,NA
8,"compost",2,"78","A","IRGA","2025-08-04","2025-08-25",21,0.849835138600266,NA
8,"compost",2,"80","A","IRGA","2025-08-04","2025-08-25",21,0.751385451196552,NA
5,"control",2,"82","A","IRGA","2025-08-04","2025-08-25",21,0.83366868959527,NA
2,"control",2,"84","B","IRGA","2025-08-04","2025-08-25",21,0.793310137490511,NA
5,"control",2,"86","B","IRGA","2025-08-04","2025-08-25",21,0.807395504303153,NA
1,"slurry",2,"88","A","IRGA","2025-08-04","2025-08-25",21,0.843370477617317,NA
2,"control",2,"90","A","IRGA","2025-08-04","2025-08-25",21,0.744635382092201,NA
14,"compost",2,"92","B","IRGA","2025-08-04","2025-08-25",21,0.751491989904564,NA
13,"slurry",2,"94","A","IRGA","2025-08-04","2025-08-25",21,1.43511719548548,NA
9,"compost",2,"96","B","IRGA","2025-08-04","2025-08-25",21,0.788879438522588,NA
14,"compost",2,"98","A","IRGA","2025-08-04","2025-08-25",21,0.835234823695047,NA
15,"control",2,"100","A","IRGA","2025-08-04","2025-08-25",21,0.946322732301031,NA
9,"compost",2,"102","A","IRGA","2025-08-04","2025-08-25",21,0.883950094867236,NA
7,"control",2,"104","A","IRGA","2025-08-04","2025-08-25",21,0.58677061360076,NA
7,"control",2,"106","B","IRGA","2025-08-04","2025-08-25",21,0.745697686072251,NA
10,"control",2,"108","A","IRGA","2025-08-04","2025-08-25",21,1.1699735930461,NA
6,"slurry",2,"110","A","IRGA","2025-08-04","2025-08-25",21,0.701693762639046,NA
9,"compost",2,"112","B","IRGA","2025-08-04","2025-08-25",21,0.733590789880819,NA
1,"slurry",2,"114","A","IRGA","2025-08-04","2025-08-25",21,0.720406909906158,NA
3,"compost",2,"116","B","IRGA","2025-08-04","2025-08-25",21,0.671160298083008,NA
1,"slurry",2,"118","B","IRGA","2025-08-04","2025-08-25",21,0.908378429911859,NA
3,"compost",2,"120","A","IRGA","2025-08-04","2025-08-25",21,0.63449033516041,NA
4,"compost",2,"x6","C","IRGA","2025-08-07","2025-08-25",21,0.656415141164631,NA
6,"slurry",2,"x7","C","IRGA","2025-08-07","2025-08-25",21,0.692331327413491,NA
11,"slurry",2,"x8","C","IRGA","2025-08-07","2025-08-25",21,0.854624674750619,NA
12,"slurry",2,"x9","C","IRGA","2025-08-07","2025-08-25",21,0.90060972942539,NA
14,"compost",2,"62","B","IRGA","2025-08-04","2025-09-02",29,0.524501003869419,NA
15,"control",2,"64","B","IRGA","2025-08-04","2025-09-02",29,0.993709547761437,NA
13,"slurry",2,"66","A","IRGA","2025-08-04","2025-09-02",29,1.38711865267024,NA
11,"slurry",2,"68","A","IRGA","2025-08-04","2025-09-02",29,0.814168943903316,NA
15,"control",2,"70","B","IRGA","2025-08-04","2025-09-02",29,0.817652763145305,NA
12,"slurry",2,"72","B","IRGA","2025-08-04","2025-09-02",29,1.31737379150099,NA
10,"control",2,"74","B","IRGA","2025-08-04","2025-09-02",29,1.83638784373067,NA
5,"control",2,"76","B","IRGA","2025-08-04","2025-09-02",29,0.650447582376324,NA
8,"compost",2,"78","A","IRGA","2025-08-04","2025-09-02",29,0.86756841905521,NA
8,"compost",2,"80","A","IRGA","2025-08-04","2025-09-02",29,0.741929647962487,NA
5,"control",2,"82","A","IRGA","2025-08-04","2025-09-02",29,0.920897497873186,NA
2,"control",2,"84","B","IRGA","2025-08-04","2025-09-02",29,0.764960345703414,NA
5,"control",2,"86","B","IRGA","2025-08-04","2025-09-02",29,0.815001578700633,NA
1,"slurry",2,"88","A","IRGA","2025-08-04","2025-09-02",29,0.806200177452809,NA
2,"control",2,"90","A","IRGA","2025-08-04","2025-09-02",29,0.667517368244534,NA
14,"compost",2,"92","B","IRGA","2025-08-04","2025-09-02",29,0.788448474618841,NA
13,"slurry",2,"94","A","IRGA","2025-08-04","2025-09-02",29,1.36960406397887,NA
9,"compost",2,"96","B","IRGA","2025-08-04","2025-09-02",29,0.86277370545881,NA
14,"compost",2,"98","A","IRGA","2025-08-04","2025-09-02",29,0.821839198708686,NA
15,"control",2,"100","A","IRGA","2025-08-04","2025-09-02",29,0.991347000646534,NA
9,"compost",2,"102","A","IRGA","2025-08-04","2025-09-02",29,1.01907150404474,NA
7,"control",2,"104","A","IRGA","2025-08-04","2025-09-02",29,0.550787065075939,NA
7,"control",2,"106","B","IRGA","2025-08-04","2025-09-02",29,0.666342012897492,NA
10,"control",2,"108","A","IRGA","2025-08-04","2025-09-02",29,1.04284503924211,NA
6,"slurry",2,"110","A","IRGA","2025-08-04","2025-09-02",29,0.781456573607519,NA
9,"compost",2,"112","B","IRGA","2025-08-04","2025-09-02",29,0.705333960232074,NA
1,"slurry",2,"114","A","IRGA","2025-08-04","2025-09-02",29,0.574403351002338,NA
3,"compost",2,"116","B","IRGA","2025-08-04","2025-09-02",29,0.857160624710173,NA
1,"slurry",2,"118","B","IRGA","2025-08-04","2025-09-02",29,0.933148584324121,NA
3,"compost",2,"120","A","IRGA","2025-08-04","2025-09-02",29,0.545299338675923,NA
4,"compost",2,"x6","C","IRGA","2025-08-07","2025-09-02",29,0.563297385607699,NA
6,"slurry",2,"x7","C","IRGA","2025-08-07","2025-09-02",29,0.64189768707135,NA
11,"slurry",2,"x8","C","IRGA","2025-08-07","2025-09-02",29,0.867999505615111,NA
12,"slurry",2,"x9","C","IRGA","2025-08-07","2025-09-02",29,0.860937719765078,NA
1,"slurry",3,"183","A","IRGA","2025-11-25","2025-11-25",0,0.321605385405514,NA
1,"slurry",3,"184","B","IRGA","2025-11-25","2025-11-25",0,0.439490628706334,NA
2,"control",3,"187","A","IRGA","2025-11-25","2025-11-25",0,0.725004416015296,NA
2,"control",3,"188","B","IRGA","2025-11-25","2025-11-25",0,0.820067952897392,NA
3,"compost",3,"191","A","IRGA","2025-11-25","2025-11-25",0,0.353320931968912,NA
3,"compost",3,"192","B","IRGA","2025-11-25","2025-11-25",0,0.490479339698646,NA
4,"compost",3,"195","A","IRGA","2025-11-25","2025-11-25",0,0.151156809406012,NA
4,"compost",3,"196","B","IRGA","2025-11-25","2025-11-25",0,0.89163325795411,NA
5,"control",3,"199","A","IRGA","2025-11-25","2025-11-25",0,0.940825390577573,NA
8,"compost",3,"211","A","IRGA","2025-11-25","2025-11-25",0,1.06380596833086,NA
6,"slurry",3,"203","A","IRGA","2025-11-25","2025-11-25",0,0.539886127021958,NA
6,"slurry",3,"204","B","IRGA","2025-11-25","2025-11-25",0,0.713311532498091,NA
7,"control",3,"207","A","IRGA","2025-11-25","2025-11-25",0,0.882712799541047,NA
7,"control",3,"208","B","IRGA","2025-11-25","2025-11-25",0,0.924639286706834,NA
5,"control",3,"200","B","IRGA","2025-11-25","2025-11-25",0,0.202701282902906,NA
8,"compost",3,"212","B","IRGA","2025-11-25","2025-11-25",0,0.646229558086166,NA
9,"compost",3,"215","A","IRGA","2025-11-25","2025-11-25",0,0.410934219373812,NA
9,"compost",3,"216","B","IRGA","2025-11-25","2025-11-25",0,0.561209711891802,NA
10,"control",3,"219","A","IRGA","2025-11-25","2025-11-25",0,0.417873062489059,NA
10,"control",3,"220","B","IRGA","2025-11-25","2025-11-25",0,0.308574784508728,NA
11,"slurry",3,"223","A","IRGA","2025-11-25","2025-11-25",0,0.267924796699877,NA
11,"slurry",3,"224","B","IRGA","2025-11-25","2025-11-25",0,0.209875922999471,NA
12,"slurry",3,"227","A","IRGA","2025-11-25","2025-11-25",0,0.589682233557388,NA
12,"slurry",3,"228","B","IRGA","2025-11-25","2025-11-25",0,0.563800405727711,NA
13,"slurry",3,"231","A","IRGA","2025-11-25","2025-11-25",0,0.65449769371357,NA
13,"slurry",3,"232","B","IRGA","2025-11-25","2025-11-25",0,0.622731803045126,NA
14,"compost",3,"235","A","IRGA","2025-11-25","2025-11-25",0,0.697237570993727,NA
14,"compost",3,"236","B","IRGA","2025-11-25","2025-11-25",0,0.60143507774816,NA
15,"control",3,"239","A","IRGA","2025-11-25","2025-11-25",0,0.368695606214243,NA
15,"control",3,"240","B","IRGA","2025-11-25","2025-11-25",0,0.437560218740239,NA
1,"slurry",3,"183","A","IRGA","2025-11-25","2025-11-28",3,0.669019618983696,NA
1,"slurry",3,"184","B","IRGA","2025-11-25","2025-11-28",3,0.539833509789913,NA
2,"control",3,"187","A","IRGA","2025-11-25","2025-11-28",3,0.3650212773513,NA
2,"control",3,"188","B","IRGA","2025-11-25","2025-11-28",3,0.618069162879171,NA
3,"compost",3,"191","A","IRGA","2025-11-25","2025-11-28",3,0.762279276178974,NA
3,"compost",3,"192","B","IRGA","2025-11-25","2025-11-28",3,0.400682921639326,NA
4,"compost",3,"195","A","IRGA","2025-11-25","2025-11-28",3,0.240859353499107,NA
4,"compost",3,"196","B","IRGA","2025-11-25","2025-11-28",3,0.408348699739563,NA
5,"control",3,"199","A","IRGA","2025-11-25","2025-11-28",3,0.490451981242123,NA
8,"compost",3,"211","A","IRGA","2025-11-25","2025-11-28",3,0.78082124661108,NA
6,"slurry",3,"203","A","IRGA","2025-11-25","2025-11-28",3,0.536780026853589,NA
6,"slurry",3,"204","B","IRGA","2025-11-25","2025-11-28",3,0.221110013717195,NA
7,"control",3,"207","A","IRGA","2025-11-25","2025-11-28",3,0.501641519225808,NA
7,"control",3,"208","B","IRGA","2025-11-25","2025-11-28",3,0.836691461768093,NA
5,"control",3,"200","B","IRGA","2025-11-25","2025-11-28",3,0.621002205540196,NA
8,"compost",3,"212","B","IRGA","2025-11-25","2025-11-28",3,0.137663270774424,NA
9,"compost",3,"215","A","IRGA","2025-11-25","2025-11-28",3,0.208153793472757,NA
9,"compost",3,"216","B","IRGA","2025-11-25","2025-11-28",3,0.327791933037104,NA
10,"control",3,"219","A","IRGA","2025-11-25","2025-11-28",3,0.529696601231874,NA
10,"control",3,"220","B","IRGA","2025-11-25","2025-11-28",3,0.628669990066097,NA
11,"slurry",3,"223","A","IRGA","2025-11-25","2025-11-28",3,0.223667182819249,NA
11,"slurry",3,"224","B","IRGA","2025-11-25","2025-11-28",3,0.382152386427053,NA
12,"slurry",3,"227","A","IRGA","2025-11-25","2025-11-28",3,0.388513843880222,NA
12,"slurry",3,"228","B","IRGA","2025-11-25","2025-11-28",3,0.622120046014829,NA
13,"slurry",3,"231","A","IRGA","2025-11-25","2025-11-28",3,0.65654508338272,NA
13,"slurry",3,"232","B","IRGA","2025-11-25","2025-11-28",3,0.565657124608547,NA
14,"compost",3,"235","A","IRGA","2025-11-25","2025-11-28",3,0.695484000101023,NA
14,"compost",3,"236","B","IRGA","2025-11-25","2025-11-28",3,0.577081561329738,NA
15,"control",3,"239","A","IRGA","2025-11-25","2025-11-28",3,0.526934663124457,NA
15,"control",3,"240","B","IRGA","2025-11-25","2025-11-28",3,0.469461147458317,NA
1,"slurry",3,"183","A","IRGA","2025-11-25","2025-12-01",6,0.615496035823234,NA
1,"slurry",3,"184","B","IRGA","2025-11-25","2025-12-01",6,0.43474082044037,NA
2,"control",3,"187","A","IRGA","2025-11-25","2025-12-01",6,0.174600822060472,NA
2,"control",3,"188","B","IRGA","2025-11-25","2025-12-01",6,0.45145796935956,NA
3,"compost",3,"191","A","IRGA","2025-11-25","2025-12-01",6,0.224927903676868,NA
3,"compost",3,"192","B","IRGA","2025-11-25","2025-12-01",6,0.927495223427258,NA
4,"compost",3,"195","A","IRGA","2025-11-25","2025-12-01",6,0.202879021532832,NA
4,"compost",3,"196","B","IRGA","2025-11-25","2025-12-01",6,0.838972975698147,NA
5,"control",3,"199","A","IRGA","2025-11-25","2025-12-01",6,0.690555965853553,NA
8,"compost",3,"211","A","IRGA","2025-11-25","2025-12-01",6,0.180938552801926,NA
6,"slurry",3,"203","A","IRGA","2025-11-25","2025-12-01",6,0.290834960658742,NA
6,"slurry",3,"204","B","IRGA","2025-11-25","2025-12-01",6,0.252889170176224,NA
7,"control",3,"207","A","IRGA","2025-11-25","2025-12-01",6,0.197118147820882,NA
7,"control",3,"208","B","IRGA","2025-11-25","2025-12-01",6,0.692117096982862,NA
5,"control",3,"200","B","IRGA","2025-11-25","2025-12-01",6,0.224770824271464,NA
8,"compost",3,"212","B","IRGA","2025-11-25","2025-12-01",6,0.216671519609552,NA
9,"compost",3,"215","A","IRGA","2025-11-25","2025-12-01",6,0.572440912814399,NA
9,"compost",3,"216","B","IRGA","2025-11-25","2025-12-01",6,0.578304630979039,NA
10,"control",3,"219","A","IRGA","2025-11-25","2025-12-01",6,0.304088656997475,NA
10,"control",3,"220","B","IRGA","2025-11-25","2025-12-01",6,0.193529603383619,NA
11,"slurry",3,"223","A","IRGA","2025-11-25","2025-12-01",6,0.274045918329923,NA
11,"slurry",3,"224","B","IRGA","2025-11-25","2025-12-01",6,0.166597108302224,NA
12,"slurry",3,"227","A","IRGA","2025-11-25","2025-12-01",6,0.238964495158425,NA
12,"slurry",3,"228","B","IRGA","2025-11-25","2025-12-01",6,0.618378355373018,NA
13,"slurry",3,"231","A","IRGA","2025-11-25","2025-12-01",6,0.668739378796282,NA
13,"slurry",3,"232","B","IRGA","2025-11-25","2025-12-01",6,0.466801881422317,NA
14,"compost",3,"235","A","IRGA","2025-11-25","2025-12-01",6,0.455494117585446,NA
14,"compost",3,"236","B","IRGA","2025-11-25","2025-12-01",6,0.574126535369725,NA
15,"control",3,"239","A","IRGA","2025-11-25","2025-12-01",6,0.350553476494613,NA
15,"control",3,"240","B","IRGA","2025-11-25","2025-12-01",6,0.451795163248126,NA
1,"slurry",3,"183","A","IRGA","2025-11-25","2025-12-08",13,0.273113593805467,NA
1,"slurry",3,"184","B","IRGA","2025-11-25","2025-12-08",13,0.221848239339806,NA
2,"control",3,"187","A","IRGA","2025-11-25","2025-12-08",13,0.449960066695545,NA
2,"control",3,"188","B","IRGA","2025-11-25","2025-12-08",13,0.143267089778449,NA
3,"compost",3,"191","A","IRGA","2025-11-25","2025-12-08",13,0.309838549074397,NA
3,"compost",3,"192","B","IRGA","2025-11-25","2025-12-08",13,0.402810553920456,NA
4,"compost",3,"195","A","IRGA","2025-11-25","2025-12-08",13,0.205092626862067,NA
4,"compost",3,"196","B","IRGA","2025-11-25","2025-12-08",13,0.661327704944645,NA
5,"control",3,"199","A","IRGA","2025-11-25","2025-12-08",13,0.472076612621888,NA
8,"compost",3,"211","A","IRGA","2025-11-25","2025-12-08",13,0.600272241841925,NA
6,"slurry",3,"203","A","IRGA","2025-11-25","2025-12-08",13,0.51757070867154,NA
6,"slurry",3,"204","B","IRGA","2025-11-25","2025-12-08",13,0.610616565377573,NA
7,"control",3,"207","A","IRGA","2025-11-25","2025-12-08",13,0.478977357116024,NA
7,"control",3,"208","B","IRGA","2025-11-25","2025-12-08",13,0.545088922017194,NA
5,"control",3,"200","B","IRGA","2025-11-25","2025-12-08",13,0.87017894235967,NA
8,"compost",3,"212","B","IRGA","2025-11-25","2025-12-08",13,0.48029678644159,NA
9,"compost",3,"215","A","IRGA","2025-11-25","2025-12-08",13,0.486566017320946,NA
9,"compost",3,"216","B","IRGA","2025-11-25","2025-12-08",13,0.342067477990927,NA
10,"control",3,"219","A","IRGA","2025-11-25","2025-12-08",13,0.335312319022225,NA
10,"control",3,"220","B","IRGA","2025-11-25","2025-12-08",13,0.447397228683957,NA
11,"slurry",3,"223","A","IRGA","2025-11-25","2025-12-08",13,0.190197269740686,NA
11,"slurry",3,"224","B","IRGA","2025-11-25","2025-12-08",13,0.161127823344698,NA
12,"slurry",3,"228","B","IRGA","2025-11-25","2025-12-08",13,0.317901352960599,NA
13,"slurry",3,"231","A","IRGA","2025-11-25","2025-12-08",13,0.509113283290547,NA
13,"slurry",3,"232","B","IRGA","2025-11-25","2025-12-08",13,0.494835738843444,NA
14,"compost",3,"235","A","IRGA","2025-11-25","2025-12-08",13,0.521751556608977,NA
14,"compost",3,"236","B","IRGA","2025-11-25","2025-12-08",13,0.302192386583282,NA
15,"control",3,"239","A","IRGA","2025-11-25","2025-12-08",13,0.510644744772272,NA
15,"control",3,"240","B","IRGA","2025-11-25","2025-12-08",13,0.414473935400261,NA
1,"slurry",3,"183","A","IRGA","2025-11-25","2025-12-22",27,0.180876085924046,NA
1,"slurry",3,"184","B","IRGA","2025-11-25","2025-12-22",27,0.177955086763929,NA
2,"control",3,"187","A","IRGA","2025-11-25","2025-12-22",27,0.300445072756889,NA
2,"control",3,"188","B","IRGA","2025-11-25","2025-12-22",27,0.210627520030897,NA
3,"compost",3,"191","A","IRGA","2025-11-25","2025-12-22",27,0.292772364504039,NA
3,"compost",3,"192","B","IRGA","2025-11-25","2025-12-22",27,0.152277982506983,NA
4,"compost",3,"195","A","IRGA","2025-11-25","2025-12-22",27,0.219750461805265,NA
4,"compost",3,"196","B","IRGA","2025-11-25","2025-12-22",27,0.186704810033919,NA
5,"control",3,"199","A","IRGA","2025-11-25","2025-12-22",27,0.214579740548591,NA
8,"compost",3,"211","A","IRGA","2025-11-25","2025-12-22",27,0.38825403543852,NA
6,"slurry",3,"203","A","IRGA","2025-11-25","2025-12-22",27,0.454511877473762,NA
6,"slurry",3,"204","B","IRGA","2025-11-25","2025-12-22",27,0.457785199667332,NA
7,"control",3,"207","A","IRGA","2025-11-25","2025-12-22",27,0.250054404063686,NA
7,"control",3,"208","B","IRGA","2025-11-25","2025-12-22",27,0.238361212164476,NA
5,"control",3,"200","B","IRGA","2025-11-25","2025-12-22",27,0.528091851419524,NA
8,"compost",3,"212","B","IRGA","2025-11-25","2025-12-22",27,0.312588791951804,NA
9,"compost",3,"216","B","IRGA","2025-11-25","2025-12-22",27,0.53250967974522,NA
10,"control",3,"219","A","IRGA","2025-11-25","2025-12-22",27,0.473243005066085,NA
10,"control",3,"220","B","IRGA","2025-11-25","2025-12-22",27,0.662804219044613,NA
11,"slurry",3,"223","A","IRGA","2025-11-25","2025-12-22",27,0.135835759903378,NA
11,"slurry",3,"224","B","IRGA","2025-11-25","2025-12-22",27,0.475165758799743,NA
12,"slurry",3,"227","A","IRGA","2025-11-25","2025-12-22",27,0.148550078467847,NA
12,"slurry",3,"228","B","IRGA","2025-11-25","2025-12-22",27,0.344181252463851,NA
13,"slurry",3,"231","A","IRGA","2025-11-25","2025-12-22",27,0.54576366827936,NA
13,"slurry",3,"232","B","IRGA","2025-11-25","2025-12-22",27,0.517390711920494,NA
14,"compost",3,"235","A","IRGA","2025-11-25","2025-12-22",27,0.616818057515696,NA
14,"compost",3,"236","B","IRGA","2025-11-25","2025-12-22",27,0.530906291967871,NA
15,"control",3,"239","A","IRGA","2025-11-25","2025-12-22",27,0.53157914777422,NA
15,"control",3,"240","B","IRGA","2025-11-25","2025-12-22",27,0.350726165780191,NA
