"plot","treatment","timepoint","om_pct","ph","buffer_ph","cec_meq100g","exch_acidity_meq100g","base_sat_total_pct","base_sat_ca_pct","base_sat_mg_pct","base_sat_k_pct","p_ppm","k_ppm","ca_ppm","mg_ppm","na_ppm","zn_ppm","al_ppm","morgan_p_lb_ac","morgan_k_lb_ac","morgan_ca_lb_ac","morgan_mg_lb_ac"
1,"slurry",1,3.97,5.84,6.06,9.7,2.16,77.8,56.2,19.3,1.6,145,60,1095,228,15,4.3,920,19.1,107.1,1834,414.5
2,"control",1,3.7,5.58,6.04,8.6,2.24,73.9,56.8,14.6,1.7,87,58,978,153,15,3.3,824,11.4,103.3,1602.6,276.6
3,"compost",1,3.21,5.8,6.07,9.3,2.12,77.1,62,12.1,2.4,98,86,1149,136,14,3.4,789,17.2,152.2,1941.3,246.9
4,"compost",1,4.04,5.45,5.97,9.1,2.52,72.4,52.8,15.7,2.8,194,100,964,174,23,5.1,1049,16.5,178.2,1575.1,315.1
5,"control",1,3.51,5.76,6,8.5,2.4,71.7,56.3,13.4,1.4,101,48,958,138,12,2.9,738,20.1,85,1562.6,250.6
6,"slurry",1,3.32,5.76,6.07,9.4,2.12,77.4,63.3,11.9,1.4,76,53,1188,136,16,3,738,13.4,94,2018.1,246.2
7,"control",1,3.73,5.75,5.96,8.5,2.56,69.8,52,14.7,2.4,164,78,883,151,14,4.9,953,18.2,138.5,1414.3,273.4
8,"compost",1,3.41,5.84,6.04,8.2,2.24,72.8,56.9,13.3,1.7,87,56,939,133,17,2.8,788,12.9,100.1,1524.9,241.4
9,"compost",1,3.51,5.86,6.11,10,1.96,80.4,63.5,13.4,2.6,99,103,1271,162,18,3,719,22.7,183.1,2181.7,294.5
10,"control",1,3.17,5.98,6.11,8.6,1.96,77.3,53.8,19.1,3.7,114,125,930,201,12,3.1,766,21.9,222.1,1508.5,364.1
11,"slurry",1,3.37,5.97,6.16,9.1,1.76,80.6,60.1,15.7,4.2,101,148,1094,173,13,4,703,23.7,262.7,1831.7,314
12,"slurry",1,3.51,6.22,6.15,10.1,1.8,82.2,65.3,14.5,1.9,52,74,1322,178,13,3.2,636,9.5,132.4,2283.1,321.9
13,"slurry",1,3.38,5.79,6.07,8.7,2.12,75.6,56.5,14.2,4,161,137,983,150,17,4.6,873,25.2,243.8,1613,272
14,"compost",1,3.42,6.16,6.12,9.7,1.92,80.2,60.9,15.4,3.3,131,127,1184,181,14,3.8,774,28.2,225.6,2010.5,329
15,"control",1,3.68,6.13,6.15,11.1,1.8,83.8,67.5,14.1,1.6,123,70,1503,190,15,3.8,727,32,125,2641.2,344.5
1,"slurry",2,3.86,5.62,5.98,9,2.48,72.4,51.8,17.3,2.5,144,87,933,189,16,4,1051,10.1,155.1,1513.8,342.2
2,"control",2,3.48,5.98,6.04,8.9,2.24,74.8,58,14.6,1.5,86,51,1032,157,15,3.2,853,10,90.5,1708.6,285.3
3,"compost",2,3.28,5.7,6.06,8.9,2.16,75.9,60.9,11.9,2.3,74,80,1092,130,14,2.7,760,11.3,142.6,1828.8,235.1
4,"compost",2,3.72,5.46,5.88,8.2,2.88,64.8,48.5,12.8,2.6,193,84,796,128,15,5.1,1086,12.2,149.5,1242.8,231.2
5,"control",2,3.47,5.54,6.01,8.7,2.36,72.9,56.6,13.4,2.1,107,72,987,142,14,3.2,826,16.2,127.8,1620.6,257.4
6,"slurry",2,3.37,5.95,6.07,9.8,2.12,78.3,64.2,11.8,1.6,69,62,1256,140,15,3.1,756,10.8,110.9,2152.1,254.5
7,"control",2,3.38,5.48,5.98,8.1,2.48,69.3,51.7,14.3,2.6,220,83,838,141,13,5.1,1073,16.2,148.2,1325.5,255.3
8,"compost",2,3.48,5.93,6.04,8.8,2.24,74.6,59.2,12.8,1.7,82,60,1045,137,15,2.8,801,11.6,106.8,1735.5,249
9,"compost",2,3.46,5.77,6.05,10.3,2.2,78.7,63.8,12.5,1.9,96,75,1321,157,13,3.3,790,17.6,133.2,2280.8,284.1
10,"control",2,4.13,6.13,6.11,9.8,1.96,80,54.4,19.1,5.9,142,227,1066,228,12,4.3,797,28.1,401,1777.2,413.4
11,"slurry",2,3.45,5.99,6.14,9.8,1.84,81.2,61.5,15.5,3.6,92,138,1204,184,13,3.8,725,19.6,245.6,2049.9,333.8
12,"slurry",2,3.69,6.16,6.12,10.6,1.92,82,64.8,14.5,2.1,63,88,1381,188,13,3.7,653,13.7,156.8,2399.8,340.3
13,"slurry",2,3.98,5.86,6.09,9.5,2.04,78.5,57.4,16.9,3.7,152,136,1091,195,12,4.7,770,33.9,240.4,1825.4,354.1
14,"compost",2,3.62,6.21,6.12,9.6,1.92,80.1,61.8,15.1,2.7,124,102,1193,177,12,3.6,757,27.3,180.8,2027.1,320.2
15,"control",2,4.19,6.12,6.17,11.4,1.72,84.9,69.4,13.1,2,131,87,1586,182,12,4.1,699,38.1,155.1,2804.8,329.9
1,"slurry",3,3.78,6.08,6.05,8.7,2.2,74.7,54.6,16.8,2.7,131,91,952,178,15,4.9,1032,9.5,161.4,1551.3,321.9
2,"control",3,3.44,5.82,6.08,7.8,2.08,73.3,56.6,13.5,2.6,78,79,883,128,12,2.6,748,12.1,140.7,1414.4,231.1
3,"compost",3,3.57,6.14,6.08,9.1,2.08,77.1,62.3,12.1,2,79,73,1134,133,14,4.4,733,14.5,129.1,1911.5,240.9
4,"compost",3,3.8,5.57,5.98,7.9,2.48,68.6,48.8,15.4,3.7,181,113,772,148,14,5,971,18.4,200.3,1195.2,267.8
5,"control",3,3.57,5.98,6.04,7.9,2.24,71.6,56.4,12.6,1.9,94,58,892,121,13,3.3,761,16,103.6,1432.5,219.6
6,"slurry",3,3.43,5.77,6.07,9.1,2.12,76.7,63.3,11.2,1.6,74,57,1156,124,14,3,737,12.8,101.7,1954,223.8
7,"control",3,3.47,5.57,5.91,6.9,2.76,60.1,44.7,11.2,3.4,193,91,619,94,12,4.8,959,19.4,161,894,170.5
8,"compost",3,3.49,5.82,6.08,8.1,2.08,74.4,58.1,13.6,1.8,88,58,945,135,15,3.2,779,13.6,104.2,1537.8,243.6
9,"compost",3,3.53,6.02,6.05,9,2.2,75.6,62.3,11.1,1.5,79,54,1126,122,15,3,734,14.4,96,1895.7,220.5
10,"control",3,3.28,5.98,6.13,8.4,1.88,77.6,53.5,16.8,6.8,140,223,902,171,11,4,813,24.7,394.5,1453.5,310.8
11,"slurry",3,3.44,6.31,6.16,8.2,1.76,78.6,58.8,14.3,4.8,85,155,967,143,12,3.3,661,19.8,275.2,1581.7,258.2
12,"slurry",3,3.57,6.25,6.16,10.1,1.76,82.5,65.4,14.6,1.9,49,76,1317,178,14,3.3,614,9.2,135.5,2273.3,323.3
13,"slurry",3,3.48,6.24,6.09,8.4,2.04,75.6,56.1,16.3,2.7,130,89,942,166,11,4,774,25.9,158,1530.7,300.3
14,"compost",3,3.39,6.2,6.16,8.9,1.76,80.2,62.2,13.5,3.9,128,135,1106,145,14,3.4,739,29.5,238.8,1855.5,263.2
15,"control",3,3.43,6.36,6.17,10.3,1.72,83.3,67.3,13.8,1.6,112,65,1388,172,13,3.8,705,29.4,115,2412.1,312.5
