"chamID","date","plot","collar","CH4_flux","CH4_qc_note","N2O_flux","N2O_qc_note"
"2025-05-06-1B_1",2025-05-06,1,"B",-0.18200105953997,NA,0.412399249319303,"convex (accelerating) trace"
"2025-05-06-1C_1",2025-05-06,1,"C",-0.235978275747051,"convex (accelerating) trace",0.213115906366311,NA
"2025-05-06-2B_1",2025-05-06,2,"B",-0.265519165159105,"convex (accelerating) trace",0.266305242352415,"convex (accelerating) trace"
"2025-05-06-4C_1",2025-05-06,4,"C",-0.209146523837118,"convex (accelerating) trace",0.349019220771688,NA
"2025-05-06-5A_1",2025-05-06,5,"A",-0.256680320321945,"convex (accelerating) trace",0.398929516332431,NA
"2025-05-06-5C_1",2025-05-06,5,"C",-0.26306208388262,"convex (accelerating) trace",0.267254038131209,NA
"2025-05-06-6C_1",2025-05-06,6,"C",-0.190230239566113,"convex (accelerating) trace",0.316277097196274,NA
"2025-05-06-7A_1",2025-05-06,7,"A",-0.167042446728186,"convex (accelerating) trace",0.952573427982024,NA
"2025-05-06-8A_1",2025-05-06,8,"A",-0.363514515958847,"convex (accelerating) trace",0.0668957843271486,NA
"2025-05-06-9C_1",2025-05-06,9,"C",-0.360479345416249,"convex (accelerating) trace",0.337130011993694,NA
"2025-05-06-11A_1",2025-05-06,11,"A",-0.239805364481175,"convex (accelerating) trace",0.412966451321971,NA
"2025-05-06-11B-actualB_1",2025-05-06,11,"B",-0.146991435071199,"convex (accelerating) trace",0.246061767331965,NA
"2025-05-06-12B_1",2025-05-06,12,"B",-0.190804327599625,"convex (accelerating) trace",0.462681997184901,NA
"2025-05-06-12C_1",2025-05-06,12,"C",-0.0158298456197637,"convex (accelerating) trace",0.291297248273234,NA
"2025-05-06-13A_1",2025-05-06,13,"A",-0.249420440653045,"convex (accelerating) trace",0.451292917368222,NA
"2025-05-06-13B_1",2025-05-06,13,"B",-0.0242164628536983,"convex (accelerating) trace",0.989892582261596,NA
"2025-05-06-14A_1",2025-05-06,14,"A",-0.0280736912522228,"convex (accelerating) trace",0.256194949070737,NA
"2025-05-06-14C_1",2025-05-06,14,"C",-0.166019099607269,"convex (accelerating) trace",0.588125223697857,NA
"2025-05-06-15A_1",2025-05-06,15,"A",-0.419190543978672,"convex (accelerating) trace",0.454893020875201,"convex (accelerating) trace"
"2025-05-06-15B_1",2025-05-06,15,"B",-0.163219566977244,"convex (accelerating) trace",0.965525991255973,"convex (accelerating) trace"
"2025-05-27-2C_1",2025-05-27,2,"C",-0.429140281104362,"convex (accelerating) trace",0.0389409723892176,NA
"2025-05-27-4B_1",2025-05-27,4,"B",-0.460883177478954,"convex (accelerating) trace",0.0559368714952641,NA
"2025-05-27-4C_1",2025-05-27,4,"C",-0.358674688691004,"convex (accelerating) trace",0.157250107522888,NA
"2025-05-27-6B_1",2025-05-27,6,"B",-0.319414012585088,"convex (accelerating) trace",0.0756000378641177,NA
"2025-05-27-6C_1",2025-05-27,6,"C",-0.430286435282476,"convex (accelerating) trace",0.0959664238452463,"convex (accelerating) trace"
"2025-05-27-8A_1",2025-05-27,8,"A",-0.4321515347891,"convex (accelerating) trace",0.0767547120984258,NA
"2025-05-27-8B_1",2025-05-27,8,"B",-0.3361886974197,"convex (accelerating) trace",0.0544499954727802,"convex (accelerating) trace"
"2025-05-27-9B_1",2025-05-27,9,"B",-0.331850154116942,"convex (accelerating) trace",0.22945535358844,NA
"2025-05-27-9C_1",2025-05-27,9,"C",-0.381973847494296,"convex (accelerating) trace",0.191354935069119,NA
"2025-05-27-10A2_1",2025-05-27,10,"A",-0.225130164910634,"convex (accelerating) trace",0.211795996318792,NA
"2025-05-27-10B_1",2025-05-27,10,"B",-0.35754769662006,"convex (accelerating) trace",0.0435465876879159,NA
"2025-05-27-12C_1",2025-05-27,12,"C",-0.263941226811177,"convex (accelerating) trace",0.0672713040088824,NA
"2025-05-27-13C_1",2025-05-27,13,"C",-0.345531516424552,NA,0.0882408643856326,"convex (accelerating) trace"
"2025-05-27-15A_1",2025-05-27,15,"A",-0.258067056069307,"convex (accelerating) trace",0.0484072357187686,NA
"2025-05-29-3A_1",2025-05-29,3,"A",-0.334369432859688,"convex (accelerating) trace",0.140604499127412,NA
"2025-05-29-3B_1",2025-05-29,3,"B",-0.374057578286784,"convex (accelerating) trace",0.0909913870280027,NA
"2025-05-29-5B_1",2025-05-29,5,"B",-0.455071028299174,"convex (accelerating) trace",-0.0496635946128949,NA
"2025-05-29-6A_1",2025-05-29,6,"A",-0.389740480362555,"convex (accelerating) trace",0.33853247160079,NA
"2025-05-29-6C_1",2025-05-29,6,"C",0.229719612757017,NA,1.17867378455292,"convex (accelerating) trace"
"2025-05-29-7C_1",2025-05-29,7,"C",-0.323883404136739,NA,0.0664856074140999,"convex (accelerating) trace"
"2025-05-29-9A_1",2025-05-29,9,"A",-0.43186471448621,NA,0.039622111405947,"convex (accelerating) trace"
"2025-05-29-9B_1",2025-05-29,9,"B",-0.422608912511826,"convex (accelerating) trace",0.145675482768788,"convex (accelerating) trace"
"2025-05-29-9C_1",2025-05-29,9,"C",-0.554993574873229,"convex (accelerating) trace",-0.00271993096926062,NA
"2025-05-29-10Creal_1",2025-05-29,10,"C",-0.331308227013023,"convex (accelerating) trace",0.0653716623640177,"convex (accelerating) trace"
"2025-05-29-11B_1",2025-05-29,11,"B",-0.110316748408009,NA,0.0479082061269491,"convex (accelerating) trace"
"2025-05-29-11C_1",2025-05-29,11,"C",-0.159988730955084,"convex (accelerating) trace",0.175193900692516,NA
"2025-05-29-12A_1",2025-05-29,12,"A",-0.402160586792016,"convex (accelerating) trace",0.413740253744148,NA
"2025-05-29-13B_1",2025-05-29,13,"B",5.28627814390373,"closure sigma = 0.24 ppb = 1.8x campaign sigma (disturbed closure?)",1.03106485555539,NA
"2025-05-29-15B_1",2025-05-29,15,"B",-0.281317900458311,"convex (accelerating) trace",0.12238903365494,NA
"2025-05-30-1A_1",2025-05-30,1,"A",-0.182447624850196,"convex (accelerating) trace",0.649088725920261,NA
"2025-05-30-1B_1",2025-05-30,1,"B",-0.294344240584727,"convex (accelerating) trace",0.264480538658007,"convex (accelerating) trace"
"2025-05-30-1C_1",2025-05-30,1,"C",-0.372953191306636,NA,0.0640637217171953,"convex (accelerating) trace"
"2025-05-30-2A_1",2025-05-30,2,"A",-0.379356910474605,"convex (accelerating) trace",0.0838080808002938,NA
"2025-05-30-2B_1",2025-05-30,2,"B",-0.410618110219848,"convex (accelerating) trace",0.246592052574068,NA
"2025-05-30-2C_1",2025-05-30,2,"C",-0.390513534180677,"convex (accelerating) trace",0.0577851561063086,NA
"2025-05-30-3B_1",2025-05-30,3,"B",-0.355167147455746,"convex (accelerating) trace",1.19126076840954,NA
"2025-05-30-3C_1",2025-05-30,3,"C",-0.348835566621511,"convex (accelerating) trace",0.089035551769218,NA
"2025-05-30-4A_1",2025-05-30,4,"A",-0.29990271826118,"convex (accelerating) trace",0.0593689068298357,NA
"2025-05-30-4B_1",2025-05-30,4,"B",-0.396286227044815,"convex (accelerating) trace",0.145135692141061,"convex (accelerating) trace"
"2025-05-30-5A_1",2025-05-30,5,"A",-0.600163122353211,"convex (accelerating) trace",0.118312198392779,"convex (accelerating) trace"
"2025-05-30-6A_1",2025-05-30,6,"A",-0.424202933179684,"convex (accelerating) trace",0.247335713730273,NA
"2025-05-30-6C_1",2025-05-30,6,"C",-0.23985230462655,"convex (accelerating) trace",1.21306576534898,NA
"2025-05-30-7A_1",2025-05-30,7,"A",-0.359473895934318,"convex (accelerating) trace",0.304947716575023,NA
"2025-05-30-7C_1",2025-05-30,7,"C",-0.410916287892569,NA,0.113626692540748,"convex (accelerating) trace"
"2025-05-30-8A_1",2025-05-30,8,"A",-0.452808255793722,"convex (accelerating) trace",0.116223045276855,NA
"2025-05-30-8B_1",2025-05-30,8,"B",-0.56695395137652,"convex (accelerating) trace",0.200826313773814,NA
"2025-05-30-8C_1",2025-05-30,8,"C",-0.935124456484813,"convex (accelerating) trace",0.238738655578997,NA
"2025-05-30-9A_1",2025-05-30,9,"A",-0.367891011558444,"convex (accelerating) trace",0.0888812987847731,NA
"2025-05-30-9B_1",2025-05-30,9,"B",-0.4545027800636,"convex (accelerating) trace",0.249993308873491,"convex (accelerating) trace"
"2025-05-30-9C_1",2025-05-30,9,"C",-0.487205697066227,"convex (accelerating) trace",0.229674789305169,NA
"2025-05-30-10A4_1",2025-05-30,10,"A",-0.311299844195076,"convex (accelerating) trace",0.487902273749425,NA
"2025-05-30-10B_1",2025-05-30,10,"B",-0.374211412112496,NA,0.0807872840312427,"convex (accelerating) trace"
"2025-05-30-10C_1",2025-05-30,10,"C",-0.395895118721288,"convex (accelerating) trace",0.152773248529601,NA
"2025-05-30-11A_1",2025-05-30,11,"A",-0.281566068139119,"convex (accelerating) trace",0.261901869975753,NA
"2025-05-30-11B_1",2025-05-30,11,"B",-0.27056965563662,"convex (accelerating) trace",0.293792072237789,NA
"2025-05-30-11C_1",2025-05-30,11,"C",-0.240406207240333,"convex (accelerating) trace",0.484702125677008,NA
"2025-05-30-12B_1",2025-05-30,12,"B",-0.331533834530919,"convex (accelerating) trace",0.656780846671816,"convex (accelerating) trace"
"2025-05-30-12C_1",2025-05-30,12,"C",-0.285226754190706,"convex (accelerating) trace",0.846000075843364,NA
"2025-05-30-13A_1",2025-05-30,13,"A",-0.391745270993178,"convex (accelerating) trace",0.18250324761013,NA
"2025-05-30-13B_1",2025-05-30,13,"B",1.81144876446373,"convex (accelerating) trace",3.63151640216988,NA
"2025-05-30-13B2_1",2025-05-30,13,"B",1.82544905603252,"closure sigma = 0.21 ppb = 1.5x campaign sigma (disturbed closure?)",3.97995198150327,NA
"2025-05-30-14A_1",2025-05-30,14,"A",0.123864759838226,"convex (accelerating) trace",0.126904795472291,NA
"2025-05-30-14B_1",2025-05-30,14,"B",-0.300429681735708,"convex (accelerating) trace",0.0912719765189673,NA
"2025-05-30-14C_1",2025-05-30,14,"C",-0.165670716548503,"convex (accelerating) trace",0.151640109148128,NA
"2025-05-30-15A_1",2025-05-30,15,"A",-0.288358064593639,"convex (accelerating) trace",0.145220038170672,NA
"2025-05-30-15B_1",2025-05-30,15,"B",-0.324002335995525,"convex (accelerating) trace",0.123302115223708,"convex (accelerating) trace"
"2025-05-30-15C_1",2025-05-30,15,"C",-0.360787578559237,"convex (accelerating) trace",0.278055422163306,"convex (accelerating) trace"
"2025-06-03-1A_1",2025-06-03,1,"A",-0.157262307952856,"convex (accelerating) trace",0.348115617643673,NA
"2025-06-03-2A_1",2025-06-03,2,"A",-0.302069414648808,"convex (accelerating) trace",0.259798280951063,NA
"2025-06-03-2B_1",2025-06-03,2,"B",-0.38363462916074,"convex (accelerating) trace",0.247815062187191,NA
"2025-06-03-2C_1",2025-06-03,2,"C",-0.236351366937707,"convex (accelerating) trace",0.131799921692028,NA
"2025-06-03-3A_1",2025-06-03,3,"A",-0.153415787446563,"convex (accelerating) trace",0.310206298424265,NA
"2025-06-03-3B_1",2025-06-03,3,"B",-0.0798411125624891,"convex (accelerating) trace",0.553275495296845,NA
"2025-06-03-3C_1",2025-06-03,3,"C",-0.247150018320045,"convex (accelerating) trace",0.192541291999515,NA
"2025-06-03-4A_1",2025-06-03,4,"A",-0.225896691971297,"convex (accelerating) trace",0.141726271987335,NA
"2025-06-03-4B_1",2025-06-03,4,"B",-0.322284003568671,"convex (accelerating) trace",0.120805320219874,NA
"2025-06-03-4C_1",2025-06-03,4,"C",-0.270122354010619,"convex (accelerating) trace",0.183323661918499,NA
"2025-06-03-5A_1",2025-06-03,5,"A",-0.305417815543016,"convex (accelerating) trace",0.339522700314976,NA
"2025-06-03-5B_1",2025-06-03,5,"B",-0.385573036863733,"convex (accelerating) trace",0.172208474072807,NA
"2025-06-03-5C_1",2025-06-03,5,"C",-0.402134810311234,"convex (accelerating) trace",0.144754352895723,NA
"2025-06-03-6B_1",2025-06-03,6,"B",-0.18733185131443,"convex (accelerating) trace",0.504828486243624,NA
"2025-06-03-6C_1",2025-06-03,6,"C",-0.25262885516418,"convex (accelerating) trace",0.662705251160557,NA
"2025-06-03-7A_1",2025-06-03,7,"A",-0.26812411047072,"convex (accelerating) trace",0.488393887375419,NA
"2025-06-03-7B_1",2025-06-03,7,"B",-0.385479751015697,"convex (accelerating) trace",0.453218996185338,NA
"2025-06-03-8A_1",2025-06-03,8,"A",-0.275625704524326,"convex (accelerating) trace",0.130977532914778,NA
"2025-06-03-8B_1",2025-06-03,8,"B",-0.276293037330813,"convex (accelerating) trace",0.178631078841418,NA
"2025-06-03-8C_1",2025-06-03,8,"C",-0.523334506764544,"convex (accelerating) trace",0.498189473592773,NA
"2025-06-03-9B_1",2025-06-03,9,"B",-0.209592707366762,"convex (accelerating) trace",0.268994078291968,NA
"2025-06-03-9C_1",2025-06-03,9,"C",-0.284962037959621,"convex (accelerating) trace",0.582917086067805,NA
"2025-06-03-10A_1",2025-06-03,10,"A",-0.176347756343662,"convex (accelerating) trace",0.42460812199321,NA
"2025-06-03-10B_1",2025-06-03,10,"B",-0.173067981846793,"convex (accelerating) trace",0.0751414047177621,"convex (accelerating) trace"
"2025-06-03-10C_1",2025-06-03,10,"C",-0.169062474461816,"convex (accelerating) trace",0.375990600308448,NA
"2025-06-03-11A2_1",2025-06-03,11,"A",-0.178634737755108,"convex (accelerating) trace",0.207735594707652,NA
"2025-06-03-11B_1",2025-06-03,11,"B",-0.210140087688087,"convex (accelerating) trace",0.21293416551735,NA
"2025-06-03-11C_1",2025-06-03,11,"C",-0.112289892249347,"convex (accelerating) trace",0.268978801715782,NA
"2025-06-03-12A_1",2025-06-03,12,"A",-0.21125054383512,"convex (accelerating) trace",0.253243664147407,"convex (accelerating) trace"
"2025-06-03-13A_1",2025-06-03,13,"A",-0.229944049292007,"convex (accelerating) trace",0.351860201763959,NA
"2025-06-03-14A_1",2025-06-03,14,"A",0.318596229884831,"closure sigma = 0.21 ppb = 1.5x campaign sigma (disturbed closure?)",0.183948373888262,NA
"2025-06-03-14C_1",2025-06-03,14,"C",-0.086241434163026,"convex (accelerating) trace",0.156450674663383,"convex (accelerating) trace"
"2025-06-03-15B2_1",2025-06-03,15,"B",-0.210318059987751,"convex (accelerating) trace",0.188979000120342,NA
"2025-06-03-15C_1",2025-06-03,15,"C",-0.167364153459826,"convex (accelerating) trace",0.24362430735575,NA
"2025-06-19_1A_1",2025-06-19,1,"A",-0.199395949618315,"convex (accelerating) trace",-0.081145808713071,NA
"2025-06-19_1B_1",2025-06-19,1,"B",-0.237346629132026,"convex (accelerating) trace",0.359543084311982,NA
"2025-06-19_2A2_1",2025-06-19,2,"A",-0.17251332051071,"convex (accelerating) trace",0.197349276808635,NA
"2025-06-19_2C_1",2025-06-19,2,"C",-0.178967285890772,"convex (accelerating) trace",0.195020421648249,NA
"2025-06-19_3A_1",2025-06-19,3,"A",-0.0744753674792726,"convex (accelerating) trace",0.228963913739121,NA
"2025-06-19_3C_1",2025-06-19,3,"C",-0.161748847243245,"convex (accelerating) trace",0.237344958532696,NA
"2025-06-19_5A_1",2025-06-19,5,"A",-0.35172179789228,"convex (accelerating) trace",0.16800256268299,NA
"2025-06-19_5B_1",2025-06-19,5,"B",-0.354389223464647,"convex (accelerating) trace",0.172108540283446,NA
"2025-06-19_6A_1",2025-06-19,6,"A",-0.29764175366069,"convex (accelerating) trace",0.38005600461137,NA
"2025-06-19_6C_1",2025-06-19,6,"C",-0.381087254449554,"convex (accelerating) trace",0.696088126860974,NA
"2025-06-19_7B_1",2025-06-19,7,"B",-0.238191827614801,"convex (accelerating) trace",0.854037284183161,NA
"2025-06-19_8A_1",2025-06-19,8,"A",-0.208387517849886,"convex (accelerating) trace",0.161822391966763,NA
"2025-06-19_8B_1",2025-06-19,8,"B",-0.184947448373526,"convex (accelerating) trace",0.111016513926576,NA
"2025-06-19_8C_1",2025-06-19,8,"C",-0.515159848100485,NA,0.222685815697442,"convex (accelerating) trace"
"2025-06-19_9A_1",2025-06-19,9,"A",-0.129765226695265,"convex (accelerating) trace",0.184628303911592,"convex (accelerating) trace"
"2025-06-19_10A_1",2025-06-19,10,"A",-0.130971148949164,"convex (accelerating) trace",0.655612979663583,NA
"2025-06-19_10C_1",2025-06-19,10,"C",-0.141508208339412,"convex (accelerating) trace",0.36622125737425,NA
"2025-06-19_11A_1",2025-06-19,11,"A",-0.202135800695904,"convex (accelerating) trace",0.286736920290914,"closure sigma = 1.82 ppb = 1.9x campaign sigma (disturbed closure?)"
"2025-06-19_11B_1",2025-06-19,11,"B",-0.146098694791678,"convex (accelerating) trace",0.150994739820655,NA
"2025-06-19_12B_1",2025-06-19,12,"B",-0.214372647600323,"convex (accelerating) trace",0.547166701112521,NA
"2025-06-19_13A_1",2025-06-19,13,"A",-0.217993945839777,"convex (accelerating) trace",0.489552242888269,NA
"2025-06-19_14B_1",2025-06-19,14,"B",-0.17404132952833,"convex (accelerating) trace",0.294936719068987,NA
"2025-07-09_1C_1",2025-07-09,1,"C",-0.612894260226404,"convex (accelerating) trace",0.0985217417357544,NA
"2025-07-09_2A_1",2025-07-09,2,"A",-0.713505058488388,"convex (accelerating) trace",0.0226112879523018,NA
"2025-07-09_2C_1",2025-07-09,2,"C",-0.60262664905612,"convex (accelerating) trace",0.14174108893339,"convex (accelerating) trace"
"2025-07-09_3B_1",2025-07-09,3,"B",-0.712504026297857,"convex (accelerating) trace",2.53482816779683,NA
"2025-07-09_3C_1",2025-07-09,3,"C",-0.739447219083376,"convex (accelerating) trace",0.24430038142424,"convex (accelerating) trace"
"2025-07-09_4C_1",2025-07-09,4,"C",-0.562030834405526,"convex (accelerating) trace",0.0670860488657611,NA
"2025-07-09_5C_1",2025-07-09,5,"C",-0.727699531854328,"convex (accelerating) trace",0.0681601454317807,NA
"2025-07-09_6B_1",2025-07-09,6,"B",-0.741364191395176,"convex (accelerating) trace",0.133617893505108,NA
"2025-07-09_6C_1",2025-07-09,6,"C",-0.685913073696099,"convex (accelerating) trace",0.202061506183435,NA
"2025-07-09_7B_1",2025-07-09,7,"B",-0.616017881324416,"convex (accelerating) trace",0.179808393129454,NA
"2025-07-09_7C_1",2025-07-09,7,"C",-0.555538584690119,"convex (accelerating) trace",0.144624756970124,NA
"2025-07-09_8A_1",2025-07-09,8,"A",-0.706797624937925,"convex (accelerating) trace",-0.0272871727667671,NA
"2025-07-09_8B2_1",2025-07-09,8,"B",-0.64707438770591,"convex (accelerating) trace",0.136412859135344,NA
"2025-07-09_9B_1",2025-07-09,9,"B",-0.590355785816734,"convex (accelerating) trace",0.254200405885502,NA
"2025-07-09_9C_1",2025-07-09,9,"C",-0.718192426943874,"convex (accelerating) trace",0.187500249236002,"convex (accelerating) trace"
"2025-07-09_10B_1",2025-07-09,10,"B",-0.595755259194208,"convex (accelerating) trace",0.0140263106559606,NA
"2025-07-09_10C_1",2025-07-09,10,"C",-0.450134947452041,"convex (accelerating) trace",0.156772598334803,NA
"2025-07-09_11A_1",2025-07-09,11,"A",-0.484983256673011,"convex (accelerating) trace",-0.00666655294815665,"convex (accelerating) trace"
"2025-07-09_12C_1",2025-07-09,12,"C",-0.451537605884186,"convex (accelerating) trace",-0.0700983759386681,NA
"2025-07-09_13A_1",2025-07-09,13,"A",-0.618927153703357,"convex (accelerating) trace",0.0691549157503084,NA
"2025-07-09_13B_1",2025-07-09,13,"B",-0.583350762617276,"convex (accelerating) trace",0.62475743848754,NA
"2025-07-09_13C_1",2025-07-09,13,"C",-0.564219761978431,"closure sigma = 0.21 ppb = 1.5x campaign sigma (disturbed closure?)",0.149647292952762,"convex (accelerating) trace"
"2025-07-09_14A_1",2025-07-09,14,"A",-0.40487580626802,"convex (accelerating) trace",-0.0367384211607939,NA
"2025-07-09_14B_1",2025-07-09,14,"B",-0.497656812743725,"convex (accelerating) trace",0.0533256530264534,NA
"2025-07-09_14C_1",2025-07-09,14,"C",-0.29353012168424,"convex (accelerating) trace",0.0431319353579317,NA
"2025-07-09_15A_1",2025-07-09,15,"A",-0.484960375164056,"convex (accelerating) trace",0.153106532579624,NA
"2025-07-09_15B_1",2025-07-09,15,"B",-0.513396212342676,"convex (accelerating) trace",0.102863983813172,"convex (accelerating) trace"
"2025-07-09_15C_1",2025-07-09,15,"C",-0.570177225376699,"convex (accelerating) trace",0.141053099276109,NA
"2025-07-23_1A_1",2025-07-23,1,"A",-0.498132902552055,"convex (accelerating) trace",0.139814676671746,NA
"2025-07-23_1B_1",2025-07-23,1,"B",-0.57078905956396,"convex (accelerating) trace",0.074580017064846,NA
"2025-07-23_2B_1",2025-07-23,2,"B",-0.809020730658045,"convex (accelerating) trace",0.0812159229460822,NA
"2025-07-23_2C_1",2025-07-23,2,"C",-0.681727875224518,"convex (accelerating) trace",0.0830655826751388,NA
"2025-07-23_4A_1",2025-07-23,4,"A",-0.55458463160973,"convex (accelerating) trace",0.107353042879182,NA
"2025-07-23_4B_1",2025-07-23,4,"B",-0.786520626802186,"convex (accelerating) trace",0.0670984691459009,NA
"2025-07-23_5B_1",2025-07-23,5,"B",-0.696082452499601,"convex (accelerating) trace",0.00304108774281723,"convex (accelerating) trace"
"2025-07-23_5C_1",2025-07-23,5,"C",-0.716903925752452,"convex (accelerating) trace",0.0882692372544946,NA
"2025-07-23_6A_1",2025-07-23,6,"A",-0.83080548828764,"convex (accelerating) trace",0.150205299917572,NA
"2025-07-23_6B_1",2025-07-23,6,"B",-0.715929872192462,"convex (accelerating) trace",0.0864912076970536,"convex (accelerating) trace"
"2025-07-23_7B_1",2025-07-23,7,"B",-0.66790583187148,"convex (accelerating) trace",0.0273126977215954,NA
"2025-07-23_7C_1",2025-07-23,7,"C",-0.613124424607354,"convex (accelerating) trace",0.079704523363431,NA
"2025-07-23_8A_1",2025-07-23,8,"A",-0.779571541077719,NA,-0.00625472427061925,"convex (accelerating) trace"
"2025-07-23_8C_1",2025-07-23,8,"C",-1.01562266507215,NA,0.165450122985616,"convex (accelerating) trace"
"2025-07-23_9A_1",2025-07-23,9,"A",-0.615354437509604,"convex (accelerating) trace",0.0611533128673069,NA
"2025-07-23_9C2_1",2025-07-23,9,"C",-0.801467608881594,"convex (accelerating) trace",0.0916378755200814,NA
"2025-07-23_10B_1",2025-07-23,10,"B",-0.538143673721571,"convex (accelerating) trace",0.0778187435369789,NA
"2025-07-23_10C_1",2025-07-23,10,"C",-0.486137916439144,"convex (accelerating) trace",0.229925739571087,NA
"2025-07-23_12A_1",2025-07-23,12,"A",-0.675242829351256,"convex (accelerating) trace",0.0945600353183529,"convex (accelerating) trace"
"2025-07-23_12C_1",2025-07-23,12,"C",-0.635271074985103,"convex (accelerating) trace",0.177392030128928,NA
"2025-07-23_14A_1",2025-07-23,14,"A",-0.489236841320147,"convex (accelerating) trace",0.0721771230698346,NA
"2025-07-23_14C_1",2025-07-23,14,"C",-0.283840324401738,NA,0.144695475830432,"convex (accelerating) trace"
"2025-07-23_15A_1",2025-07-23,15,"A",-0.534670878764803,"convex (accelerating) trace",0.199154477566518,NA
"2025-07-23_15B_1",2025-07-23,15,"B",-0.567978197451378,"convex (accelerating) trace",0.295274779351668,NA
"2025-08-22_1B_1",2025-08-22,1,"B",-0.399603366460454,"convex (accelerating) trace",0.0671825627425637,NA
"2025-08-22_2A_1",2025-08-22,2,"A",-0.442102422289625,"convex (accelerating) trace",0.24654349204754,"convex (accelerating) trace"
"2025-08-22_2B_1",2025-08-22,2,"B",-0.55043684094025,"convex (accelerating) trace",0.108303486522087,NA
"2025-08-22_3A_1",2025-08-22,3,"A",-0.602714628463209,NA,1.62761064702547,"closure sigma = 1.64 ppb = 1.6x campaign sigma (disturbed closure?)"
"2025-08-22_3B_1",2025-08-22,3,"B",-0.530770326936042,"convex (accelerating) trace",1.91488188620934,NA
"2025-08-22_3C_1",2025-08-22,3,"C",-0.428680089167569,"convex (accelerating) trace",0.72686603424468,NA
"2025-08-22_4B_1",2025-08-22,4,"B",-0.491618787053817,"convex (accelerating) trace",0.0412960804781751,NA
"2025-08-22_4C_1",2025-08-22,4,"C",-0.391113747499669,"convex (accelerating) trace",0.0560635809793245,NA
"2025-08-22_5B_1",2025-08-22,5,"B",-0.607613344577461,"convex (accelerating) trace",0.114057630840653,NA
"2025-08-22_5C_1",2025-08-22,5,"C",-0.635531820278983,NA,-0.00660733012431057,"convex (accelerating) trace"
"2025-08-22_6C_1",2025-08-22,6,"C",-0.41990286779026,"convex (accelerating) trace",0.261532501825748,NA
"2025-08-22_7C_1",2025-08-22,7,"C",-0.415899758776892,"convex (accelerating) trace",0.142227256025286,NA
"2025-08-22_8A_1",2025-08-22,8,"A",-0.605985998789364,"convex (accelerating) trace",0.0865307749609719,NA
"2025-08-22_8B_1",2025-08-22,8,"B",-0.560401215488951,"convex (accelerating) trace",0.100179209881387,NA
"2025-08-22_8C_1",2025-08-22,8,"C",-0.716633574553594,"convex (accelerating) trace",0.168198390459473,NA
"2025-08-22_9A_1",2025-08-22,9,"A",-0.528472837605443,"convex (accelerating) trace",0.307377221256834,NA
"2025-08-22_9B_1",2025-08-22,9,"B",-0.612266689716758,"convex (accelerating) trace",1.27375074646289,NA
"2025-08-22_9C_1",2025-08-22,9,"C",-0.60579546485244,"convex (accelerating) trace",0.533825388357828,"convex (accelerating) trace"
"2025-08-22_10B_1",2025-08-22,10,"B",-0.396173826326642,"convex (accelerating) trace",-0.0684272501583106,NA
"2025-08-22_11C_1",2025-08-22,11,"C",-0.343536377355582,NA,0.088184791433088,"convex (accelerating) trace"
"2025-08-22_12B_1",2025-08-22,12,"B",-0.588685564823361,"convex (accelerating) trace",0.159352937903986,NA
"2025-08-22_12C_1",2025-08-22,12,"C",-0.436630033816639,"convex (accelerating) trace",0.178344216453616,NA
"2025-08-22_14C_1",2025-08-22,14,"C",-0.218998513389733,"convex (accelerating) trace",0.122650676278905,NA
"2025-08-22_15B_1",2025-08-22,15,"B",-0.505527380681011,"convex (accelerating) trace",0.128890969640996,NA
"2025-08-22_15C_1",2025-08-22,15,"C",-0.428922232522806,"convex (accelerating) trace",-0.0303989394116964,NA
"2025-09-10_1B_1",2025-09-10,1,"B",-0.473854656022929,"convex (accelerating) trace",0.0579313615488877,NA
"2025-09-10_3A_1",2025-09-10,3,"A",-0.59097168431329,"convex (accelerating) trace",0.12094484952063,NA
"2025-09-10_3B_1",2025-09-10,3,"B",-0.523754039799116,"convex (accelerating) trace",0.0215803563675727,NA
"2025-09-10_3C_1",2025-09-10,3,"C",-0.433943890494264,"convex (accelerating) trace",0.0382439353462328,NA
"2025-09-10_4A_1",2025-09-10,4,"A",-0.426434991606374,"convex (accelerating) trace",0.0327345742997349,NA
"2025-09-10_4B_1",2025-09-10,4,"B",-0.554166375283853,"convex (accelerating) trace",0.161445187032062,NA
"2025-09-10_5A_1",2025-09-10,5,"A",-0.579929764086585,"convex (accelerating) trace",0.0519068479432753,NA
"2025-09-10_6A_1",2025-09-10,6,"A",-0.614233692785814,"convex (accelerating) trace",0.0988344026461498,"convex (accelerating) trace"
"2025-09-10_6C_1",2025-09-10,6,"C",-0.522466984958386,"convex (accelerating) trace",0.237414300419945,NA
"2025-09-10_7C_1",2025-09-10,7,"C",-0.342724391522543,"convex (accelerating) trace",0.163709702564409,NA
"2025-09-11_8A_4_1",2025-09-10,8,"A",-0.592980090719217,NA,0.108099100031219,"convex (accelerating) trace"
"2025-09-11_9C_1",2025-09-10,9,"C",-0.579673581455172,NA,0.119283176698066,"convex (accelerating) trace"
"2025-09-11_10A_1",2025-09-10,10,"A",-0.357929602365488,"convex (accelerating) trace",0.055345513223519,NA
"2025-09-11_10B_1",2025-09-10,10,"B",-0.475606955451645,"convex (accelerating) trace",0.0250293396219705,NA
"2025-09-11_10C_1",2025-09-10,10,"C",-0.351317400894117,NA,0.0608502277746331,"convex (accelerating) trace"
"2025-09-11_11A_1",2025-09-10,11,"A",-0.463066383225505,"convex (accelerating) trace",-0.00358898211182302,NA
"2025-09-11_12A_1",2025-09-10,12,"A",-0.390650565963973,NA,0.0291450302294398,"convex (accelerating) trace"
"2025-09-11_12B_1",2025-09-10,12,"B",-0.563984042886297,NA,0.0997563929906333,"convex (accelerating) trace"
"2025-09-11_12C_1",2025-09-10,12,"C",-0.347585850138218,"convex (accelerating) trace",0.0521626525215449,NA
"2025-09-11_13A_1",2025-09-10,13,"A",-0.07545834034104,"convex (accelerating) trace",0.002548442276461,NA
"2025-09-11_13B_1",2025-09-10,13,"B",-0.447584571662478,NA,-0.038103259763981,"convex (accelerating) trace"
"2025-09-11_14A_1",2025-09-10,14,"A",-0.262396925373415,"convex (accelerating) trace",0.106808677699034,NA
"2025-09-11_14C_1",2025-09-10,14,"C",-0.159944315940999,"convex (accelerating) trace",0.0221134731394136,NA
"2025-09-11_15A_1",2025-09-10,15,"A",-0.43893617822238,"convex (accelerating) trace",0.118564688321999,NA
"2025-09-11_15B_1",2025-09-10,15,"B",-0.52795460320578,"convex (accelerating) trace",0.129445127018421,"convex (accelerating) trace"
"2025-09-30_2A_1",2025-09-30,2,"A",-0.396860773237598,"convex (accelerating) trace",-0.0442557698961018,NA
"2025-09-30_2B_1",2025-09-30,2,"B",-0.536254711182649,"convex (accelerating) trace",0.20082313910499,NA
"2025-09-30_3A_1",2025-09-30,3,"A",-0.465008729561719,"convex (accelerating) trace",0.157679116951152,NA
"2025-09-30_4A_1",2025-09-30,4,"A",-0.360741716510296,"convex (accelerating) trace",0.0246225569309657,NA
"2025-09-30_4B_1",2025-09-30,4,"B",-0.433819160866296,"convex (accelerating) trace",0.190123204790299,NA
"2025-09-30_5B_1",2025-09-30,5,"B",-0.494256051181574,"convex (accelerating) trace",0.124226772112285,NA
"2025-09-30_6A_1",2025-09-30,6,"A",-0.519603231390098,"convex (accelerating) trace",0.0696834969164806,NA
"2025-09-30_7A_1",2025-09-30,7,"A",-0.385809088923159,"convex (accelerating) trace",0.149780647130397,NA
"2025-09-30_7B_1",2025-09-30,7,"B",-0.475671895342992,"convex (accelerating) trace",0.248845281974748,NA
"2025-09-30_8A_1",2025-09-30,8,"A",-0.430703371216925,"convex (accelerating) trace",0.0656676868484891,NA
"2025-09-30_8B_1",2025-09-30,8,"B",-0.929484985716129,"convex (accelerating) trace",0.227192353576395,NA
"2025-09-30_9C_1",2025-09-30,9,"C",-0.383326104313806,"convex (accelerating) trace",0.175208034137352,NA
"2025-09-30_11B_1",2025-09-30,11,"B",-0.256533249341206,"convex (accelerating) trace",-0.0316662688792879,NA
"2025-09-30_11C_1",2025-09-30,11,"C",-0.186499895696903,"convex (accelerating) trace",-0.00236645300214116,NA
"2025-09-30_12A_1",2025-09-30,12,"A",-0.376163255550452,"convex (accelerating) trace",0.139323007264881,NA
"2025-09-30_12B_1",2025-09-30,12,"B",-0.512589106474856,"convex (accelerating) trace",0.146370627988616,NA
"2025-09-30_14A_1",2025-09-30,14,"A",-0.297563837120081,"convex (accelerating) trace",-0.0123213406002859,"convex (accelerating) trace"
"2025-09-30_14B_1",2025-09-30,14,"B",-0.523613868593056,"convex (accelerating) trace",0.240111320345959,NA
"2025-09-30_14C_1",2025-09-30,14,"C",-0.22378797790388,"convex (accelerating) trace",0.150476121719524,NA
"2025-09-30_15A_1",2025-09-30,15,"A",-0.285340526294838,"convex (accelerating) trace",0.102362098039834,"convex (accelerating) trace"
"2025-09-30_15C_1",2025-09-30,15,"C",-0.374373894312382,NA,0.241383207135878,"convex (accelerating) trace"
"2025-10-14_1A_1",2025-10-14,1,"A",-0.229495194888452,"convex (accelerating) trace",0.0806494980459471,NA
"2025-10-14_5C_1",2025-10-14,5,"C",-0.284314174670177,NA,0.0616365718492632,"convex (accelerating) trace"
"2025-10-14_6C_1",2025-10-14,6,"C",-0.227597020685448,"convex (accelerating) trace",-0.201493709599997,"convex (accelerating) trace"
"2025-10-15_8A_1",2025-10-14,8,"A",-0.288779639304227,"convex (accelerating) trace",-0.00222708308150818,NA
"2025-10-15_8B_1",2025-10-14,8,"B",-0.348257919797674,"convex (accelerating) trace",0.0434741929332728,NA
"2025-10-15_8C_1",2025-10-14,8,"C",-0.388237693912315,"convex (accelerating) trace",0.041144248373748,NA
"2025-10-15_14B_1",2025-10-14,14,"B",-0.264803235392866,NA,0.135129894186122,"convex (accelerating) trace"
"2025-10-15_15A_1",2025-10-14,15,"A",-0.587156605889056,"convex (accelerating) trace",0.176479176340122,NA
"2025-10-15_15C_1",2025-10-14,15,"C",-0.289723070233821,NA,0.0684865649505098,"convex (accelerating) trace"
