"date_name","plot","collar","chamID","start.time","remark","repeat_rule"
2025-05-06,6,"A","2025-05-06-6A_1",2025-05-06 12:34:44,"","repeat: superseded"
2025-05-06,6,"A","2025-05-06-6Aredo_1",2025-05-06 12:39:00,"","repeat: last kept"
2025-05-06,7,"B","2025-05-06-7B_1",2025-05-06 12:55:17,"","repeat: superseded"
2025-05-06,7,"B","2025-05-06-7Bredo_1",2025-05-06 12:59:04,"","repeat: last kept"
2025-05-06,11,"B","2025-05-06-11B_1",2025-05-06 14:02:01,"","repeat: superseded"
2025-05-06,11,"B","2025-05-06-11B-actualB_1",2025-05-06 14:12:13,"","repeat: last kept"
2025-05-27,13,"A","2025-05-27-13A_1",2025-05-27 10:51:59,"","repeat: superseded"
2025-05-27,13,"A","2025-05-27-13A2_1",2025-05-27 11:10:26,"","repeat: last kept"
2025-05-27,13,"B","2025-05-27-13B_1",2025-05-27 10:58:23,"","repeat: superseded"
2025-05-27,13,"B","2025-05-27-13B2REAL_1",2025-05-27 11:13:43,"","repeat: last kept"
2025-05-29,10,"C","2025-05-29-10C_1",2025-05-29 11:19:47,"","repeat: superseded"
2025-05-29,10,"C","2025-05-29-10Creal_1",2025-05-29 11:23:34,"","repeat: last kept"
2025-05-30,13,"B","2025-05-30-13B_1",2025-05-30 15:14:34,"","confirmation: averaged"
2025-05-30,13,"B","2025-05-30-13B2_1",2025-05-30 15:22:34,"SECOND MEASUREMENT TO CONFIRM POSITIVE METHANE FLUX","confirmation: averaged"
2025-07-23,8,"B","2025-07-23_8B_1",2025-07-23 13:44:48,"","repeat: superseded"
2025-07-23,8,"B","2025-07-23_8B2_1",2025-07-23 13:51:39,"","repeat: last kept"
2025-08-22,1,"A","2025-08-22_1A_1",2025-08-22 14:25:45,"","repeat: superseded"
2025-08-22,1,"A","2025-08-22_1A2_1",2025-08-22 14:29:05,"","repeat: last kept"
2025-09-11,8,"A","2025-09-11_8A_1",2025-09-11 11:05:51,"","repeat: superseded"
2025-09-11,8,"A","2025-09-11_8A_4_1",2025-09-11 11:22:21,"","repeat: last kept"
2025-09-11,8,"B","2025-09-11_8B_1",2025-09-11 11:09:01,"","repeat: superseded"
2025-09-11,8,"B","2025-09-11_8B_3_1",2025-09-11 11:17:16,"","repeat: last kept"
2025-09-11,13,"C","2025-09-11_13C_1",2025-09-11 12:10:19,"","repeat: superseded"
2025-09-11,13,"C","2025-09-11_13C_1_1",2025-09-11 12:20:50,"","repeat: last kept"
